{
"type": "FeatureCollection",
"name": "sichuan",
"crs": { "type": "name", "properties": { "name": "urn:ogc:def:crs:OGC:1.3:CRS84" } },
"features": [
{ "type": "Feature", "properties": { "Name": null, "description": null, "timestamp": null, "begin": null, "end": null, "altitudeMode": null, "tessellate": -1, "extrude": 0, "visibility": -1, "drawOrder": null, "icon": null, "SmUserID": 0, "省": "四川省", "省级码": 510000, "省类型": "省", "ENG_NAME": "Sichuan", "VAR_NAME": "Sì Chuān", "FIRST_GID": 510000, "FIRST_TYPE": "Province", "year": 2023 }, "geometry": { "type": "MultiPolygon", "coordinates": [ [ [ [ 102.9584042, 34.2799598 ], [ 102.9583828, 34.2801782 ], [ 102.9552798, 34.2823537 ], [ 102.9540893, 34.2831884 ], [ 102.9496347, 34.2847843 ], [ 102.9488788, 34.285769 ], [ 102.9490138, 34.287141 ], [ 102.9491064, 34.2880817 ], [ 102.9500661, 34.2906423 ], [ 102.9516133, 34.2923881 ], [ 102.9541197, 34.2937988 ], [ 102.9555039, 34.2945778 ], [ 102.9569004, 34.2953637 ], [ 102.9568769, 34.296444 ], [ 102.9565138, 34.2965805 ], [ 102.9467032, 34.3002668 ], [ 102.9459598, 34.3005461 ], [ 102.9384234, 34.3033771 ], [ 102.9374323, 34.3035265 ], [ 102.934865, 34.3039135 ], [ 102.9225042, 34.3087835 ], [ 102.9196769, 34.3099385 ], [ 102.9161878, 34.3122246 ], [ 102.9157278, 34.3128865 ], [ 102.9120736, 34.3143389 ], [ 102.9097503, 34.3149222 ], [ 102.9097502, 34.3149222 ], [ 102.9084897, 34.3152387 ], [ 102.8788787, 34.3146256 ], [ 102.8714291, 34.3123138 ], [ 102.8587765, 34.3057898 ], [ 102.8581476, 34.303935 ], [ 102.8575463, 34.3021616 ], [ 102.8578912, 34.3006199 ], [ 102.859733, 34.2991297 ], [ 102.8613859, 34.2983454 ], [ 102.8634465, 34.2973676 ], [ 102.8633707, 34.2963629 ], [ 102.8625484, 34.2854599 ], [ 102.8615439, 34.2847443 ], [ 102.8601051, 34.2837192 ], [ 102.8571328, 34.2816016 ], [ 102.8566772, 34.2810331 ], [ 102.8541357, 34.2778615 ], [ 102.8538729, 34.2775334 ], [ 102.8537939, 34.2764542 ], [ 102.8545391, 34.2731413 ], [ 102.8541524, 34.2723964 ], [ 102.84144, 34.2717779 ], [ 102.8388041, 34.2716495 ], [ 102.8376073, 34.2721911 ], [ 102.8360672, 34.2728882 ], [ 102.8351217, 34.2733161 ], [ 102.8310086, 34.2759998 ], [ 102.8287927, 34.2769147 ], [ 102.8276438, 34.2768944 ], [ 102.8255142, 34.275284 ], [ 102.8239976, 34.2745957 ], [ 102.8212198, 34.2744771 ], [ 102.8186727, 34.274744 ], [ 102.8186726, 34.274744 ], [ 102.8115205, 34.2754932 ], [ 102.8003567, 34.2752235 ], [ 102.7995126, 34.2749433 ], [ 102.7958905, 34.2747565 ], [ 102.7938811, 34.2758716 ], [ 102.7929423, 34.2770992 ], [ 102.7927881, 34.2715283 ], [ 102.7922481, 34.2689021 ], [ 102.791552, 34.2667898 ], [ 102.7893204, 34.2630427 ], [ 102.7874824, 34.2608782 ], [ 102.7846655, 34.259636 ], [ 102.7817118, 34.2597652 ], [ 102.7813823, 34.2591954 ], [ 102.7813152, 34.2590794 ], [ 102.78059, 34.2558223 ], [ 102.7806348, 34.2546912 ], [ 102.7806348, 34.2546911 ], [ 102.7806918, 34.2532497 ], [ 102.7810413, 34.2523897 ], [ 102.7819617, 34.2501245 ], [ 102.7821219, 34.2497304 ], [ 102.7821582, 34.2486559 ], [ 102.7821988, 34.2474568 ], [ 102.7822036, 34.2473127 ], [ 102.7820317, 34.2470669 ], [ 102.7766942, 34.2394378 ], [ 102.7699701, 34.2386639 ], [ 102.7693332, 34.2386776 ], [ 102.7565279, 34.2389519 ], [ 102.7453238, 34.2388437 ], [ 102.7433274, 34.2379587 ], [ 102.7399494, 34.2364612 ], [ 102.7368762, 34.2359985 ], [ 102.7350122, 34.2360149 ], [ 102.7327356, 34.2366071 ], [ 102.7289985, 34.238638 ], [ 102.728342, 34.2385894 ], [ 102.7260945, 34.2370424 ], [ 102.7253869, 34.2360904 ], [ 102.7232811, 34.2289338 ], [ 102.7228121, 34.2273398 ], [ 102.7199632, 34.2265389 ], [ 102.7181737, 34.2260357 ], [ 102.7154917, 34.22355 ], [ 102.7129783, 34.2204838 ], [ 102.7109162, 34.21569 ], [ 102.7105358, 34.2148055 ], [ 102.7098995, 34.214616 ], [ 102.7067374, 34.2152166 ], [ 102.7057292, 34.2149961 ], [ 102.7022456, 34.2142338 ], [ 102.6959591, 34.212858 ], [ 102.6957252, 34.2113542 ], [ 102.6948735, 34.2058776 ], [ 102.6948485, 34.1998209 ], [ 102.6920267, 34.2002753 ], [ 102.6831805, 34.1988145 ], [ 102.6807744, 34.1963586 ], [ 102.6791936, 34.1957055 ], [ 102.6709922, 34.1923166 ], [ 102.6697084, 34.1923684 ], [ 102.6674092, 34.1935025 ], [ 102.6647555, 34.1948114 ], [ 102.6640999, 34.1946466 ], [ 102.6582057, 34.1931642 ], [ 102.657287, 34.1921571 ], [ 102.6566525, 34.1897092 ], [ 102.6566181, 34.1889574 ], [ 102.6565004, 34.1863825 ], [ 102.6561312, 34.1851144 ], [ 102.655995, 34.1846464 ], [ 102.6557236, 34.1842906 ], [ 102.655447, 34.1839281 ], [ 102.6545679, 34.1834024 ], [ 102.6518613, 34.1830207 ], [ 102.6510033, 34.1831312 ], [ 102.6482531, 34.1843217 ], [ 102.647432, 34.1842045 ], [ 102.6457024, 34.1827251 ], [ 102.6449737, 34.181194 ], [ 102.6439718, 34.179089 ], [ 102.643995, 34.1782521 ], [ 102.6454675, 34.1747028 ], [ 102.6461724, 34.1736391 ], [ 102.6474431, 34.1717214 ], [ 102.6479976, 34.1704381 ], [ 102.6479976, 34.1704381 ], [ 102.6483239, 34.1696831 ], [ 102.6483032, 34.1693275 ], [ 102.6482619, 34.1686163 ], [ 102.6471995, 34.1673019 ], [ 102.646771, 34.1673444 ], [ 102.6418574, 34.1695082 ], [ 102.6393662, 34.1710221 ], [ 102.6382554, 34.1716971 ], [ 102.6356145, 34.1725083 ], [ 102.6335137, 34.1731535 ], [ 102.6318916, 34.1722088 ], [ 102.6304618, 34.1706413 ], [ 102.6298184, 34.169936 ], [ 102.6292352, 34.1678695 ], [ 102.6291583, 34.1650056 ], [ 102.62442, 34.1623464 ], [ 102.6235733, 34.1620273 ], [ 102.6226724, 34.1623428 ], [ 102.6203555, 34.1638112 ], [ 102.6198557, 34.1647549 ], [ 102.6191714, 34.1651351 ], [ 102.616852, 34.1653927 ], [ 102.6151958, 34.1653756 ], [ 102.6135883, 34.1649206 ], [ 102.6129155, 34.1642047 ], [ 102.6125454, 34.1638108 ], [ 102.6117124, 34.1584828 ], [ 102.6109221, 34.1552926 ], [ 102.610699, 34.1543922 ], [ 102.6075505, 34.1537255 ], [ 102.6049996, 34.1538119 ], [ 102.6043124, 34.1542979 ], [ 102.6028221, 34.1561453 ], [ 102.5963023, 34.1530365 ], [ 102.5960144, 34.1522742 ], [ 102.5963782, 34.1517671 ], [ 102.5980801, 34.149394 ], [ 102.6032482, 34.1442892 ], [ 102.6044983, 34.1432421 ], [ 102.606585, 34.1414941 ], [ 102.6097277, 34.1397696 ], [ 102.6133093, 34.1386136 ], [ 102.620811, 34.135899 ], [ 102.6243254, 34.1345294 ], [ 102.6331573, 34.1284651 ], [ 102.6351697, 34.1228591 ], [ 102.6352792, 34.1221954 ], [ 102.6349707, 34.1212304 ], [ 102.6343251, 34.1192109 ], [ 102.6344818, 34.1166072 ], [ 102.6345384, 34.1156662 ], [ 102.6344855, 34.1153261 ], [ 102.6349878, 34.1153006 ], [ 102.6382777, 34.1151339 ], [ 102.6403463, 34.115029 ], [ 102.6415301, 34.1156656 ], [ 102.644076, 34.1175629 ], [ 102.644331, 34.1177529 ], [ 102.6449878, 34.118331 ], [ 102.6449953, 34.1183346 ], [ 102.6504805, 34.1200039 ], [ 102.6522186, 34.1197718 ], [ 102.6537567, 34.1190811 ], [ 102.6602044, 34.1155152 ], [ 102.6617601, 34.1141804 ], [ 102.6618575, 34.1137966 ], [ 102.6601304, 34.1122668 ], [ 102.6590561, 34.1104875 ], [ 102.6584144, 34.1071682 ], [ 102.6595923, 34.1052072 ], [ 102.6627095, 34.1023103 ], [ 102.6645628, 34.1000841 ], [ 102.6645496, 34.098909 ], [ 102.6641266, 34.0971701 ], [ 102.6624517, 34.0940177 ], [ 102.6618339, 34.0938417 ], [ 102.6601025, 34.0941907 ], [ 102.6587913, 34.0944549 ], [ 102.6549854, 34.0921825 ], [ 102.654899, 34.0909564 ], [ 102.6547592, 34.0889718 ], [ 102.6545959, 34.0866542 ], [ 102.6547902, 34.0857834 ], [ 102.6554719, 34.0827282 ], [ 102.6555921, 34.0821896 ], [ 102.6564672, 34.0803152 ], [ 102.6572125, 34.078719 ], [ 102.6574505, 34.0767191 ], [ 102.6568094, 34.0756412 ], [ 102.6555613, 34.0755666 ], [ 102.6524788, 34.0767764 ], [ 102.6498039, 34.078679 ], [ 102.6476164, 34.0816528 ], [ 102.644626, 34.085718 ], [ 102.6435939, 34.0867973 ], [ 102.642356, 34.0875284 ], [ 102.6420193, 34.0877272 ], [ 102.6405076, 34.0884216 ], [ 102.6362128, 34.0892255 ], [ 102.6326588, 34.0898907 ], [ 102.6238396, 34.0915627 ], [ 102.6235925, 34.0916371 ], [ 102.6209285, 34.0924389 ], [ 102.6194517, 34.0935115 ], [ 102.6168679, 34.0969774 ], [ 102.6152124, 34.0992423 ], [ 102.6139602, 34.0999862 ], [ 102.6097167, 34.1014657 ], [ 102.6040266, 34.1024008 ], [ 102.6021241, 34.1027133 ], [ 102.5993089, 34.1026583 ], [ 102.5934369, 34.1018391 ], [ 102.5902604, 34.1009574 ], [ 102.5894282, 34.1009923 ], [ 102.5882955, 34.101286 ], [ 102.5871334, 34.1015874 ], [ 102.58263, 34.1030993 ], [ 102.5801902, 34.1031584 ], [ 102.5685241, 34.1004909 ], [ 102.5672667, 34.1002033 ], [ 102.5662221, 34.0995271 ], [ 102.5660743, 34.0986169 ], [ 102.5656237, 34.0958418 ], [ 102.565616, 34.0957942 ], [ 102.5654658, 34.0948689 ], [ 102.5653637, 34.0942402 ], [ 102.5649442, 34.0916563 ], [ 102.5649248, 34.0915371 ], [ 102.564693, 34.0901092 ], [ 102.5597963, 34.0901436 ], [ 102.5513841, 34.0889185 ], [ 102.5483436, 34.088043 ], [ 102.5456334, 34.0868281 ], [ 102.5430717, 34.086702 ], [ 102.5406395, 34.0873998 ], [ 102.5393504, 34.0877695 ], [ 102.5377356, 34.0879916 ], [ 102.5334085, 34.0885865 ], [ 102.5317877, 34.08861 ], [ 102.527324, 34.0873408 ], [ 102.5251612, 34.086923 ], [ 102.5213719, 34.086191 ], [ 102.5158863, 34.086024 ], [ 102.5130977, 34.0859676 ], [ 102.504552, 34.0820981 ], [ 102.5028515, 34.0808098 ], [ 102.5002288, 34.0788227 ], [ 102.4983182, 34.0778411 ], [ 102.4931393, 34.0762996 ], [ 102.4897547, 34.0764897 ], [ 102.483688, 34.0774225 ], [ 102.4828176, 34.0772909 ], [ 102.4718957, 34.0756395 ], [ 102.4669067, 34.0746515 ], [ 102.4642478, 34.0741248 ], [ 102.462681, 34.074358 ], [ 102.4619345, 34.0748011 ], [ 102.4618751, 34.0751623 ], [ 102.4612024, 34.0792529 ], [ 102.4605727, 34.0802768 ], [ 102.4498872, 34.0848606 ], [ 102.4379496, 34.088222 ], [ 102.4357969, 34.0880773 ], [ 102.4349017, 34.0875601 ], [ 102.4346096, 34.0869159 ], [ 102.4350929, 34.083992 ], [ 102.4324496, 34.0787742 ], [ 102.4292791, 34.0757579 ], [ 102.4255755, 34.0750014 ], [ 102.4238194, 34.067584 ], [ 102.4236064, 34.0666842 ], [ 102.4226944, 34.0628318 ], [ 102.4222099, 34.0594239 ], [ 102.421709, 34.0559007 ], [ 102.4209302, 34.0542651 ], [ 102.4163763, 34.0446994 ], [ 102.4160692, 34.0440778 ], [ 102.414664, 34.0421683 ], [ 102.4103443, 34.038675 ], [ 102.4038469, 34.0339836 ], [ 102.3985254, 34.020426 ], [ 102.3969806, 34.0164894 ], [ 102.3961734, 34.0068606 ], [ 102.3953734, 34.0016988 ], [ 102.3908518, 33.9773188 ], [ 102.3907806, 33.9769344 ], [ 102.3907806, 33.9769343 ], [ 102.3903706, 33.9747234 ], [ 102.3903706, 33.9747233 ], [ 102.3898288, 33.9718006 ], [ 102.3887794, 33.9731122 ], [ 102.3881926, 33.9738455 ], [ 102.3870669, 33.9745377 ], [ 102.3854347, 33.9747115 ], [ 102.3757768, 33.9757395 ], [ 102.3738103, 33.9759488 ], [ 102.3720559, 33.9761354 ], [ 102.3693103, 33.9706091 ], [ 102.3690098, 33.9700042 ], [ 102.3682521, 33.9700116 ], [ 102.3645419, 33.9700478 ], [ 102.3625074, 33.9700676 ], [ 102.3621678, 33.9702811 ], [ 102.3582983, 33.9727133 ], [ 102.3577826, 33.9762308 ], [ 102.3562576, 33.979738 ], [ 102.3550895, 33.9805935 ], [ 102.3538354, 33.980813 ], [ 102.3511665, 33.9802977 ], [ 102.3484141, 33.9783891 ], [ 102.3472948, 33.9769913 ], [ 102.3465611, 33.9742211 ], [ 102.3461408, 33.9726339 ], [ 102.344936, 33.9712694 ], [ 102.3437034, 33.9708025 ], [ 102.3419929, 33.9707479 ], [ 102.3402627, 33.9713269 ], [ 102.3392658, 33.9723604 ], [ 102.3346047, 33.9771924 ], [ 102.331818, 33.9806778 ], [ 102.3316829, 33.9822951 ], [ 102.3301111, 33.9838812 ], [ 102.3275281, 33.9853515 ], [ 102.3256089, 33.9854272 ], [ 102.3243655, 33.9846252 ], [ 102.323581, 33.9835749 ], [ 102.3223156, 33.9798842 ], [ 102.3222003, 33.9781674 ], [ 102.3209234, 33.9757445 ], [ 102.3119665, 33.968387 ], [ 102.3107592, 33.9682432 ], [ 102.3105539, 33.9683859 ], [ 102.3100388, 33.968744 ], [ 102.3079779, 33.9724326 ], [ 102.3080498, 33.9737257 ], [ 102.310865, 33.9845655 ], [ 102.3112054, 33.9850934 ], [ 102.31151, 33.9855658 ], [ 102.3132121, 33.9861197 ], [ 102.3176469, 33.9886942 ], [ 102.3168855, 33.9903186 ], [ 102.3163352, 33.9914925 ], [ 102.3147528, 33.9948485 ], [ 102.314486, 33.9954144 ], [ 102.3139184, 33.9958115 ], [ 102.3118485, 33.9960744 ], [ 102.3096534, 33.9963532 ], [ 102.3083298, 33.9965214 ], [ 102.3050882, 33.9962258 ], [ 102.303908, 33.9954338 ], [ 102.3031332, 33.9943601 ], [ 102.3027983, 33.993415 ], [ 102.3027155, 33.9911069 ], [ 102.3026887, 33.9903614 ], [ 102.3008716, 33.9876534 ], [ 102.2972134, 33.9846895 ], [ 102.2908851, 33.9795615 ], [ 102.2889173, 33.9786199 ], [ 102.2875889, 33.9785114 ], [ 102.2864123, 33.9786175 ], [ 102.2855991, 33.97926 ], [ 102.2841808, 33.9810588 ], [ 102.2841805, 33.9810592 ], [ 102.2841432, 33.9811064 ], [ 102.2841432, 33.9811064 ], [ 102.2792212, 33.9873479 ], [ 102.2774352, 33.9901482 ], [ 102.2755305, 33.9921929 ], [ 102.2733554, 33.9932674 ], [ 102.2719288, 33.993249 ], [ 102.2701208, 33.9927033 ], [ 102.2656466, 33.9913527 ], [ 102.2632289, 33.9896082 ], [ 102.262049, 33.9883272 ], [ 102.2614248, 33.9870325 ], [ 102.2574402, 33.9787674 ], [ 102.2566678, 33.977165 ], [ 102.2563757, 33.9739224 ], [ 102.2598198, 33.9708424 ], [ 102.2608644, 33.9694128 ], [ 102.2607902, 33.9677733 ], [ 102.2600193, 33.9670957 ], [ 102.2593406, 33.9670013 ], [ 102.2588841, 33.9670875 ], [ 102.2535829, 33.968088 ], [ 102.2521308, 33.9688745 ], [ 102.2511874, 33.9696168 ], [ 102.248601, 33.9728964 ], [ 102.2473066, 33.9745376 ], [ 102.2466093, 33.9754217 ], [ 102.2464067, 33.9756786 ], [ 102.2465947, 33.9763413 ], [ 102.2476646, 33.9764209 ], [ 102.2505978, 33.9766391 ], [ 102.252368, 33.9773234 ], [ 102.2540603, 33.9788814 ], [ 102.2542458, 33.9802687 ], [ 102.2528302, 33.9828801 ], [ 102.2517586, 33.9840382 ], [ 102.2482413, 33.9878391 ], [ 102.2473245, 33.9882026 ], [ 102.2465951, 33.9881141 ], [ 102.2418032, 33.9862766 ], [ 102.2400124, 33.984837 ], [ 102.2395168, 33.9837744 ], [ 102.2398513, 33.9820235 ], [ 102.240647, 33.9808645 ], [ 102.2414447, 33.9797025 ], [ 102.242553, 33.978088 ], [ 102.2429961, 33.9755974 ], [ 102.2423938, 33.9737708 ], [ 102.2421894, 33.9736399 ], [ 102.2383589, 33.971186 ], [ 102.2365168, 33.9700058 ], [ 102.2346879, 33.969999 ], [ 102.233106, 33.9706474 ], [ 102.2297479, 33.9720238 ], [ 102.2283565, 33.9717015 ], [ 102.2275902, 33.9707364 ], [ 102.2276391, 33.9692314 ], [ 102.2284133, 33.9684977 ], [ 102.2351163, 33.9677763 ], [ 102.235117, 33.9677762 ], [ 102.2351173, 33.9677762 ], [ 102.2375759, 33.9679136 ], [ 102.2386866, 33.9679757 ], [ 102.2391621, 33.9669914 ], [ 102.2384957, 33.9657809 ], [ 102.2375905, 33.9652395 ], [ 102.2363546, 33.9649994 ], [ 102.2312733, 33.9650337 ], [ 102.2308511, 33.9650365 ], [ 102.2258423, 33.9650701 ], [ 102.2223646, 33.9650932 ], [ 102.2168968, 33.963141 ], [ 102.2160304, 33.9613399 ], [ 102.2142703, 33.9602461 ], [ 102.2113347, 33.9606122 ], [ 102.2092281, 33.9612408 ], [ 102.207134, 33.9627153 ], [ 102.2063746, 33.9636789 ], [ 102.2066195, 33.9644279 ], [ 102.207634, 33.9651944 ], [ 102.2104819, 33.9659136 ], [ 102.2117326, 33.966638 ], [ 102.2126368, 33.9682158 ], [ 102.2123193, 33.969123 ], [ 102.2115291, 33.9697618 ], [ 102.2100551, 33.9701649 ], [ 102.2053178, 33.9685329 ], [ 102.2040059, 33.9680809 ], [ 102.2025608, 33.9679527 ], [ 102.2007934, 33.9683263 ], [ 102.1986798, 33.970627 ], [ 102.1953536, 33.9742472 ], [ 102.1933456, 33.9764326 ], [ 102.1932288, 33.9772115 ], [ 102.1936274, 33.9777663 ], [ 102.1967626, 33.9778299 ], [ 102.1975333, 33.9778455 ], [ 102.1983991, 33.9781445 ], [ 102.1987195, 33.9785942 ], [ 102.1987574, 33.9790217 ], [ 102.1982138, 33.9796265 ], [ 102.195005, 33.9804506 ], [ 102.1938869, 33.9804287 ], [ 102.1826525, 33.9802085 ], [ 102.1806827, 33.9801698 ], [ 102.1802178, 33.9795239 ], [ 102.180414, 33.977453 ], [ 102.1805116, 33.9764223 ], [ 102.1798666, 33.9733726 ], [ 102.179597, 33.9720979 ], [ 102.1775712, 33.9700547 ], [ 102.1754915, 33.9695076 ], [ 102.1741442, 33.9694649 ], [ 102.173352, 33.9696459 ], [ 102.1724711, 33.9698472 ], [ 102.1719865, 33.9705124 ], [ 102.1715876, 33.9724381 ], [ 102.1718779, 33.9730779 ], [ 102.1732659, 33.9734349 ], [ 102.1757566, 33.9740756 ], [ 102.17742, 33.9753406 ], [ 102.1785391, 33.9788239 ], [ 102.1778534, 33.9810212 ], [ 102.1772422, 33.9817377 ], [ 102.1756597, 33.9821633 ], [ 102.165766, 33.9848232 ], [ 102.1645432, 33.984724 ], [ 102.1463765, 33.9789248 ], [ 102.1454668, 33.9786343 ], [ 102.1432348, 33.9776533 ], [ 102.1423194, 33.9762859 ], [ 102.1396768, 33.9732723 ], [ 102.1358954, 33.9689598 ], [ 102.1354575, 33.9684604 ], [ 102.1296756, 33.9680019 ], [ 102.1317631, 33.9654204 ], [ 102.1318007, 33.9653479 ], [ 102.137921, 33.9642976 ], [ 102.1429876, 33.962671 ], [ 102.1516468, 33.9598902 ], [ 102.1566177, 33.9551359 ], [ 102.1604478, 33.9484932 ], [ 102.1638389, 33.9447046 ], [ 102.1684173, 33.941373 ], [ 102.1695039, 33.9406144 ], [ 102.1745738, 33.9370749 ], [ 102.175145, 33.9368097 ], [ 102.1801579, 33.934482 ], [ 102.1864426, 33.9314753 ], [ 102.1874846, 33.9298946 ], [ 102.1914651, 33.9238558 ], [ 102.1929526, 33.921599 ], [ 102.200371, 33.9101677 ], [ 102.201173, 33.9089346 ], [ 102.204468, 33.9038684 ], [ 102.205799, 33.9018216 ], [ 102.2065205, 33.9007121 ], [ 102.2065774, 33.9006472 ], [ 102.2120511, 33.894393 ], [ 102.2152661, 33.8905991 ], [ 102.2225951, 33.8817424 ], [ 102.2286387, 33.8771297 ], [ 102.2291696, 33.8739869 ], [ 102.2301133, 33.8713586 ], [ 102.2326358, 33.8690166 ], [ 102.2365514, 33.8660615 ], [ 102.2398074, 33.8649174 ], [ 102.2452518, 33.8637865 ], [ 102.2483319, 33.8625931 ], [ 102.2498732, 33.8611603 ], [ 102.2518753, 33.8576247 ], [ 102.2518796, 33.8576171 ], [ 102.2542386, 33.8535243 ], [ 102.2589939, 33.8497637 ], [ 102.2625345, 33.8464055 ], [ 102.2652996, 33.8404521 ], [ 102.2653021, 33.8404313 ], [ 102.2659108, 33.835355 ], [ 102.2660018, 33.8345959 ], [ 102.2642803, 33.8294017 ], [ 102.262017, 33.8250548 ], [ 102.2596617, 33.8226083 ], [ 102.2595303, 33.8224718 ], [ 102.2570843, 33.8176213 ], [ 102.2544273, 33.8141269 ], [ 102.2511847, 33.8113645 ], [ 102.2485648, 33.8113075 ], [ 102.2477041, 33.8109949 ], [ 102.2464995, 33.8105573 ], [ 102.2448627, 33.8097198 ], [ 102.239396, 33.8058436 ], [ 102.2381368, 33.8049507 ], [ 102.2365452, 33.8028874 ], [ 102.2358767, 33.7992184 ], [ 102.2350797, 33.7955722 ], [ 102.2366775, 33.7920982 ], [ 102.2388087, 33.7905417 ], [ 102.2405864, 33.7896678 ], [ 102.2409704, 33.789479 ], [ 102.2445882, 33.7888326 ], [ 102.2480368, 33.7887483 ], [ 102.2529259, 33.7888303 ], [ 102.2541105, 33.7891732 ], [ 102.2577394, 33.7890991 ], [ 102.2607038, 33.7890385 ], [ 102.2691659, 33.7897827 ], [ 102.2798319, 33.7882674 ], [ 102.2834714, 33.7876099 ], [ 102.2837083, 33.7873378 ], [ 102.2839517, 33.7870583 ], [ 102.2836541, 33.785822 ], [ 102.2868908, 33.7832582 ], [ 102.2884731, 33.7824498 ], [ 102.2932144, 33.7815351 ], [ 102.2987787, 33.7798653 ], [ 102.3019817, 33.7783543 ], [ 102.3040857, 33.7764483 ], [ 102.310162, 33.7701511 ], [ 102.3162515, 33.7634544 ], [ 102.3192857, 33.759466 ], [ 102.3199827, 33.7572601 ], [ 102.3196978, 33.7554093 ], [ 102.3190964, 33.7539827 ], [ 102.3121996, 33.7471262 ], [ 102.3045598, 33.7429382 ], [ 102.3009575, 33.7415618 ], [ 102.2951608, 33.7386592 ], [ 102.2945095, 33.7381583 ], [ 102.2943085, 33.7380645 ], [ 102.2870686, 33.7346864 ], [ 102.2855302, 33.7314186 ], [ 102.2840417, 33.726584 ], [ 102.2839938, 33.7207034 ], [ 102.2845464, 33.7180699 ], [ 102.2874177, 33.7162716 ], [ 102.2935299, 33.7147567 ], [ 102.2983754, 33.7125896 ], [ 102.3015053, 33.7119905 ], [ 102.3043599, 33.7121231 ], [ 102.3066655, 33.7136842 ], [ 102.3128191, 33.7199318 ], [ 102.3149392, 33.7247563 ], [ 102.3152489, 33.7260006 ], [ 102.3156866, 33.727759 ], [ 102.3172753, 33.7303462 ], [ 102.3178077, 33.7312132 ], [ 102.3238951, 33.7355966 ], [ 102.3257224, 33.736339 ], [ 102.3295369, 33.7367378 ], [ 102.3311634, 33.736773 ], [ 102.3330169, 33.736346 ], [ 102.3330169, 33.736346 ], [ 102.333017, 33.736346 ], [ 102.3333091, 33.7362787 ], [ 102.3375052, 33.734306 ], [ 102.3401081, 33.7307824 ], [ 102.3404179, 33.7275566 ], [ 102.3399673, 33.7230847 ], [ 102.3386368, 33.7205481 ], [ 102.3374959, 33.7198696 ], [ 102.3335263, 33.7151809 ], [ 102.3268194, 33.7036873 ], [ 102.3206646, 33.6897439 ], [ 102.3163126, 33.6798819 ], [ 102.3145126, 33.6765319 ], [ 102.3137185, 33.6706345 ], [ 102.3140041, 33.6690457 ], [ 102.315555, 33.6655572 ], [ 102.3173852, 33.6620211 ], [ 102.3210367, 33.6561034 ], [ 102.3244715, 33.6520197 ], [ 102.3276777, 33.6487975 ], [ 102.3304164, 33.6458783 ], [ 102.3307679, 33.6453164 ], [ 102.3307679, 33.6453163 ], [ 102.330768, 33.6453163 ], [ 102.3315076, 33.6441338 ], [ 102.3324914, 33.6420676 ], [ 102.3324915, 33.6420676 ], [ 102.3324915, 33.6420676 ], [ 102.3330179, 33.6409619 ], [ 102.333475, 33.6400017 ], [ 102.3346142, 33.6367031 ], [ 102.3352612, 33.6333429 ], [ 102.3356422, 33.6313644 ], [ 102.3363354, 33.6277641 ], [ 102.3365301, 33.6267528 ], [ 102.3368743, 33.6249648 ], [ 102.3369566, 33.62268 ], [ 102.3370098, 33.6212024 ], [ 102.3363289, 33.6186574 ], [ 102.335957, 33.6172671 ], [ 102.3361552, 33.6159126 ], [ 102.3370358, 33.6144138 ], [ 102.3370359, 33.6144138 ], [ 102.3370359, 33.6144137 ], [ 102.3380864, 33.6129256 ], [ 102.3418986, 33.6092096 ], [ 102.3432017, 33.6081898 ], [ 102.3465346, 33.6066898 ], [ 102.3493074, 33.6059713 ], [ 102.3564542, 33.6041192 ], [ 102.3587257, 33.6036543 ], [ 102.364373, 33.6024984 ], [ 102.3726696, 33.6002532 ], [ 102.3810172, 33.5967536 ], [ 102.3871823, 33.5954547 ], [ 102.3890911, 33.5955628 ], [ 102.3923546, 33.594355 ], [ 102.3923547, 33.5943549 ], [ 102.3923547, 33.5943549 ], [ 102.3923553, 33.5943547 ], [ 102.3923563, 33.594354 ], [ 102.3923564, 33.594354 ], [ 102.3923565, 33.5943539 ], [ 102.3951724, 33.5924004 ], [ 102.4015602, 33.5855279 ], [ 102.404326, 33.5833104 ], [ 102.4076724, 33.5814702 ], [ 102.4082835, 33.5811341 ], [ 102.4115884, 33.5798445 ], [ 102.4189599, 33.5779521 ], [ 102.4229825, 33.577512 ], [ 102.425426, 33.5774361 ], [ 102.4333972, 33.5771882 ], [ 102.4375228, 33.5765698 ], [ 102.4405429, 33.5756336 ], [ 102.4433776, 33.5743498 ], [ 102.4453633, 33.5726718 ], [ 102.446996, 33.5703644 ], [ 102.4475688, 33.5690112 ], [ 102.4481438, 33.5676528 ], [ 102.4496443, 33.5634447 ], [ 102.4504813, 33.5616405 ], [ 102.4504813, 33.5616404 ], [ 102.4527134, 33.5568284 ], [ 102.4542453, 33.5552718 ], [ 102.4570076, 33.553757 ], [ 102.460012, 33.5526563 ], [ 102.4655717, 33.5510509 ], [ 102.4680528, 33.5503344 ], [ 102.4717646, 33.5492624 ], [ 102.4745628, 33.5471748 ], [ 102.4759254, 33.545369 ], [ 102.4764362, 33.5439387 ], [ 102.4762688, 33.5389419 ], [ 102.4749011, 33.5342154 ], [ 102.4734596, 33.5320249 ], [ 102.4706262, 33.5306409 ], [ 102.4683472, 33.5303651 ], [ 102.4645137, 33.5311053 ], [ 102.4608125, 33.5326666 ], [ 102.4581215, 33.5341108 ], [ 102.4551123, 33.5357257 ], [ 102.4532476, 33.535982 ], [ 102.4502521, 33.5361332 ], [ 102.4483056, 33.5358475 ], [ 102.4467438, 33.5351113 ], [ 102.4442485, 33.5328824 ], [ 102.4441578, 33.530654 ], [ 102.4467495, 33.5242898 ], [ 102.4481548, 33.5216994 ], [ 102.4507323, 33.5184618 ], [ 102.452419, 33.5171023 ], [ 102.4563574, 33.5139279 ], [ 102.4585821, 33.5113705 ], [ 102.4599117, 33.5080088 ], [ 102.4602611, 33.5060841 ], [ 102.4594436, 33.5033005 ], [ 102.4580779, 33.5015887 ], [ 102.4572683, 33.500836 ], [ 102.4565467, 33.5001651 ], [ 102.4508564, 33.4931506 ], [ 102.4502891, 33.4919127 ], [ 102.450077, 33.4883432 ], [ 102.4506391, 33.4856367 ], [ 102.4511932, 33.4847505 ], [ 102.4549549, 33.4830326 ], [ 102.4562939, 33.4821628 ], [ 102.4572848, 33.4815191 ], [ 102.4596147, 33.4800056 ], [ 102.4607014, 33.4789533 ], [ 102.4608564, 33.4777808 ], [ 102.4582276, 33.4753061 ], [ 102.4530457, 33.4733077 ], [ 102.4503492, 33.4714154 ], [ 102.4489963, 33.4697856 ], [ 102.4483799, 33.4672042 ], [ 102.4485247, 33.466199 ], [ 102.4503269, 33.4643027 ], [ 102.4540737, 33.4623911 ], [ 102.4559362, 33.4618079 ], [ 102.4572276, 33.4615799 ], [ 102.4572276, 33.4615799 ], [ 102.4572276, 33.4615799 ], [ 102.4637273, 33.460432 ], [ 102.4661128, 33.4592304 ], [ 102.4672184, 33.4573818 ], [ 102.4676043, 33.4555545 ], [ 102.4672122, 33.4539137 ], [ 102.4663463, 33.4526796 ], [ 102.4640939, 33.4512642 ], [ 102.4622715, 33.4509502 ], [ 102.4590396, 33.4520044 ], [ 102.4553379, 33.4543317 ], [ 102.4535428, 33.4554602 ], [ 102.4498593, 33.4567123 ], [ 102.4467689, 33.4568699 ], [ 102.4425867, 33.4559953 ], [ 102.4407826, 33.455059 ], [ 102.4374826, 33.4516849 ], [ 102.4353625, 33.4452504 ], [ 102.4349291, 33.4439348 ], [ 102.43395, 33.4420693 ], [ 102.4331182, 33.4412224 ], [ 102.4313023, 33.4406894 ], [ 102.4286369, 33.4406168 ], [ 102.4286369, 33.4406168 ], [ 102.4274943, 33.4405857 ], [ 102.4257439, 33.4402686 ], [ 102.4196902, 33.4375379 ], [ 102.4175901, 33.436173 ], [ 102.41759, 33.4361729 ], [ 102.41759, 33.4361729 ], [ 102.4175896, 33.4361725 ], [ 102.4175896, 33.4361724 ], [ 102.4137754, 33.4320427 ], [ 102.4122932, 33.4308552 ], [ 102.4103793, 33.4302755 ], [ 102.4089846, 33.4301337 ], [ 102.4057645, 33.4298063 ], [ 102.402858, 33.4275607 ], [ 102.4021112, 33.4260659 ], [ 102.4024124, 33.4248916 ], [ 102.4029745, 33.4227002 ], [ 102.402908, 33.4215188 ], [ 102.4024755, 33.4206709 ], [ 102.4008832, 33.4194859 ], [ 102.3957642, 33.4177434 ], [ 102.3943745, 33.4160224 ], [ 102.3940993, 33.4150214 ], [ 102.3942519, 33.4138872 ], [ 102.3952922, 33.4119755 ], [ 102.3954389, 33.4110402 ], [ 102.3945578, 33.4085713 ], [ 102.3935645, 33.4070785 ], [ 102.392615, 33.4066471 ], [ 102.3906965, 33.4064326 ], [ 102.3877377, 33.406546 ], [ 102.3858978, 33.4066164 ], [ 102.3840107, 33.4064966 ], [ 102.383945, 33.4065423 ], [ 102.3812053, 33.4104162 ], [ 102.3776562, 33.4136954 ], [ 102.375819, 33.4147593 ], [ 102.3734485, 33.4153444 ], [ 102.3712623, 33.4154328 ], [ 102.3688757, 33.4151016 ], [ 102.3665257, 33.4140729 ], [ 102.3648834, 33.4125436 ], [ 102.3643093, 33.4099147 ], [ 102.3655191, 33.4069567 ], [ 102.3697051, 33.400772 ], [ 102.3680691, 33.3952495 ], [ 102.3671821, 33.3940528 ], [ 102.3659743, 33.3935576 ], [ 102.3639197, 33.3933038 ], [ 102.36171, 33.3933063 ], [ 102.359901, 33.3936568 ], [ 102.3553687, 33.3953999 ], [ 102.3539301, 33.3971938 ], [ 102.3525673, 33.4004951 ], [ 102.352796, 33.4018997 ], [ 102.3532469, 33.4046692 ], [ 102.3519318, 33.4069426 ], [ 102.3506072, 33.4092322 ], [ 102.3500677, 33.4101646 ], [ 102.3465695, 33.4129279 ], [ 102.3438209, 33.4137805 ], [ 102.3428197, 33.4136315 ], [ 102.3409603, 33.4126134 ], [ 102.3377478, 33.4091858 ], [ 102.336169, 33.4075012 ], [ 102.3310923, 33.4031923 ], [ 102.3310923, 33.4031923 ], [ 102.3310923, 33.4031923 ], [ 102.3262941, 33.4016216 ], [ 102.3219181, 33.4007175 ], [ 102.3172367, 33.3993192 ], [ 102.3118306, 33.3990021 ], [ 102.3096635, 33.3993945 ], [ 102.307383, 33.4004974 ], [ 102.3065915, 33.4014768 ], [ 102.3051565, 33.4045057 ], [ 102.3050037, 33.4047405 ], [ 102.3024353, 33.4086865 ], [ 102.2994588, 33.4132589 ], [ 102.2974058, 33.414627 ], [ 102.2952618, 33.4153856 ], [ 102.2926699, 33.4157339 ], [ 102.2906691, 33.4155812 ], [ 102.2885613, 33.4146942 ], [ 102.2863963, 33.4118857 ], [ 102.2849485, 33.4100075 ], [ 102.2836567, 33.4090355 ], [ 102.2801745, 33.4083929 ], [ 102.2732318, 33.4100216 ], [ 102.2715215, 33.410739 ], [ 102.2696994, 33.4119684 ], [ 102.2696142, 33.4120259 ], [ 102.2695845, 33.4120767 ], [ 102.2684065, 33.4140912 ], [ 102.2678968, 33.4155427 ], [ 102.2679354, 33.416558 ], [ 102.2692525, 33.4212111 ], [ 102.2681202, 33.4236751 ], [ 102.2673071, 33.4244829 ], [ 102.2657534, 33.4242363 ], [ 102.2649055, 33.4237575 ], [ 102.2636138, 33.4221085 ], [ 102.2616401, 33.4174981 ], [ 102.2601754, 33.4160965 ], [ 102.257908, 33.4148535 ], [ 102.257421, 33.4141509 ], [ 102.2559329, 33.4120042 ], [ 102.255495, 33.4079998 ], [ 102.2569822, 33.4048193 ], [ 102.2585516, 33.4032059 ], [ 102.2591236, 33.4026179 ], [ 102.2603822, 33.4002076 ], [ 102.2604077, 33.399258 ], [ 102.2596641, 33.3984893 ], [ 102.2584123, 33.3982803 ], [ 102.2576577, 33.3982198 ], [ 102.2570945, 33.3981563 ], [ 102.2566278, 33.3980658 ], [ 102.2561798, 33.3979319 ], [ 102.2524674, 33.3965368 ], [ 102.2521582, 33.3964133 ], [ 102.251885, 33.396254 ], [ 102.2511802, 33.3957363 ], [ 102.2498242, 33.3945581 ], [ 102.2493885, 33.3941232 ], [ 102.24839, 33.3931411 ], [ 102.2472781, 33.3924413 ], [ 102.2460346, 33.3919403 ], [ 102.2454997, 33.3918192 ], [ 102.2449398, 33.3916924 ], [ 102.2440537, 33.3918079 ], [ 102.2432869, 33.3919078 ], [ 102.2427819, 33.3920982 ], [ 102.2422683, 33.3923936 ], [ 102.2418864, 33.3926525 ], [ 102.2414188, 33.3928152 ], [ 102.2411954, 33.3928585 ], [ 102.2403479, 33.3929711 ], [ 102.2400263, 33.3929611 ], [ 102.239865, 33.392956 ], [ 102.2392201, 33.3927751 ], [ 102.2385595, 33.3925524 ], [ 102.236391, 33.3918215 ], [ 102.2352433, 33.3907971 ], [ 102.2337018, 33.3896451 ], [ 102.2324002, 33.3881783 ], [ 102.2309503, 33.3854545 ], [ 102.2302192, 33.3836321 ], [ 102.2291145, 33.3818892 ], [ 102.2288471, 33.3816311 ], [ 102.2279717, 33.3795404 ], [ 102.2274279, 33.3788189 ], [ 102.227611, 33.3779017 ], [ 102.2279361, 33.3767123 ], [ 102.2284507, 33.3758076 ], [ 102.229499, 33.3751688 ], [ 102.2308185, 33.3750084 ], [ 102.2326779, 33.3744741 ], [ 102.232935, 33.3742727 ], [ 102.233538, 33.3735453 ], [ 102.233745, 33.3727829 ], [ 102.2334922, 33.3720233 ], [ 102.2331911, 33.3716943 ], [ 102.2326893, 33.3711462 ], [ 102.2316695, 33.3706851 ], [ 102.2296983, 33.3695847 ], [ 102.2286339, 33.3687672 ], [ 102.2276175, 33.3679864 ], [ 102.2241591, 33.364267 ], [ 102.2229171, 33.3629312 ], [ 102.2224731, 33.3625236 ], [ 102.2214506, 33.3619878 ], [ 102.2201973, 33.3614819 ], [ 102.2182991, 33.3610536 ], [ 102.2177424, 33.3608027 ], [ 102.2167233, 33.3603432 ], [ 102.2156653, 33.3581366 ], [ 102.2152351, 33.3559001 ], [ 102.2145749, 33.3536716 ], [ 102.2140241, 33.3530894 ], [ 102.2132795, 33.3526914 ], [ 102.2121063, 33.3524634 ], [ 102.2095442, 33.3522217 ], [ 102.2090399, 33.352088 ], [ 102.2065092, 33.351417 ], [ 102.2039853, 33.3499837 ], [ 102.2026407, 33.3485858 ], [ 102.2024174, 33.348006 ], [ 102.2017245, 33.3462068 ], [ 102.2007553, 33.3447142 ], [ 102.1997368, 33.3434484 ], [ 102.19778, 33.3418833 ], [ 102.1961954, 33.3406159 ], [ 102.193509, 33.3407461 ], [ 102.1928511, 33.3406311 ], [ 102.1904023, 33.3387589 ], [ 102.1892173, 33.3373251 ], [ 102.1885506, 33.3365185 ], [ 102.1874103, 33.3351388 ], [ 102.1858783, 33.3323381 ], [ 102.1860742, 33.3308912 ], [ 102.1862902, 33.3292968 ], [ 102.1875522, 33.3286473 ], [ 102.1941128, 33.3252705 ], [ 102.1966949, 33.3241244 ], [ 102.2034275, 33.3217883 ], [ 102.2034348, 33.3217857 ], [ 102.2034346, 33.321785 ], [ 102.2034105, 33.3217092 ], [ 102.2032622, 33.321244 ], [ 102.203248, 33.3211996 ], [ 102.2019805, 33.3172228 ], [ 102.2011886, 33.3147382 ], [ 102.2011592, 33.3142731 ], [ 102.2009171, 33.3104494 ], [ 102.2009157, 33.3104284 ], [ 102.2006622, 33.3064235 ], [ 102.2004518, 33.3031003 ], [ 102.2007922, 33.3022576 ], [ 102.2019537, 33.3013728 ], [ 102.2038369, 33.2990261 ], [ 102.2078053, 33.2932845 ], [ 102.2093009, 33.2909898 ], [ 102.2093296, 33.2893302 ], [ 102.2079146, 33.2860793 ], [ 102.2073401, 33.2829282 ], [ 102.2094899, 33.2790083 ], [ 102.2098308, 33.2778237 ], [ 102.2099379, 33.2774518 ], [ 102.2102701, 33.2762976 ], [ 102.2114412, 33.272229 ], [ 102.2112946, 33.2700189 ], [ 102.2099799, 33.2666488 ], [ 102.211712, 33.2629623 ], [ 102.2129446, 33.2590124 ], [ 102.2133363, 33.257757 ], [ 102.2155366, 33.2507046 ], [ 102.215683, 33.2502354 ], [ 102.2153806, 33.2491353 ], [ 102.2131666, 33.2456719 ], [ 102.2121899, 33.244144 ], [ 102.2127735, 33.2427048 ], [ 102.2137846, 33.2402114 ], [ 102.2143651, 33.2371065 ], [ 102.2143629, 33.2348996 ], [ 102.2116503, 33.2315588 ], [ 102.2092982, 33.2292091 ], [ 102.2086597, 33.2285712 ], [ 102.2068405, 33.2267537 ], [ 102.2014446, 33.2252354 ], [ 102.1984676, 33.2256745 ], [ 102.1964212, 33.2271469 ], [ 102.1936647, 33.2312352 ], [ 102.1922016, 33.2325384 ], [ 102.1906206, 33.2330088 ], [ 102.1884202, 33.2326868 ], [ 102.1860407, 33.2323384 ], [ 102.1839664, 33.2324129 ], [ 102.1832199, 33.232627 ], [ 102.1733648, 33.2354522 ], [ 102.1688347, 33.2377179 ], [ 102.1603859, 33.2428615 ], [ 102.1577643, 33.2455232 ], [ 102.155774, 33.2482573 ], [ 102.1505008, 33.2555002 ], [ 102.1502836, 33.2569934 ], [ 102.1504816, 33.2579331 ], [ 102.1509308, 33.2600653 ], [ 102.1503468, 33.2624612 ], [ 102.1487257, 33.2656229 ], [ 102.1476221, 33.2673595 ], [ 102.1465897, 33.2689839 ], [ 102.145354, 33.2709283 ], [ 102.1444656, 33.272326 ], [ 102.1418059, 33.2760568 ], [ 102.1416521, 33.2762725 ], [ 102.1402285, 33.2767933 ], [ 102.1334026, 33.2778284 ], [ 102.1273007, 33.2782733 ], [ 102.1249821, 33.2816017 ], [ 102.1247193, 33.2817137 ], [ 102.1184228, 33.2843965 ], [ 102.1171259, 33.2848982 ], [ 102.1168802, 33.2848536 ], [ 102.1156258, 33.2846259 ], [ 102.1156064, 33.2846359 ], [ 102.1151236, 33.2848827 ], [ 102.1148625, 33.2850162 ], [ 102.1147864, 33.2851825 ], [ 102.1141691, 33.2865312 ], [ 102.1127598, 33.2912369 ], [ 102.1134858, 33.2945678 ], [ 102.1135825, 33.2957651 ], [ 102.1134553, 33.2975551 ], [ 102.1134449, 33.2977001 ], [ 102.1129646, 33.2980098 ], [ 102.1125299, 33.2979881 ], [ 102.1069922, 33.2977124 ], [ 102.1061024, 33.2965892 ], [ 102.1061733, 33.2965316 ], [ 102.1068333, 33.2947795 ], [ 102.1068759, 33.2946664 ], [ 102.107079, 33.2941272 ], [ 102.1069137, 33.2932266 ], [ 102.1058618, 33.2906755 ], [ 102.1054963, 33.2900814 ], [ 102.1031804, 33.2880127 ], [ 102.1027509, 33.2877324 ], [ 102.1009184, 33.2841949 ], [ 102.1001143, 33.2826426 ], [ 102.0976686, 33.2779209 ], [ 102.097186, 33.2766452 ], [ 102.0983297, 33.2754607 ], [ 102.1028262, 33.2755347 ], [ 102.1022849, 33.2748456 ], [ 102.1013953, 33.2737131 ], [ 102.1015215, 33.2725994 ], [ 102.1019214, 33.2721531 ], [ 102.1045875, 33.2691778 ], [ 102.1073067, 33.2665572 ], [ 102.1078673, 33.2650369 ], [ 102.1080994, 33.2606215 ], [ 102.1080477, 33.2605626 ], [ 102.1072295, 33.2596323 ], [ 102.1015648, 33.2551545 ], [ 102.0956217, 33.2505683 ], [ 102.0950734, 33.2493637 ], [ 102.0950841, 33.2492477 ], [ 102.0951364, 33.2486796 ], [ 102.0981814, 33.2456114 ], [ 102.1007187, 33.2412353 ], [ 102.1006185, 33.2406031 ], [ 102.1003873, 33.2396902 ], [ 102.1000779, 33.2384693 ], [ 102.0994395, 33.2359494 ], [ 102.0993792, 33.2357113 ], [ 102.0992696, 33.2352788 ], [ 102.0983274, 33.2340456 ], [ 102.0955327, 33.2332245 ], [ 102.0907572, 33.2302472 ], [ 102.0907525, 33.230238 ], [ 102.086527, 33.228548 ], [ 102.0862194, 33.2280189 ], [ 102.0881021, 33.2226999 ], [ 102.0883767, 33.2213473 ], [ 102.0884764, 33.2212903 ], [ 102.0893013, 33.2208195 ], [ 102.0911758, 33.2205461 ], [ 102.094149, 33.2214358 ], [ 102.0949822, 33.2213294 ], [ 102.0954163, 33.2208029 ], [ 102.0951314, 33.2184052 ], [ 102.094497, 33.2173491 ], [ 102.0934673, 33.2168132 ], [ 102.0929293, 33.2159777 ], [ 102.089572, 33.2107634 ], [ 102.0882105, 33.2075191 ], [ 102.0875452, 33.2059338 ], [ 102.0874333, 33.2056672 ], [ 102.0873585, 33.2056327 ], [ 102.0865251, 33.2052486 ], [ 102.0860312, 33.2053703 ], [ 102.0828947, 33.2073242 ], [ 102.0816271, 33.2070334 ], [ 102.0809907, 33.2065674 ], [ 102.0804126, 33.2057006 ], [ 102.0803522, 33.2050966 ], [ 102.0805637, 33.2047164 ], [ 102.0829959, 33.2021478 ], [ 102.0835115, 33.2004616 ], [ 102.0834054, 33.1996201 ], [ 102.0833792, 33.1994121 ], [ 102.0805829, 33.1957674 ], [ 102.0797233, 33.1948019 ], [ 102.0792756, 33.194714 ], [ 102.0774182, 33.1970819 ], [ 102.0772073, 33.1981937 ], [ 102.0771204, 33.1986514 ], [ 102.0766298, 33.1993807 ], [ 102.0763801, 33.1994644 ], [ 102.0702979, 33.2015042 ], [ 102.0667646, 33.2018072 ], [ 102.0661317, 33.2018615 ], [ 102.0656956, 33.2017033 ], [ 102.063584, 33.2009376 ], [ 102.0633229, 33.2006544 ], [ 102.0602496, 33.1973208 ], [ 102.0598018, 33.1969086 ], [ 102.0588594, 33.1962187 ], [ 102.0587458, 33.1961355 ], [ 102.0583111, 33.1961382 ], [ 102.0580277, 33.19614 ], [ 102.0577731, 33.1961416 ], [ 102.0573153, 33.1961444 ], [ 102.0570407, 33.1961461 ], [ 102.0551417, 33.1961579 ], [ 102.0534215, 33.1961686 ], [ 102.0529689, 33.1967775 ], [ 102.0529343, 33.196998 ], [ 102.0529148, 33.1971222 ], [ 102.0521479, 33.1970653 ], [ 102.0440098, 33.1991801 ], [ 102.0407844, 33.1998525 ], [ 102.0352618, 33.1993768 ], [ 102.030854, 33.1972673 ], [ 102.0282929, 33.1966728 ], [ 102.0267092, 33.1966419 ], [ 102.0201711, 33.198429 ], [ 102.0086197, 33.198921 ], [ 102.0075851, 33.1988961 ], [ 102.0057117, 33.1994583 ], [ 102.0, 33.2031343 ], [ 101.998754, 33.2038205 ], [ 101.996806, 33.2045579 ], [ 101.9962025, 33.2047787 ], [ 101.9957481, 33.204817 ], [ 101.9955224, 33.2047997 ], [ 101.9952163, 33.2045688 ], [ 101.9947529, 33.2039779 ], [ 101.994277, 33.2035933 ], [ 101.9940229, 33.2034858 ], [ 101.9933587, 33.203247 ], [ 101.9907652, 33.2023786 ], [ 101.9904746, 33.2022843 ], [ 101.9895985, 33.2020306 ], [ 101.9891844, 33.2019575 ], [ 101.989002, 33.2019667 ], [ 101.9888143, 33.202008 ], [ 101.9886822, 33.2020975 ], [ 101.9847824, 33.20391 ], [ 101.980045, 33.2036676 ], [ 101.978782, 33.2034387 ], [ 101.9785433, 33.2032874 ], [ 101.9779781, 33.2028651 ], [ 101.977251, 33.2023205 ], [ 101.9766015, 33.2017885 ], [ 101.9730963, 33.1974182 ], [ 101.9700906, 33.1932797 ], [ 101.9700574, 33.1932109 ], [ 101.9700016, 33.1931598 ], [ 101.9659404, 33.1916358 ], [ 101.957377, 33.1889368 ], [ 101.9570445, 33.1888643 ], [ 101.941964, 33.1890728 ], [ 101.9378878, 33.1895165 ], [ 101.9374113, 33.1895678 ], [ 101.9367863, 33.1895194 ], [ 101.9364524, 33.1894157 ], [ 101.9343017, 33.1886644 ], [ 101.9333342, 33.1882881 ], [ 101.9331433, 33.1881025 ], [ 101.9326512, 33.1873455 ], [ 101.9324866, 33.1870056 ], [ 101.932198, 33.1860194 ], [ 101.932103, 33.1854975 ], [ 101.9320932, 33.184989 ], [ 101.9322845, 33.184407 ], [ 101.9324595, 33.1838575 ], [ 101.932597, 33.1826671 ], [ 101.9326843, 33.1813072 ], [ 101.9327123, 33.1807213 ], [ 101.9326645, 33.1797372 ], [ 101.9326038, 33.1794924 ], [ 101.9319931, 33.1772061 ], [ 101.9318931, 33.1768335 ], [ 101.9317577, 33.1766419 ], [ 101.9316581, 33.1765406 ], [ 101.9315409, 33.1764439 ], [ 101.9309595, 33.1760513 ], [ 101.9306713, 33.1757402 ], [ 101.930465, 33.1753325 ], [ 101.9256202, 33.1647477 ], [ 101.9246676, 33.1613669 ], [ 101.9240536, 33.1605383 ], [ 101.9177833, 33.1533667 ], [ 101.9105409, 33.1484842 ], [ 101.9100291, 33.1484 ], [ 101.9093344, 33.1483307 ], [ 101.9056696, 33.148244 ], [ 101.8977466, 33.1449136 ], [ 101.8974484, 33.1443229 ], [ 101.8971917, 33.1438363 ], [ 101.895435, 33.1426347 ], [ 101.8951438, 33.1424569 ], [ 101.8879786, 33.1382131 ], [ 101.8866496, 33.1379624 ], [ 101.8848206, 33.1373184 ], [ 101.8845894, 33.1372036 ], [ 101.8842189, 33.1367832 ], [ 101.8837613, 33.13607 ], [ 101.878521, 33.1271358 ], [ 101.878217, 33.1266086 ], [ 101.8778191, 33.1254982 ], [ 101.8777384, 33.1235667 ], [ 101.8777807, 33.1219853 ], [ 101.8779325, 33.1204336 ], [ 101.8778559, 33.1199827 ], [ 101.8748594, 33.1154598 ], [ 101.8745661, 33.1150592 ], [ 101.8666732, 33.106585 ], [ 101.8642559, 33.1063391 ], [ 101.8626095, 33.1063031 ], [ 101.8619957, 33.1063172 ], [ 101.8614939, 33.1064026 ], [ 101.8608531, 33.1066856 ], [ 101.8605924, 33.1070141 ], [ 101.8601781, 33.1077021 ], [ 101.8594227, 33.1091978 ], [ 101.8576601, 33.1114159 ], [ 101.8575063, 33.1115516 ], [ 101.8573713, 33.1116395 ], [ 101.857029, 33.1117856 ], [ 101.856552, 33.1118698 ], [ 101.8552126, 33.1119896 ], [ 101.8548463, 33.1119793 ], [ 101.8530197, 33.1116582 ], [ 101.8522669, 33.1116087 ], [ 101.8514453, 33.1116295 ], [ 101.8512001, 33.1116605 ], [ 101.8421098, 33.1134608 ], [ 101.8416372, 33.113726 ], [ 101.8401984, 33.1151688 ], [ 101.8356907, 33.1185522 ], [ 101.8332787, 33.120039 ], [ 101.832107, 33.1206794 ], [ 101.8317393, 33.1207062 ], [ 101.8304008, 33.1204564 ], [ 101.8296246, 33.1203903 ], [ 101.8276315, 33.1202755 ], [ 101.8258538, 33.1203051 ], [ 101.8251943, 33.1205817 ], [ 101.8245245, 33.1210966 ], [ 101.8234412, 33.1223208 ], [ 101.8231354, 33.1228765 ], [ 101.8205057, 33.1329313 ], [ 101.8204591, 33.1342263 ], [ 101.8205843, 33.1352038 ], [ 101.8210678, 33.1362324 ], [ 101.8211988, 33.1363951 ], [ 101.8213757, 33.1364297 ], [ 101.8230307, 33.136625 ], [ 101.8280015, 33.1380134 ], [ 101.8331392, 33.1397114 ], [ 101.8332592, 33.1398163 ], [ 101.8334608, 33.1400636 ], [ 101.8382308, 33.1500699 ], [ 101.8382944, 33.1502468 ], [ 101.838228, 33.1506459 ], [ 101.8378429, 33.1524066 ], [ 101.8370246, 33.1611242 ], [ 101.8395868, 33.1803031 ], [ 101.8405051, 33.1830779 ], [ 101.8407213, 33.1840477 ], [ 101.8407842, 33.1845873 ], [ 101.8407954, 33.1853217 ], [ 101.8407637, 33.1857351 ], [ 101.8399789, 33.1899634 ], [ 101.8398237, 33.1907417 ], [ 101.8393259, 33.1926162 ], [ 101.839208, 33.1928809 ], [ 101.8390794, 33.1930839 ], [ 101.8389484, 33.1932542 ], [ 101.8386332, 33.1935461 ], [ 101.838264, 33.1938635 ], [ 101.8370702, 33.1947202 ], [ 101.8362984, 33.1951673 ], [ 101.8360404, 33.1953963 ], [ 101.8356846, 33.1958549 ], [ 101.8355523, 33.1960363 ], [ 101.8346629, 33.1974824 ], [ 101.8331749, 33.2000278 ], [ 101.8329466, 33.2005572 ], [ 101.8290946, 33.210571 ], [ 101.8289069, 33.2113542 ], [ 101.8289136, 33.2117161 ], [ 101.8289632, 33.212361 ], [ 101.8290724, 33.2128859 ], [ 101.8293234, 33.2138657 ], [ 101.8294319, 33.2142422 ], [ 101.8295005, 33.2145048 ], [ 101.829484, 33.2146136 ], [ 101.8294465, 33.2146924 ], [ 101.8292984, 33.2148378 ], [ 101.8290865, 33.2150269 ], [ 101.8285928, 33.2153665 ], [ 101.8281939, 33.2156177 ], [ 101.8275928, 33.2159312 ], [ 101.8273297, 33.2160405 ], [ 101.8165243, 33.2203766 ], [ 101.8119029, 33.2212429 ], [ 101.8115595, 33.2212338 ], [ 101.8112287, 33.2213086 ], [ 101.8109793, 33.2215029 ], [ 101.8073206, 33.225279 ], [ 101.8071231, 33.2255277 ], [ 101.8044038, 33.228 ], [ 101.7962744, 33.2348959 ], [ 101.7961874, 33.2349083 ], [ 101.7958352, 33.2348867 ], [ 101.7950357, 33.2346841 ], [ 101.7940102, 33.2343408 ], [ 101.7901197, 33.232311 ], [ 101.789605, 33.2318829 ], [ 101.7844344, 33.235642 ], [ 101.7738174, 33.2441172 ], [ 101.7729332, 33.244838 ], [ 101.7702809, 33.2473266 ], [ 101.7695082, 33.2480891 ], [ 101.769219, 33.2486092 ], [ 101.7690336, 33.2494049 ], [ 101.7689576, 33.2508087 ], [ 101.7693029, 33.2533315 ], [ 101.7695855, 33.2546547 ], [ 101.770153, 33.2559736 ], [ 101.7706818, 33.257166 ], [ 101.770965, 33.2580397 ], [ 101.7710354, 33.2584444 ], [ 101.7709809, 33.2587804 ], [ 101.7700312, 33.2629067 ], [ 101.7698536, 33.2631549 ], [ 101.7689631, 33.264 ], [ 101.7683196, 33.2645701 ], [ 101.7675517, 33.2650125 ], [ 101.7665267, 33.2653603 ], [ 101.765635, 33.2660573 ], [ 101.7679488, 33.2690184 ], [ 101.7694341, 33.2707389 ], [ 101.7752293, 33.2720368 ], [ 101.7823898, 33.2740199 ], [ 101.7835179, 33.2743768 ], [ 101.7836958, 33.2744546 ], [ 101.7842012, 33.2747098 ], [ 101.7848483, 33.2750406 ], [ 101.785124, 33.2753565 ], [ 101.7852884, 33.2758641 ], [ 101.7853282, 33.2761538 ], [ 101.7856578, 33.2769779 ], [ 101.7862128, 33.2781585 ], [ 101.7864722, 33.2786851 ], [ 101.7865121, 33.278765 ], [ 101.7865459, 33.2788136 ], [ 101.7877313, 33.2803256 ], [ 101.7881639, 33.2808021 ], [ 101.7887897, 33.2812782 ], [ 101.7889761, 33.2813978 ], [ 101.7893194, 33.2815782 ], [ 101.7899273, 33.2817735 ], [ 101.791913, 33.2821486 ], [ 101.7922258, 33.2821626 ], [ 101.7943346, 33.2819982 ], [ 101.8009739, 33.2823522 ], [ 101.8022145, 33.2824659 ], [ 101.803148, 33.28263 ], [ 101.8043544, 33.2828565 ], [ 101.8048676, 33.2830354 ], [ 101.8066868, 33.2843753 ], [ 101.8068613, 33.2845415 ], [ 101.8069393, 33.2846775 ], [ 101.8074598, 33.2858639 ], [ 101.8075589, 33.2861943 ], [ 101.8075557, 33.2872621 ], [ 101.8075041, 33.2875731 ], [ 101.8074618, 33.287899 ], [ 101.8073362, 33.2900139 ], [ 101.8074131, 33.2902972 ], [ 101.8074822, 33.2903697 ], [ 101.807625, 33.2904075 ], [ 101.8078579, 33.2904001 ], [ 101.8080766, 33.2903004 ], [ 101.8120704, 33.2860941 ], [ 101.8127363, 33.2853475 ], [ 101.813163, 33.2848378 ], [ 101.813437, 33.2844695 ], [ 101.8140739, 33.283074 ], [ 101.8161853, 33.2797234 ], [ 101.8219861, 33.2730885 ], [ 101.8220548, 33.2730417 ], [ 101.822114, 33.273023 ], [ 101.8221479, 33.2730241 ], [ 101.8223367, 33.2732472 ], [ 101.8231679, 33.2743097 ], [ 101.8233446, 33.2745683 ], [ 101.8252504, 33.2780376 ], [ 101.8284923, 33.2853152 ], [ 101.8285464, 33.2862739 ], [ 101.8283545, 33.288093 ], [ 101.8282688, 33.2891644 ], [ 101.8283088, 33.2898227 ], [ 101.8287771, 33.2917885 ], [ 101.8288654, 33.292037 ], [ 101.8291376, 33.2927044 ], [ 101.8297272, 33.2933815 ], [ 101.8299328, 33.2935747 ], [ 101.8301275, 33.2937524 ], [ 101.8305502, 33.2940238 ], [ 101.8307818, 33.294135 ], [ 101.8309665, 33.2941893 ], [ 101.8314293, 33.2941921 ], [ 101.8325833, 33.2940424 ], [ 101.8330563, 33.2939663 ], [ 101.834089, 33.2940399 ], [ 101.8347343, 33.2941945 ], [ 101.8358022, 33.2944997 ], [ 101.8366511, 33.2947936 ], [ 101.8376731, 33.2952222 ], [ 101.8389451, 33.295816 ], [ 101.8476224, 33.3000353 ], [ 101.8479317, 33.3002157 ], [ 101.8481728, 33.3004627 ], [ 101.8501481, 33.3029988 ], [ 101.8512353, 33.3047142 ], [ 101.8516479, 33.3056389 ], [ 101.8525253, 33.3080172 ], [ 101.8544391, 33.3113478 ], [ 101.8546957, 33.3116808 ], [ 101.8551303, 33.3122016 ], [ 101.8553047, 33.3123603 ], [ 101.8573023, 33.3141112 ], [ 101.8587193, 33.3150428 ], [ 101.8592278, 33.3151806 ], [ 101.8597998, 33.3152684 ], [ 101.8606094, 33.3152603 ], [ 101.8614836, 33.3152338 ], [ 101.8622784, 33.3151545 ], [ 101.8627826, 33.3149323 ], [ 101.8689761, 33.3157072 ], [ 101.875725, 33.3167489 ], [ 101.8758653, 33.3168193 ], [ 101.8759792, 33.3170061 ], [ 101.8772376, 33.320608 ], [ 101.8772416, 33.3207279 ], [ 101.8771853, 33.3208461 ], [ 101.8751805, 33.3237439 ], [ 101.8746609, 33.3244907 ], [ 101.8742596, 33.324894 ], [ 101.8736349, 33.325167 ], [ 101.8733216, 33.3253237 ], [ 101.8730598, 33.3255971 ], [ 101.8717169, 33.327479 ], [ 101.8712904, 33.3281518 ], [ 101.8708598, 33.3288714 ], [ 101.8708397, 33.3294823 ], [ 101.8709715, 33.3301361 ], [ 101.8722897, 33.3325518 ], [ 101.8747112, 33.339916 ], [ 101.8747528, 33.3405518 ], [ 101.8747755, 33.3412401 ], [ 101.8745642, 33.3446113 ], [ 101.8743081, 33.3480004 ], [ 101.8740778, 33.3495976 ], [ 101.8739291, 33.3503189 ], [ 101.87369, 33.3512274 ], [ 101.8737096, 33.3518232 ], [ 101.8739671, 33.3525234 ], [ 101.8768672, 33.3568092 ], [ 101.8771333, 33.3571388 ], [ 101.8777069, 33.3573802 ], [ 101.8782973, 33.3575054 ], [ 101.8788506, 33.3577588 ], [ 101.8791318, 33.3581286 ], [ 101.8808234, 33.3615664 ], [ 101.8809034, 33.362111 ], [ 101.8808941, 33.3626006 ], [ 101.8807126, 33.3640102 ], [ 101.8798432, 33.3685068 ], [ 101.8796852, 33.3688096 ], [ 101.8796716, 33.3700309 ], [ 101.8801832, 33.3747584 ], [ 101.8803444, 33.3757224 ], [ 101.8838542, 33.3834192 ], [ 101.8843952, 33.3844558 ], [ 101.8847127, 33.3849278 ], [ 101.8866017, 33.3876062 ], [ 101.8885211, 33.3895694 ], [ 101.8891679, 33.3902146 ], [ 101.895179, 33.3959081 ], [ 101.9013137, 33.3978359 ], [ 101.9032539, 33.4007299 ], [ 101.9037722, 33.4039919 ], [ 101.9037815, 33.4042721 ], [ 101.9039138, 33.4045158 ], [ 101.9045126, 33.4048519 ], [ 101.9071045, 33.4058163 ], [ 101.9076639, 33.4059971 ], [ 101.9087287, 33.4061368 ], [ 101.9094001, 33.4062206 ], [ 101.9103968, 33.40636 ], [ 101.911153, 33.4067221 ], [ 101.9118617, 33.4072752 ], [ 101.9121791, 33.4077381 ], [ 101.9131795, 33.4092793 ], [ 101.9140582, 33.4107238 ], [ 101.9173959, 33.4227798 ], [ 101.9171691, 33.4232514 ], [ 101.9164748, 33.4236458 ], [ 101.9157322, 33.424016 ], [ 101.9150803, 33.4245197 ], [ 101.9142826, 33.4258228 ], [ 101.9140378, 33.4262446 ], [ 101.9137868, 33.4268022 ], [ 101.9136729, 33.4270774 ], [ 101.9135373, 33.427405 ], [ 101.9135916, 33.4277383 ], [ 101.9242634, 33.436857 ], [ 101.9247187, 33.4372442 ], [ 101.9253823, 33.4374094 ], [ 101.926507, 33.4374914 ], [ 101.9275594, 33.4373489 ], [ 101.9295668, 33.4370573 ], [ 101.9348124, 33.438742 ], [ 101.9435112, 33.4422861 ], [ 101.9439676, 33.442496 ], [ 101.944367, 33.4428567 ], [ 101.9450519, 33.4435638 ], [ 101.9450572, 33.4437198 ], [ 101.944929, 33.4440154 ], [ 101.9447316, 33.4441041 ], [ 101.9447431, 33.4441554 ], [ 101.9344856, 33.4457726 ], [ 101.9265346, 33.4480968 ], [ 101.9246631, 33.4492758 ], [ 101.9228875, 33.451732 ], [ 101.9232217, 33.4545625 ], [ 101.92333, 33.4554793 ], [ 101.9233932, 33.456015 ], [ 101.9245146, 33.4588957 ], [ 101.9265694, 33.4641738 ], [ 101.926629, 33.4643269 ], [ 101.9276117, 33.4702558 ], [ 101.9273002, 33.4728332 ], [ 101.9239915, 33.4762936 ], [ 101.9128112, 33.4786153 ], [ 101.9091652, 33.4799582 ], [ 101.9065216, 33.4815 ], [ 101.9045878, 33.4836601 ], [ 101.9041409, 33.4841592 ], [ 101.902552, 33.4872599 ], [ 101.9025242, 33.4873141 ], [ 101.9013362, 33.4896321 ], [ 101.8988201, 33.4970006 ], [ 101.8989934, 33.5013833 ], [ 101.9015601, 33.5060149 ], [ 101.9032709, 33.5107559 ], [ 101.8973982, 33.5165224 ], [ 101.8964234, 33.5181006 ], [ 101.8961747, 33.5197702 ], [ 101.897047, 33.5233324 ], [ 101.9028462, 33.5333604 ], [ 101.9033723, 33.5342698 ], [ 101.9048304, 33.5397262 ], [ 101.9051442, 33.5409004 ], [ 101.9052685, 33.5413653 ], [ 101.9053782, 33.5417759 ], [ 101.9056541, 33.5428081 ], [ 101.9056573, 33.5428075 ], [ 101.9056625, 33.5428397 ], [ 101.9056059, 33.543025 ], [ 101.9054293, 33.5436029 ], [ 101.9052771, 33.5441006 ], [ 101.9040286, 33.5481856 ], [ 101.9036194, 33.5495245 ], [ 101.9034082, 33.5502151 ], [ 101.9017243, 33.5557237 ], [ 101.8960624, 33.5608434 ], [ 101.8891164, 33.5637218 ], [ 101.8834634, 33.5653086 ], [ 101.8827865, 33.5659988 ], [ 101.8810226, 33.5677971 ], [ 101.8808782, 33.5679443 ], [ 101.880671, 33.5684195 ], [ 101.8805103, 33.5687879 ], [ 101.8818392, 33.5713379 ], [ 101.8829781, 33.5789076 ], [ 101.8822445, 33.5799371 ], [ 101.881992, 33.5802913 ], [ 101.8817738, 33.5805976 ], [ 101.8813443, 33.5812001 ], [ 101.8808793, 33.5818526 ], [ 101.8808667, 33.5818704 ], [ 101.8808416, 33.5818711 ], [ 101.8799268, 33.5818992 ], [ 101.8730098, 33.5821112 ], [ 101.8619016, 33.5878529 ], [ 101.857976, 33.5880209 ], [ 101.8575373, 33.5881702 ], [ 101.8562207, 33.5886183 ], [ 101.8561632, 33.5886739 ], [ 101.8536752, 33.5910813 ], [ 101.8515658, 33.5956524 ], [ 101.8495231, 33.5978007 ], [ 101.8492834, 33.5981671 ], [ 101.8486318, 33.5991636 ], [ 101.8461133, 33.6030146 ], [ 101.8438412, 33.6046212 ], [ 101.8423178, 33.6050315 ], [ 101.8421089, 33.6044883 ], [ 101.8420553, 33.6038738 ], [ 101.842122, 33.6034356 ], [ 101.8421053, 33.602881 ], [ 101.8417222, 33.6018507 ], [ 101.8408872, 33.6000594 ], [ 101.8398943, 33.5981825 ], [ 101.8395463, 33.5976303 ], [ 101.8378435, 33.5959969 ], [ 101.8376069, 33.5958806 ], [ 101.8371831, 33.595837 ], [ 101.8369936, 33.5958175 ], [ 101.8347429, 33.5955201 ], [ 101.8339858, 33.5952127 ], [ 101.8335408, 33.594955 ], [ 101.8331445, 33.5944039 ], [ 101.8329997, 33.5941311 ], [ 101.8328583, 33.5936635 ], [ 101.8299068, 33.5834975 ], [ 101.8295216, 33.5814184 ], [ 101.8295053, 33.5812025 ], [ 101.829502, 33.5811021 ], [ 101.8296163, 33.5808969 ], [ 101.8308806, 33.5757463 ], [ 101.832505, 33.5688842 ], [ 101.8328214, 33.5667062 ], [ 101.8328131, 33.5664515 ], [ 101.8323887, 33.5647617 ], [ 101.8302307, 33.5571816 ], [ 101.8301672, 33.5570207 ], [ 101.830085, 33.5568764 ], [ 101.8299558, 33.556782 ], [ 101.8293863, 33.5566865 ], [ 101.828464, 33.5565319 ], [ 101.8262239, 33.55623 ], [ 101.8248235, 33.5561077 ], [ 101.8231425, 33.5559999 ], [ 101.8219438, 33.5558162 ], [ 101.8190446, 33.5552247 ], [ 101.8110293, 33.5511007 ], [ 101.8102632, 33.550261 ], [ 101.8097839, 33.5495331 ], [ 101.8095028, 33.5489387 ], [ 101.8092595, 33.5486113 ], [ 101.8090055, 33.5485521 ], [ 101.8082137, 33.5486513 ], [ 101.8048773, 33.549823 ], [ 101.8032111, 33.5522721 ], [ 101.8014278, 33.5549998 ], [ 101.8009816, 33.5558948 ], [ 101.7985986, 33.5583762 ], [ 101.7982692, 33.5583837 ], [ 101.7908244, 33.5581662 ], [ 101.7906586, 33.5581375 ], [ 101.7905109, 33.5580678 ], [ 101.7895914, 33.5575671 ], [ 101.7873746, 33.5567339 ], [ 101.7870404, 33.5566755 ], [ 101.7863408, 33.5565532 ], [ 101.7855421, 33.5565905 ], [ 101.7851952, 33.5566592 ], [ 101.7850417, 33.5567114 ], [ 101.7841384, 33.5571624 ], [ 101.7839305, 33.5572825 ], [ 101.7829047, 33.5581072 ], [ 101.7827079, 33.5583227 ], [ 101.7819744, 33.5588852 ], [ 101.7818219, 33.5589658 ], [ 101.7817252, 33.5589761 ], [ 101.7816569, 33.5589613 ], [ 101.7815584, 33.5589149 ], [ 101.7814858, 33.5588764 ], [ 101.7781048, 33.556299 ], [ 101.7770539, 33.5549749 ], [ 101.7769701, 33.5547819 ], [ 101.7768741, 33.5545081 ], [ 101.7758803, 33.5522409 ], [ 101.7723599, 33.5502536 ], [ 101.7690471, 33.548533 ], [ 101.7686542, 33.5483779 ], [ 101.7685441, 33.5482707 ], [ 101.7684774, 33.5481545 ], [ 101.7673075, 33.5455238 ], [ 101.7668233, 33.54372 ], [ 101.7664979, 33.5410777 ], [ 101.7665732, 33.540768 ], [ 101.7673285, 33.5409286 ], [ 101.7691883, 33.5408399 ], [ 101.7707689, 33.5406145 ], [ 101.772006, 33.5402901 ], [ 101.7724812, 33.5400776 ], [ 101.7741508, 33.5390905 ], [ 101.7743856, 33.5388953 ], [ 101.7746177, 33.538617 ], [ 101.7759367, 33.5368661 ], [ 101.776044, 33.5366738 ], [ 101.7760659, 33.5364715 ], [ 101.7764811, 33.5277368 ], [ 101.7764948, 33.5224063 ], [ 101.7764459, 33.5222056 ], [ 101.7762718, 33.5220789 ], [ 101.7748435, 33.5220104 ], [ 101.7731977, 33.5216483 ], [ 101.7730581, 33.5215375 ], [ 101.7730001, 33.5214248 ], [ 101.7728124, 33.5206616 ], [ 101.7719985, 33.5173293 ], [ 101.7719069, 33.5167312 ], [ 101.7717087, 33.5110906 ], [ 101.7717397, 33.5109227 ], [ 101.7727312, 33.5059013 ], [ 101.7735242, 33.5001553 ], [ 101.7734863, 33.4989739 ], [ 101.7732619, 33.4947902 ], [ 101.7731646, 33.4939473 ], [ 101.7727592, 33.4922664 ], [ 101.7709848, 33.4866269 ], [ 101.7684747, 33.4784768 ], [ 101.7681179, 33.4771758 ], [ 101.7679639, 33.4764932 ], [ 101.7665163, 33.4664755 ], [ 101.7665347, 33.4651661 ], [ 101.766782, 33.461133 ], [ 101.7669569, 33.4600216 ], [ 101.7672689, 33.4589699 ], [ 101.767581, 33.4583966 ], [ 101.7682449, 33.4575511 ], [ 101.7690259, 33.4566148 ], [ 101.7696854, 33.4560179 ], [ 101.7708666, 33.4555776 ], [ 101.7709365, 33.4555517 ], [ 101.7710065, 33.4555274 ], [ 101.7711226, 33.4554913 ], [ 101.7711929, 33.4554724 ], [ 101.7712648, 33.4554549 ], [ 101.7713377, 33.4554386 ], [ 101.7714114, 33.4554232 ], [ 101.7714855, 33.4554086 ], [ 101.7715596, 33.4553947 ], [ 101.7718006, 33.45535 ], [ 101.7718734, 33.4553366 ], [ 101.7719468, 33.4553241 ], [ 101.7720212, 33.4553131 ], [ 101.7721454, 33.4553002 ], [ 101.7721058, 33.4552209 ], [ 101.7733469, 33.4544105 ], [ 101.7692078, 33.449956 ], [ 101.7652009, 33.4486485 ], [ 101.7447245, 33.4462514 ], [ 101.7276802, 33.4466308 ], [ 101.7188242, 33.4453166 ], [ 101.7156927, 33.4444755 ], [ 101.7149301, 33.4443842 ], [ 101.7092501, 33.4426949 ], [ 101.6992815, 33.4393175 ], [ 101.6948526, 33.4368445 ], [ 101.693717, 33.43593 ], [ 101.6931941, 33.4352612 ], [ 101.6928986, 33.4344471 ], [ 101.6926869, 33.4330159 ], [ 101.692612, 33.4318408 ], [ 101.6926379, 33.4301777 ], [ 101.692521, 33.4288956 ], [ 101.6917329, 33.4258899 ], [ 101.6910016, 33.4238869 ], [ 101.6906676, 33.4234948 ], [ 101.6901219, 33.4233339 ], [ 101.6891404, 33.4232364 ], [ 101.6885809, 33.4230434 ], [ 101.6881575, 33.4226748 ], [ 101.6842462, 33.4160661 ], [ 101.6799954, 33.4092812 ], [ 101.6758408, 33.4043509 ], [ 101.6751485, 33.4040204 ], [ 101.6747362, 33.4035866 ], [ 101.6726436, 33.4004038 ], [ 101.672222, 33.399668 ], [ 101.6722512, 33.3964178 ], [ 101.6723526, 33.3942672 ], [ 101.6723285, 33.3939007 ], [ 101.6721267, 33.3936136 ], [ 101.6674065, 33.3907679 ], [ 101.6635911, 33.388464 ], [ 101.6599227, 33.3854875 ], [ 101.6597463, 33.385189 ], [ 101.6599851, 33.3841583 ], [ 101.6601824, 33.3834523 ], [ 101.660279, 33.3828241 ], [ 101.6601979, 33.3797382 ], [ 101.6601525, 33.3786704 ], [ 101.6584316, 33.3703297 ], [ 101.6551208, 33.3617314 ], [ 101.6516091, 33.3511509 ], [ 101.6513568, 33.3500443 ], [ 101.6513399, 33.3490622 ], [ 101.6520636, 33.3466285 ], [ 101.6523911, 33.3450438 ], [ 101.6523558, 33.3444227 ], [ 101.6522351, 33.3439692 ], [ 101.6516432, 33.3426414 ], [ 101.6512154, 33.3421047 ], [ 101.6498758, 33.3405511 ], [ 101.6485437, 33.3381543 ], [ 101.6484231, 33.3374314 ], [ 101.64712, 33.3287702 ], [ 101.6471093, 33.3284157 ], [ 101.6475147, 33.3258283 ], [ 101.6476617, 33.3250191 ], [ 101.6523606, 33.3181094 ], [ 101.6524796, 33.3179811 ], [ 101.6575391, 33.3126459 ], [ 101.6578397, 33.3123447 ], [ 101.6615448, 33.3103316 ], [ 101.662793, 33.3096992 ], [ 101.6645477, 33.3091208 ], [ 101.6666698, 33.3085951 ], [ 101.6677253, 33.3084037 ], [ 101.6682964, 33.3083785 ], [ 101.6685161, 33.3083175 ], [ 101.6688067, 33.3080474 ], [ 101.6711126, 33.3054412 ], [ 101.6729508, 33.303217 ], [ 101.6739554, 33.3016986 ], [ 101.6748492, 33.3006022 ], [ 101.6761582, 33.2997737 ], [ 101.6786267, 33.2988791 ], [ 101.6788863, 33.2988626 ], [ 101.679084, 33.2988829 ], [ 101.6793085, 33.2990032 ], [ 101.6827656, 33.3006501 ], [ 101.6871646, 33.3008727 ], [ 101.6922676, 33.3009698 ], [ 101.6990911, 33.3008686 ], [ 101.7001961, 33.3008107 ], [ 101.7080723, 33.3001287 ], [ 101.708141, 33.3001084 ], [ 101.7082025, 33.3000512 ], [ 101.7119602, 33.2964231 ], [ 101.712628, 33.295699 ], [ 101.7131337, 33.2946876 ], [ 101.7131906, 33.2945285 ], [ 101.7132036, 33.2943238 ], [ 101.713113, 33.293227 ], [ 101.7130502, 33.2909949 ], [ 101.7131663, 33.2907925 ], [ 101.7132867, 33.2906613 ], [ 101.7152674, 33.2901129 ], [ 101.7165298, 33.2899598 ], [ 101.7175926, 33.2900144 ], [ 101.7185436, 33.2901123 ], [ 101.7191509, 33.2901174 ], [ 101.7204901, 33.2897693 ], [ 101.7283426, 33.2863911 ], [ 101.7288565, 33.28615 ], [ 101.7289769, 33.2860716 ], [ 101.7292519, 33.2858092 ], [ 101.7336007, 33.2812406 ], [ 101.7349262, 33.2795318 ], [ 101.7362771, 33.2773922 ], [ 101.7364636, 33.2770081 ], [ 101.7379339, 33.2728914 ], [ 101.7382604, 33.2719671 ], [ 101.7385707, 33.2710216 ], [ 101.7390199, 33.2695712 ], [ 101.7390108, 33.2692801 ], [ 101.738487, 33.2686008 ], [ 101.7366959, 33.2668365 ], [ 101.7327422, 33.2632401 ], [ 101.7275397, 33.2590933 ], [ 101.7270505, 33.2589267 ], [ 101.726474, 33.258717 ], [ 101.7259839, 33.2584029 ], [ 101.7253548, 33.257876 ], [ 101.7248231, 33.2570051 ], [ 101.7237768, 33.2550856 ], [ 101.7237764, 33.2548002 ], [ 101.7238754, 33.2545082 ], [ 101.7242427, 33.2540676 ], [ 101.7250971, 33.2530625 ], [ 101.7257669, 33.2522691 ], [ 101.725974, 33.2519562 ], [ 101.7267323, 33.2507757 ], [ 101.7268556, 33.250502 ], [ 101.7268623, 33.2504565 ], [ 101.7268656, 33.2503683 ], [ 101.726036, 33.2428163 ], [ 101.7257371, 33.2420169 ], [ 101.7254911, 33.2414466 ], [ 101.7253874, 33.241267 ], [ 101.7252205, 33.2410622 ], [ 101.7250094, 33.2408858 ], [ 101.7246726, 33.2406895 ], [ 101.723734, 33.2403211 ], [ 101.7237077, 33.2403153 ], [ 101.7233404, 33.240162 ], [ 101.719258, 33.2312929 ], [ 101.717635, 33.2265117 ], [ 101.7156785, 33.2228921 ], [ 101.7069425, 33.2149911 ], [ 101.6992371, 33.2114507 ], [ 101.6855927, 33.2057182 ], [ 101.6842115, 33.2056417 ], [ 101.6813181, 33.205257 ], [ 101.6809871, 33.2051822 ], [ 101.6765329, 33.203228 ], [ 101.6765027, 33.2032061 ], [ 101.676474, 33.2031765 ], [ 101.6764203, 33.203092 ], [ 101.6764151, 33.2030677 ], [ 101.6764149, 33.2030411 ], [ 101.6764223, 33.2029972 ], [ 101.676483, 33.2027849 ], [ 101.6770115, 33.2021713 ], [ 101.6793073, 33.1991982 ], [ 101.6840387, 33.1926871 ], [ 101.6848247, 33.1915188 ], [ 101.6851866, 33.190869 ], [ 101.6866314, 33.1882184 ], [ 101.686755, 33.1879901 ], [ 101.6867862, 33.1878845 ], [ 101.6867824, 33.1877591 ], [ 101.6867512, 33.1876624 ], [ 101.6853901, 33.1846817 ], [ 101.6852929, 33.1844781 ], [ 101.685165, 33.1842663 ], [ 101.680609, 33.1787772 ], [ 101.6801076, 33.1783275 ], [ 101.6756293, 33.1745175 ], [ 101.6748704, 33.1739195 ], [ 101.6721979, 33.1723914 ], [ 101.6631797, 33.1675672 ], [ 101.653695, 33.1654305 ], [ 101.6541244, 33.1614573 ], [ 101.6551313, 33.1605017 ], [ 101.6560758, 33.1594074 ], [ 101.6567556, 33.1578144 ], [ 101.657948, 33.1550081 ], [ 101.6582224, 33.1543164 ], [ 101.6586996, 33.1528998 ], [ 101.6589079, 33.1519334 ], [ 101.6587415, 33.1412111 ], [ 101.6581962, 33.1378108 ], [ 101.654955, 33.1364721 ], [ 101.650955, 33.1342599 ], [ 101.6482572, 33.130666 ], [ 101.6476358, 33.1297197 ], [ 101.6466741, 33.1265547 ], [ 101.6460956, 33.1239956 ], [ 101.6458406, 33.1222823 ], [ 101.6443569, 33.1207703 ], [ 101.6410368, 33.1180391 ], [ 101.6354986, 33.1098563 ], [ 101.6318097, 33.1038038 ], [ 101.6312036, 33.103356 ], [ 101.6293406, 33.103071 ], [ 101.627938, 33.1029593 ], [ 101.6268344, 33.1031145 ], [ 101.6255025, 33.1033227 ], [ 101.6252017, 33.1035446 ], [ 101.6247604, 33.1041381 ], [ 101.6242721, 33.1057877 ], [ 101.6239438, 33.1071702 ], [ 101.6236465, 33.1080903 ], [ 101.6160589, 33.1134601 ], [ 101.6102612, 33.1161633 ], [ 101.6074822, 33.1217136 ], [ 101.6036363, 33.1224335 ], [ 101.6003821, 33.125509 ], [ 101.6001141, 33.126019 ], [ 101.600457, 33.1284282 ], [ 101.600253, 33.1287245 ], [ 101.598965, 33.1297084 ], [ 101.5982481, 33.1301455 ], [ 101.5933755, 33.1335976 ], [ 101.5846713, 33.1415964 ], [ 101.5810548, 33.1457455 ], [ 101.5812635, 33.1468202 ], [ 101.5796571, 33.1495298 ], [ 101.5787093, 33.1507213 ], [ 101.5783751, 33.1508269 ], [ 101.5767533, 33.1510208 ], [ 101.5744216, 33.1514804 ], [ 101.5737454, 33.151763 ], [ 101.5604854, 33.1614161 ], [ 101.5597854, 33.162028 ], [ 101.5597978, 33.1647027 ], [ 101.5599275, 33.1664749 ], [ 101.5598269, 33.1667124 ], [ 101.5576598, 33.1686259 ], [ 101.5566611, 33.1691924 ], [ 101.5525683, 33.171108 ], [ 101.5447838, 33.1750292 ], [ 101.5414982, 33.1775168 ], [ 101.5360352, 33.1805065 ], [ 101.5302339, 33.1814568 ], [ 101.5287025, 33.1812245 ], [ 101.5285344, 33.1812429 ], [ 101.5283657, 33.1813228 ], [ 101.5283032, 33.1813765 ], [ 101.5279163, 33.1818008 ], [ 101.5272691, 33.1829313 ], [ 101.5267906, 33.1845225 ], [ 101.5267522, 33.1852447 ], [ 101.5268145, 33.1856101 ], [ 101.5270773, 33.1864877 ], [ 101.5273705, 33.1880955 ], [ 101.5273669, 33.1885065 ], [ 101.527226, 33.1887949 ], [ 101.5267243, 33.1892421 ], [ 101.5256418, 33.1898005 ], [ 101.5209589, 33.1917621 ], [ 101.5208724, 33.1917847 ], [ 101.5205941, 33.191819 ], [ 101.5202412, 33.1918261 ], [ 101.5197761, 33.1917393 ], [ 101.5185388, 33.1914486 ], [ 101.5181166, 33.1913223 ], [ 101.5178107, 33.1913285 ], [ 101.5173373, 33.1914181 ], [ 101.5166984, 33.1916289 ], [ 101.5164261, 33.1918054 ], [ 101.5157034, 33.1923517 ], [ 101.5149896, 33.1929014 ], [ 101.5139719, 33.1938711 ], [ 101.513883, 33.193975 ], [ 101.5137914, 33.1942123 ], [ 101.5137529, 33.194509 ], [ 101.5137355, 33.1951757 ], [ 101.5137245, 33.1956122 ], [ 101.512649, 33.2011551 ], [ 101.5116693, 33.2059953 ], [ 101.5115915, 33.2061569 ], [ 101.5113075, 33.2063011 ], [ 101.5079586, 33.2069247 ], [ 101.5063726, 33.2071323 ], [ 101.5041326, 33.2074172 ], [ 101.5035013, 33.2075033 ], [ 101.5026503, 33.2078063 ], [ 101.5016341, 33.2083477 ], [ 101.5009809, 33.2090735 ], [ 101.499076, 33.2118145 ], [ 101.4965431, 33.2177044 ], [ 101.4933286, 33.2236416 ], [ 101.492988, 33.2240197 ], [ 101.4922967, 33.2247761 ], [ 101.4880216, 33.2280259 ], [ 101.4868496, 33.228606 ], [ 101.4861967, 33.2288168 ], [ 101.4853541, 33.2289787 ], [ 101.4845389, 33.228995 ], [ 101.4829785, 33.2287361 ], [ 101.4810413, 33.2283248 ], [ 101.4781595, 33.2276572 ], [ 101.4737132, 33.2267149 ], [ 101.4727833, 33.2265229 ], [ 101.4723813, 33.2264398 ], [ 101.4704933, 33.2262936 ], [ 101.468884, 33.2262431 ], [ 101.4673757, 33.2262731 ], [ 101.4669236, 33.2263515 ], [ 101.4664084, 33.22649 ], [ 101.4649006, 33.2270866 ], [ 101.4643349, 33.2272347 ], [ 101.4637123, 33.2273742 ], [ 101.4630354, 33.2274949 ], [ 101.4623388, 33.227586 ], [ 101.4614421, 33.227665 ], [ 101.460585, 33.2277073 ], [ 101.4585668, 33.2277487 ], [ 101.4581701, 33.2277565 ], [ 101.4570971, 33.2275981 ], [ 101.454423, 33.2269581 ], [ 101.4531626, 33.2266495 ], [ 101.452686, 33.2265396 ], [ 101.4521975, 33.2264967 ], [ 101.4516461, 33.2264848 ], [ 101.4511653, 33.2265012 ], [ 101.4505031, 33.2265547 ], [ 101.4499266, 33.2266235 ], [ 101.449314, 33.2267184 ], [ 101.448864, 33.2268043 ], [ 101.4483358, 33.2269256 ], [ 101.4454175, 33.227633 ], [ 101.4447055, 33.2278319 ], [ 101.4395727, 33.2295878 ], [ 101.4363535, 33.2307312 ], [ 101.4356553, 33.2310104 ], [ 101.4344135, 33.2315943 ], [ 101.4339021, 33.2318215 ], [ 101.4335356, 33.2319635 ], [ 101.4331796, 33.2320706 ], [ 101.4328047, 33.232139 ], [ 101.4324328, 33.2321673 ], [ 101.4289094, 33.2323722 ], [ 101.4281435, 33.232269 ], [ 101.4278198, 33.2321041 ], [ 101.4269316, 33.2316514 ], [ 101.4252864, 33.2306119 ], [ 101.4241623, 33.2298997 ], [ 101.422298, 33.2289235 ], [ 101.4221168, 33.2288834 ], [ 101.4209646, 33.2286288 ], [ 101.4122346, 33.2277242 ], [ 101.4118523, 33.2276978 ], [ 101.40721, 33.2277201 ], [ 101.4039307, 33.2283354 ], [ 101.403431, 33.2284189 ], [ 101.4029888, 33.2283114 ], [ 101.3986559, 33.2263594 ], [ 101.3981854, 33.2261364 ], [ 101.3980337, 33.2259334 ], [ 101.3941259, 33.2200456 ], [ 101.3911043, 33.2139202 ], [ 101.3898351, 33.2133909 ], [ 101.388636, 33.2125569 ], [ 101.3871883, 33.2112267 ], [ 101.3866106, 33.2101699 ], [ 101.386494, 33.2093415 ], [ 101.3867187, 33.2089548 ], [ 101.3871658, 33.2086693 ], [ 101.3880034, 33.2083237 ], [ 101.3897722, 33.2076173 ], [ 101.3909175, 33.2070547 ], [ 101.3917672, 33.2054298 ], [ 101.3922714, 33.2037853 ], [ 101.3922553, 33.2031923 ], [ 101.3917817, 33.2025026 ], [ 101.3910078, 33.2017264 ], [ 101.3904362, 33.2011676 ], [ 101.390349, 33.2008233 ], [ 101.3903877, 33.2002617 ], [ 101.3924268, 33.1939334 ], [ 101.3927937, 33.1930527 ], [ 101.3940155, 33.1906595 ], [ 101.3947993, 33.1894973 ], [ 101.3948687, 33.1891664 ], [ 101.3948124, 33.1888247 ], [ 101.3929553, 33.1867177 ], [ 101.3923907, 33.1861321 ], [ 101.3919747, 33.1857519 ], [ 101.391595, 33.1855738 ], [ 101.3903215, 33.1826193 ], [ 101.3897525, 33.1755238 ], [ 101.3897786, 33.1735983 ], [ 101.3901545, 33.1724309 ], [ 101.390746, 33.1712417 ], [ 101.3919293, 33.1695159 ], [ 101.3928047, 33.1684185 ], [ 101.3915862, 33.1617238 ], [ 101.3886845, 33.1590584 ], [ 101.3855155, 33.1561487 ], [ 101.3843402, 33.1551316 ], [ 101.3828221, 33.1544923 ], [ 101.3820259, 33.1544333 ], [ 101.3810826, 33.1548041 ], [ 101.3802083, 33.1557356 ], [ 101.3754276, 33.1608612 ], [ 101.374347, 33.1647532 ], [ 101.3742662, 33.1650588 ], [ 101.3742268, 33.1653108 ], [ 101.3743821, 33.1658306 ], [ 101.374688, 33.16642 ], [ 101.3749717, 33.1666877 ], [ 101.3750214, 33.1667346 ], [ 101.3750692, 33.1668654 ], [ 101.3744563, 33.1685858 ], [ 101.3739314, 33.1700514 ], [ 101.3730148, 33.1718725 ], [ 101.3717215, 33.1736797 ], [ 101.3702282, 33.1745836 ], [ 101.3700162, 33.1746299 ], [ 101.3696276, 33.1746373 ], [ 101.3691606, 33.1745301 ], [ 101.3674666, 33.174035 ], [ 101.3659593, 33.1734835 ], [ 101.365457, 33.1734614 ], [ 101.3651735, 33.1736461 ], [ 101.3617416, 33.1760437 ], [ 101.3612069, 33.176568 ], [ 101.3611671, 33.1767673 ], [ 101.3611509, 33.1773997 ], [ 101.3608163, 33.1801221 ], [ 101.3603662, 33.1814623 ], [ 101.3597997, 33.1819741 ], [ 101.3587337, 33.1825037 ], [ 101.3577179, 33.1828626 ], [ 101.3565829, 33.1830503 ], [ 101.3560276, 33.1833904 ], [ 101.3557557, 33.1837779 ], [ 101.3548707, 33.1876182 ], [ 101.3547476, 33.188293 ], [ 101.3550231, 33.1888895 ], [ 101.3557846, 33.1898794 ], [ 101.3562774, 33.1911254 ], [ 101.3560896, 33.1952621 ], [ 101.3555639, 33.1962184 ], [ 101.3494247, 33.2012176 ], [ 101.3445637, 33.2040937 ], [ 101.3437468, 33.204476 ], [ 101.3428928, 33.2051874 ], [ 101.3427159, 33.2063109 ], [ 101.3429319, 33.2092425 ], [ 101.3427182, 33.2098453 ], [ 101.3372002, 33.2192003 ], [ 101.3356684, 33.2212183 ], [ 101.3346172, 33.2223003 ], [ 101.333495, 33.2233064 ], [ 101.3322282, 33.2240641 ], [ 101.3307943, 33.2244096 ], [ 101.3306754, 33.2244331 ], [ 101.3298434, 33.2245974 ], [ 101.3279182, 33.2254833 ], [ 101.3272669, 33.2258817 ], [ 101.3264675, 33.2269319 ], [ 101.3259513, 33.2321162 ], [ 101.3276041, 33.2374575 ], [ 101.3275968, 33.2378748 ], [ 101.3272632, 33.2384682 ], [ 101.3264367, 33.2398897 ], [ 101.3260722, 33.2403844 ], [ 101.3257779, 33.2407352 ], [ 101.3237868, 33.2428866 ], [ 101.3232727, 33.2434062 ], [ 101.3227944, 33.2438324 ], [ 101.3223761, 33.2441346 ], [ 101.3222378, 33.2442158 ], [ 101.3219706, 33.244343 ], [ 101.32184, 33.2443905 ], [ 101.3216093, 33.2444513 ], [ 101.3207488, 33.2444386 ], [ 101.3187383, 33.244238 ], [ 101.3175308, 33.2442062 ], [ 101.3154134, 33.2448069 ], [ 101.3095568, 33.2466179 ], [ 101.3090442, 33.2467904 ], [ 101.3089652, 33.2470634 ], [ 101.3056899, 33.2528097 ], [ 101.301399, 33.2595578 ], [ 101.3006063, 33.2603604 ], [ 101.2956918, 33.2637704 ], [ 101.2951015, 33.2641521 ], [ 101.2948211, 33.2642315 ], [ 101.2851748, 33.2667157 ], [ 101.2846381, 33.2667849 ], [ 101.2837998, 33.2668004 ], [ 101.2803046, 33.2668349 ], [ 101.2756662, 33.2670386 ], [ 101.2749397, 33.2676229 ], [ 101.2738891, 33.2686434 ], [ 101.2723719, 33.270058 ], [ 101.2713824, 33.2707139 ], [ 101.2711963, 33.2706877 ], [ 101.2703816, 33.2700906 ], [ 101.2698365, 33.2696903 ], [ 101.2642113, 33.2670851 ], [ 101.2565093, 33.2655765 ], [ 101.2495371, 33.264898 ], [ 101.2440735, 33.2649401 ], [ 101.2426846, 33.2652308 ], [ 101.2329352, 33.2693801 ], [ 101.2277431, 33.2707038 ], [ 101.2270738, 33.2710373 ], [ 101.2269148, 33.271233 ], [ 101.2268006, 33.2714738 ], [ 101.226805, 33.2716482 ], [ 101.2269946, 33.2722259 ], [ 101.2272208, 33.2725614 ], [ 101.2272757, 33.2726823 ], [ 101.2272479, 33.2728134 ], [ 101.2265115, 33.2738667 ], [ 101.226306, 33.2739531 ], [ 101.2260877, 33.2739662 ], [ 101.2246556, 33.2736042 ], [ 101.223495, 33.2733032 ], [ 101.2224312, 33.2729112 ], [ 101.2217883, 33.2725645 ], [ 101.2210422, 33.2720269 ], [ 101.2205732, 33.2716403 ], [ 101.2201238, 33.27073 ], [ 101.2157143, 33.2610648 ], [ 101.215718, 33.2607801 ], [ 101.2157604, 33.2602926 ], [ 101.2157876, 33.2600717 ], [ 101.2159129, 33.2598398 ], [ 101.2160853, 33.2595574 ], [ 101.2161963, 33.2593756 ], [ 101.2165532, 33.2587907 ], [ 101.2167106, 33.2585307 ], [ 101.216824, 33.2582624 ], [ 101.2168224, 33.2581981 ], [ 101.2166685, 33.2581641 ], [ 101.2147392, 33.2579939 ], [ 101.20457, 33.2575978 ], [ 101.2044565, 33.2576172 ], [ 101.2043659, 33.2577233 ], [ 101.2029168, 33.2620637 ], [ 101.2028705, 33.2623952 ], [ 101.2026334, 33.2642729 ], [ 101.2027418, 33.2651067 ], [ 101.2028771, 33.266142 ], [ 101.203609, 33.2682964 ], [ 101.2037695, 33.2694599 ], [ 101.2037589, 33.2699101 ], [ 101.2034743, 33.2703284 ], [ 101.2025701, 33.2713271 ], [ 101.2023564, 33.2715237 ], [ 101.202195, 33.2716276 ], [ 101.2020208, 33.2716582 ], [ 101.2018462, 33.2716705 ], [ 101.1896751, 33.2724274 ], [ 101.1882223, 33.2724806 ], [ 101.1873699, 33.2724956 ], [ 101.1824989, 33.2722598 ], [ 101.1823543, 33.2721613 ], [ 101.1821278, 33.2718438 ], [ 101.1806353, 33.2698588 ], [ 101.1778409, 33.2677395 ], [ 101.1737174, 33.2656075 ], [ 101.1727684, 33.2651928 ], [ 101.1711187, 33.2643498 ], [ 101.1708087, 33.26419 ], [ 101.1706607, 33.2639538 ], [ 101.169231, 33.2613981 ], [ 101.1690979, 33.2608769 ], [ 101.1694617, 33.2561409 ], [ 101.1698584, 33.2536176 ], [ 101.1694537, 33.2500706 ], [ 101.1694187, 33.2499793 ], [ 101.1692976, 33.2499447 ], [ 101.1663559, 33.2492371 ], [ 101.1659126, 33.2491956 ], [ 101.1650889, 33.2494762 ], [ 101.1639221, 33.2500292 ], [ 101.1638931, 33.2500481 ], [ 101.1629539, 33.2506614 ], [ 101.162269, 33.2508111 ], [ 101.1617899, 33.2508837 ], [ 101.1593491, 33.2511924 ], [ 101.1589676, 33.2512358 ], [ 101.1550974, 33.2503111 ], [ 101.1544474, 33.250102 ], [ 101.1536308, 33.2497855 ], [ 101.1533866, 33.2496336 ], [ 101.1531968, 33.2494716 ], [ 101.1530128, 33.2490982 ], [ 101.1525384, 33.2475819 ], [ 101.1523743, 33.2466847 ], [ 101.1527526, 33.2465129 ], [ 101.1529771, 33.2463069 ], [ 101.1532328, 33.2460362 ], [ 101.1539311, 33.2442057 ], [ 101.154269, 33.2432814 ], [ 101.1545054, 33.2425303 ], [ 101.1551282, 33.2404379 ], [ 101.1551652, 33.2401618 ], [ 101.1550863, 33.2396213 ], [ 101.1549, 33.2391561 ], [ 101.1531856, 33.2361717 ], [ 101.1530975, 33.2360648 ], [ 101.1528547, 33.235968 ], [ 101.1522987, 33.2360236 ], [ 101.1516259, 33.2362189 ], [ 101.1502159, 33.2366566 ], [ 101.1493904, 33.2368637 ], [ 101.1480885, 33.2368035 ], [ 101.1443096, 33.2364555 ], [ 101.1441442, 33.2363941 ], [ 101.144063, 33.2362026 ], [ 101.1420502, 33.2329862 ], [ 101.1340005, 33.2278145 ], [ 101.1325846, 33.227104 ], [ 101.1319588, 33.2268943 ], [ 101.1311775, 33.2267608 ], [ 101.1302834, 33.2266586 ], [ 101.1285466, 33.2267765 ], [ 101.127888, 33.2266555 ], [ 101.1262592, 33.2261764 ], [ 101.1258253, 33.2259487 ], [ 101.1240587, 33.2248327 ], [ 101.1237566, 33.2246322 ], [ 101.1234833, 33.224174 ], [ 101.1230991, 33.2234679 ], [ 101.1228485, 33.2227732 ], [ 101.1227617, 33.2225011 ], [ 101.1227328, 33.2223595 ], [ 101.1227129, 33.2221736 ], [ 101.122701, 33.2220607 ], [ 101.1226996, 33.221797 ], [ 101.1227399, 33.2213998 ], [ 101.1227991, 33.2211111 ], [ 101.1228879, 33.2208017 ], [ 101.1230385, 33.2203985 ], [ 101.1235377, 33.2159369 ], [ 101.1207344, 33.2044496 ], [ 101.1189453, 33.2027388 ], [ 101.1152169, 33.1988862 ], [ 101.1148689, 33.1982235 ], [ 101.1146291, 33.1976986 ], [ 101.1146261, 33.1975737 ], [ 101.1193964, 33.1904524 ], [ 101.1214792, 33.1896188 ], [ 101.1254314, 33.1898843 ], [ 101.1257653, 33.1899261 ], [ 101.1261573, 33.1899752 ], [ 101.1291729, 33.1904632 ], [ 101.130881, 33.1908566 ], [ 101.131864, 33.191083 ], [ 101.1320812, 33.1910333 ], [ 101.1355247, 33.1900214 ], [ 101.1356308, 33.1898933 ], [ 101.1356397, 33.189698 ], [ 101.1355489, 33.1865196 ], [ 101.1354355, 33.1857868 ], [ 101.1351996, 33.1850676 ], [ 101.1337066, 33.1830085 ], [ 101.132512, 33.1814861 ], [ 101.131415, 33.1803844 ], [ 101.1295696, 33.1790476 ], [ 101.1287387, 33.1781067 ], [ 101.1284885, 33.1776977 ], [ 101.1282387, 33.1714293 ], [ 101.1282534, 33.1711351 ], [ 101.1314149, 33.1668677 ], [ 101.1317337, 33.1665556 ], [ 101.1320012, 33.1663204 ], [ 101.132257, 33.1661208 ], [ 101.1325064, 33.1659505 ], [ 101.1332233, 33.1654962 ], [ 101.1334865, 33.1653858 ], [ 101.1338361, 33.1653739 ], [ 101.1338569, 33.1653774 ], [ 101.1347846, 33.1655342 ], [ 101.13545, 33.1655639 ], [ 101.1374693, 33.1654469 ], [ 101.1392905, 33.1652391 ], [ 101.1408115, 33.1650599 ], [ 101.1419354, 33.1646639 ], [ 101.1421096, 33.1644922 ], [ 101.1422059, 33.1642316 ], [ 101.1421611, 33.1639264 ], [ 101.1420689, 33.1586002 ], [ 101.142268, 33.1529215 ], [ 101.1422968, 33.152784 ], [ 101.1423512, 33.152671 ], [ 101.1424588, 33.1525972 ], [ 101.1426107, 33.1525431 ], [ 101.1431008, 33.1525346 ], [ 101.1436236, 33.1525697 ], [ 101.1472278, 33.1528622 ], [ 101.1500616, 33.1531536 ], [ 101.153039, 33.1523159 ], [ 101.1560196, 33.1503952 ], [ 101.1563318, 33.1501937 ], [ 101.1580396, 33.1487698 ], [ 101.1580365, 33.1486414 ], [ 101.1560902, 33.144903 ], [ 101.1541516, 33.142283 ], [ 101.1541785, 33.1418588 ], [ 101.1538497, 33.1371801 ], [ 101.1538365, 33.1370234 ], [ 101.1508712, 33.1333206 ], [ 101.1506155, 33.1331231 ], [ 101.1501203, 33.1329481 ], [ 101.148829, 33.1327776 ], [ 101.1485426, 33.1326633 ], [ 101.1484847, 33.1325266 ], [ 101.1484442, 33.1323616 ], [ 101.14873, 33.1310777 ], [ 101.1490133, 33.1304608 ], [ 101.1496199, 33.1293283 ], [ 101.1498598, 33.1289378 ], [ 101.150185, 33.1284083 ], [ 101.1540262, 33.1241755 ], [ 101.1543119, 33.1240371 ], [ 101.1559203, 33.12346 ], [ 101.1568944, 33.1232549 ], [ 101.157679, 33.123143 ], [ 101.158229, 33.1231632 ], [ 101.1595463, 33.1232465 ], [ 101.1600438, 33.1232619 ], [ 101.1604843, 33.1232381 ], [ 101.1606797, 33.1232042 ], [ 101.1608614, 33.1231547 ], [ 101.1612432, 33.1230007 ], [ 101.1616163, 33.1227873 ], [ 101.1618579, 33.1225999 ], [ 101.1619722, 33.122491 ], [ 101.1621204, 33.1223232 ], [ 101.1622769, 33.1221058 ], [ 101.1624924, 33.1217249 ], [ 101.1626921, 33.1212742 ], [ 101.1649031, 33.1152224 ], [ 101.1662158, 33.1109625 ], [ 101.1673379, 33.1046422 ], [ 101.1674714, 33.1036277 ], [ 101.1676021, 33.1024955 ], [ 101.1675189, 33.100245 ], [ 101.1674884, 33.0996365 ], [ 101.167343, 33.0995341 ], [ 101.158548, 33.0964981 ], [ 101.1549384, 33.0959735 ], [ 101.1546816, 33.0961384 ], [ 101.1545336, 33.0962142 ], [ 101.1541911, 33.0963477 ], [ 101.1539938, 33.0964033 ], [ 101.1537479, 33.0964559 ], [ 101.1533629, 33.0965134 ], [ 101.1529544, 33.0965521 ], [ 101.1525386, 33.0965745 ], [ 101.1517496, 33.0965813 ], [ 101.1513434, 33.0965678 ], [ 101.1508933, 33.0965073 ], [ 101.1486552, 33.0956516 ], [ 101.1466332, 33.0945956 ], [ 101.146339, 33.094381 ], [ 101.1460153, 33.0941041 ], [ 101.1410952, 33.0876447 ], [ 101.1410424, 33.0873867 ], [ 101.141015, 33.0870262 ], [ 101.1407526, 33.0835098 ], [ 101.1407763, 33.0826895 ], [ 101.1408988, 33.0823448 ], [ 101.1411823, 33.0820462 ], [ 101.1449498, 33.0736489 ], [ 101.143665, 33.0635519 ], [ 101.1436282, 33.0632948 ], [ 101.1435601, 33.0630125 ], [ 101.1434615, 33.0627307 ], [ 101.1432698, 33.0623989 ], [ 101.1430781, 33.0620671 ], [ 101.1426048, 33.0614825 ], [ 101.1423213, 33.0611523 ], [ 101.1412717, 33.0604152 ], [ 101.141528, 33.0600963 ], [ 101.1423035, 33.0595527 ], [ 101.1432731, 33.0590462 ], [ 101.1448949, 33.0582964 ], [ 101.144988, 33.0582948 ], [ 101.1511704, 33.0583479 ], [ 101.1551725, 33.0584095 ], [ 101.1576658, 33.0592609 ], [ 101.1577713, 33.0592591 ], [ 101.1579826, 33.0592231 ], [ 101.1586045, 33.0590354 ], [ 101.1594122, 33.058786 ], [ 101.1602409, 33.0585087 ], [ 101.16838, 33.0541238 ], [ 101.1684595, 33.0540701 ], [ 101.1690855, 33.0529999 ], [ 101.1691049, 33.0528989 ], [ 101.1690381, 33.0526094 ], [ 101.1688214, 33.0521126 ], [ 101.1685783, 33.0518238 ], [ 101.1702563, 33.0480622 ], [ 101.1721343, 33.0483381 ], [ 101.1769821, 33.0487715 ], [ 101.177262, 33.0487875 ], [ 101.1774668, 33.0487787 ], [ 101.1794736, 33.0485501 ], [ 101.1795598, 33.0485172 ], [ 101.182766, 33.0441599 ], [ 101.1827449, 33.0440608 ], [ 101.182636, 33.0439261 ], [ 101.1816879, 33.0427533 ], [ 101.180924, 33.0420029 ], [ 101.1794208, 33.0400392 ], [ 101.1792553, 33.0398141 ], [ 101.1792509, 33.0396363 ], [ 101.1800177, 33.0359715 ], [ 101.1804891, 33.0334262 ], [ 101.1809449, 33.0292438 ], [ 101.1809142, 33.0290037 ], [ 101.1808123, 33.0289009 ], [ 101.1794684, 33.0287988 ], [ 101.1782093, 33.0286116 ], [ 101.176333, 33.0280689 ], [ 101.1757147, 33.0278738 ], [ 101.1751529, 33.0275559 ], [ 101.1742486, 33.0266405 ], [ 101.1735892, 33.025687 ], [ 101.1733032, 33.0252538 ], [ 101.171595, 33.0224298 ], [ 101.1712012, 33.0217439 ], [ 101.1708742, 33.021134 ], [ 101.1704437, 33.020236 ], [ 101.170236, 33.0197431 ], [ 101.1700537, 33.019259 ], [ 101.1699186, 33.0188504 ], [ 101.1698028, 33.0184427 ], [ 101.1697064, 33.0180309 ], [ 101.1696291, 33.0176097 ], [ 101.1695416, 33.0168943 ], [ 101.1694954, 33.016165 ], [ 101.1694876, 33.0154748 ], [ 101.1695332, 33.0147643 ], [ 101.1696825, 33.0136214 ], [ 101.1702819, 33.0117538 ], [ 101.1710878, 33.0101808 ], [ 101.1721033, 33.008552 ], [ 101.1737065, 33.0060759 ], [ 101.1758391, 33.0025602 ], [ 101.1759451, 33.0023471 ], [ 101.1760276, 33.0021444 ], [ 101.1760926, 33.0019214 ], [ 101.176136, 33.0016247 ], [ 101.1761362, 33.0013536 ], [ 101.1761098, 33.0011061 ], [ 101.1758697, 33.0001892 ], [ 101.1758624, 33.0001615 ], [ 101.1757979, 32.999867 ], [ 101.1757288, 32.9994215 ], [ 101.1757892, 32.9985691 ], [ 101.1764746, 32.9974088 ], [ 101.1769193, 32.9968707 ], [ 101.1783484, 32.9953993 ], [ 101.1833706, 32.9893413 ], [ 101.1840522, 32.988431 ], [ 101.1840815, 32.9883246 ], [ 101.1840686, 32.9880639 ], [ 101.1840907, 32.9879835 ], [ 101.1786115, 32.9869113 ], [ 101.1778534, 32.986763 ], [ 101.1702693, 32.9852784 ], [ 101.1621584, 32.9853157 ], [ 101.1608028, 32.9858764 ], [ 101.1601667, 32.9859832 ], [ 101.1578275, 32.9863758 ], [ 101.1376209, 32.9897655 ], [ 101.1328161, 32.9914242 ], [ 101.128552, 32.9918147 ], [ 101.1270281, 32.9913474 ], [ 101.1271589, 32.9910444 ], [ 101.1260056, 32.9854833 ], [ 101.1259735, 32.9850464 ], [ 101.126027, 32.9845716 ], [ 101.1261903, 32.9841678 ], [ 101.1266731, 32.9835581 ], [ 101.1269882, 32.9831699 ], [ 101.1273267, 32.9828543 ], [ 101.1276206, 32.9824847 ], [ 101.1282693, 32.9815805 ], [ 101.1300689, 32.9734955 ], [ 101.1310867, 32.9687727 ], [ 101.1306504, 32.9661108 ], [ 101.1300936, 32.9599521 ], [ 101.1305622, 32.9595407 ], [ 101.1322169, 32.9579832 ], [ 101.1324427, 32.957422 ], [ 101.1325192, 32.9571676 ], [ 101.1325344, 32.9568923 ], [ 101.1322921, 32.953508 ], [ 101.1296056, 32.9449791 ], [ 101.1258097, 32.9394239 ], [ 101.1256994, 32.9392737 ], [ 101.1258098, 32.93888 ], [ 101.1281742, 32.933735 ], [ 101.1290487, 32.9319573 ], [ 101.1299768, 32.9305651 ], [ 101.1305519, 32.9291414 ], [ 101.1307178, 32.9287305 ], [ 101.1308988, 32.928033 ], [ 101.130498, 32.9257659 ], [ 101.1303998, 32.9252754 ], [ 101.130258, 32.9247675 ], [ 101.1302153, 32.9246737 ], [ 101.1282413, 32.9235158 ], [ 101.1271328, 32.9229964 ], [ 101.1219082, 32.9169733 ], [ 101.1206542, 32.9153551 ], [ 101.119568, 32.9133357 ], [ 101.1195583, 32.9133086 ], [ 101.1196134, 32.913126 ], [ 101.1312104, 32.9043407 ], [ 101.1322085, 32.9042644 ], [ 101.1325535, 32.9043682 ], [ 101.1328028, 32.9044943 ], [ 101.1391738, 32.9051061 ], [ 101.1538389, 32.904064 ], [ 101.160369, 32.9034648 ], [ 101.1608147, 32.9033309 ], [ 101.1626095, 32.9023103 ], [ 101.1631371, 32.9018921 ], [ 101.1643819, 32.9001527 ], [ 101.1652516, 32.8988672 ], [ 101.1661508, 32.8976622 ], [ 101.1662442, 32.8975497 ], [ 101.1663945, 32.8973687 ], [ 101.167395, 32.8970434 ], [ 101.1694413, 32.8968172 ], [ 101.1710746, 32.8967741 ], [ 101.1734026, 32.8966672 ], [ 101.1740984, 32.8964311 ], [ 101.174457, 32.8962409 ], [ 101.1749304, 32.8959898 ], [ 101.1765998, 32.894964 ], [ 101.177947, 32.8936909 ], [ 101.1781937, 32.8934348 ], [ 101.1829813, 32.8880088 ], [ 101.1842768, 32.8854729 ], [ 101.1848851, 32.8847582 ], [ 101.1856626, 32.8843141 ], [ 101.1860382, 32.8840996 ], [ 101.187357, 32.8834753 ], [ 101.1890589, 32.8829211 ], [ 101.1893047, 32.882841 ], [ 101.1911466, 32.8824885 ], [ 101.1919283, 32.8823389 ], [ 101.1929103, 32.8823725 ], [ 101.1931754, 32.8823571 ], [ 101.1935315, 32.8820732 ], [ 101.1962257, 32.879177 ], [ 101.2007368, 32.8740727 ], [ 101.2012689, 32.8734472 ], [ 101.2017138, 32.8727742 ], [ 101.2018933, 32.8723318 ], [ 101.2018769, 32.8716689 ], [ 101.2016798, 32.8704283 ], [ 101.2017344, 32.8701312 ], [ 101.2019464, 32.8699148 ], [ 101.202933, 32.8690466 ], [ 101.2041186, 32.8685271 ], [ 101.2044177, 32.8684325 ], [ 101.2053183, 32.868228 ], [ 101.2077803, 32.867905 ], [ 101.2117265, 32.8673884 ], [ 101.2130214, 32.8672256 ], [ 101.2160064, 32.8661176 ], [ 101.2186813, 32.8647332 ], [ 101.2191425, 32.8643633 ], [ 101.2192776, 32.8640416 ], [ 101.2222775, 32.853456 ], [ 101.2220982, 32.8528746 ], [ 101.2205893, 32.848112 ], [ 101.2190825, 32.8443426 ], [ 101.2189538, 32.8440679 ], [ 101.2190008, 32.8437041 ], [ 101.22206, 32.8394901 ], [ 101.223402, 32.8380398 ], [ 101.2259483, 32.8359589 ], [ 101.2282103, 32.8346194 ], [ 101.2301814, 32.8336729 ], [ 101.2312316, 32.8333299 ], [ 101.2318825, 32.8330362 ], [ 101.2350612, 32.8310861 ], [ 101.2364292, 32.8296971 ], [ 101.2368753, 32.8291092 ], [ 101.2366501, 32.8285887 ], [ 101.2366166, 32.8285449 ], [ 101.2347411, 32.8249642 ], [ 101.2331229, 32.8208482 ], [ 101.232959, 32.8203522 ], [ 101.2329108, 32.8196367 ], [ 101.2330012, 32.819286 ], [ 101.2331594, 32.8186728 ], [ 101.2323933, 32.8146529 ], [ 101.2317037, 32.8111048 ], [ 101.2305649, 32.8082163 ], [ 101.2291922, 32.8048123 ], [ 101.2280821, 32.8022095 ], [ 101.227014, 32.8000794 ], [ 101.226716, 32.7990613 ], [ 101.2267003, 32.7988659 ], [ 101.2278753, 32.7927082 ], [ 101.2281734, 32.7919098 ], [ 101.2285769, 32.7910838 ], [ 101.2295772, 32.7905032 ], [ 101.2301408, 32.7904518 ], [ 101.2311487, 32.79036 ], [ 101.2318416, 32.7902069 ], [ 101.2324507, 32.7897356 ], [ 101.23314, 32.7882265 ], [ 101.2334989, 32.7874397 ], [ 101.2334729, 32.7870053 ], [ 101.2323995, 32.7832754 ], [ 101.2321521, 32.7826821 ], [ 101.2313807, 32.7820654 ], [ 101.2301729, 32.7815852 ], [ 101.2299025, 32.7814777 ], [ 101.2271856, 32.7801833 ], [ 101.2269372, 32.7799421 ], [ 101.22337, 32.7748557 ], [ 101.2220307, 32.7724665 ], [ 101.221958, 32.7722444 ], [ 101.2219787, 32.7719083 ], [ 101.2223008, 32.7716079 ], [ 101.2233063, 32.7711233 ], [ 101.2241403, 32.7707565 ], [ 101.2244687, 32.7703249 ], [ 101.2258258, 32.7668375 ], [ 101.2260757, 32.7655886 ], [ 101.2269416, 32.7583237 ], [ 101.2240869, 32.7499123 ], [ 101.2244076, 32.7469681 ], [ 101.2249757, 32.7455244 ], [ 101.2251393, 32.7450876 ], [ 101.2251498, 32.7443423 ], [ 101.225143, 32.7442398 ], [ 101.2250874, 32.7433937 ], [ 101.2243871, 32.7370445 ], [ 101.2232376, 32.7324963 ], [ 101.220601, 32.7238316 ], [ 101.2200732, 32.7228585 ], [ 101.219098, 32.7214184 ], [ 101.2114035, 32.7126219 ], [ 101.2110384, 32.7123499 ], [ 101.2101125, 32.7121125 ], [ 101.2087204, 32.7118177 ], [ 101.2071957, 32.711648 ], [ 101.2065217, 32.7114143 ], [ 101.203696, 32.7087457 ], [ 101.2027318, 32.7057661 ], [ 101.2003832, 32.6992491 ], [ 101.2002606, 32.6989893 ], [ 101.1933756, 32.6894813 ], [ 101.1930855, 32.6891016 ], [ 101.1861974, 32.6857585 ], [ 101.1824807, 32.6840359 ], [ 101.1817616, 32.6840164 ], [ 101.180672, 32.6849766 ], [ 101.1804287, 32.685191 ], [ 101.1793597, 32.6857414 ], [ 101.1787927, 32.6860334 ], [ 101.1785075, 32.6861279 ], [ 101.1783513, 32.6859259 ], [ 101.1766541, 32.683188 ], [ 101.1685838, 32.6752411 ], [ 101.1685732, 32.6752342 ], [ 101.1675921, 32.6745218 ], [ 101.166254, 32.6732012 ], [ 101.1656734, 32.6725481 ], [ 101.1654268, 32.6718706 ], [ 101.1652046, 32.6710721 ], [ 101.1648007, 32.6700124 ], [ 101.1643433, 32.6690046 ], [ 101.1608562, 32.6653972 ], [ 101.1573037, 32.6617221 ], [ 101.1470499, 32.6608728 ], [ 101.1468645, 32.660863 ], [ 101.1467113, 32.66089 ], [ 101.1439094, 32.6619384 ], [ 101.140769, 32.6629029 ], [ 101.1397117, 32.662921 ], [ 101.1319737, 32.6626216 ], [ 101.131174, 32.6625539 ], [ 101.128641, 32.6619706 ], [ 101.1275289, 32.6617048 ], [ 101.1263459, 32.6612857 ], [ 101.12525, 32.6608894 ], [ 101.1239845, 32.6602358 ], [ 101.1193128, 32.6558087 ], [ 101.1181088, 32.6539657 ], [ 101.1179278, 32.6535203 ], [ 101.117883, 32.6533859 ], [ 101.1172753, 32.6509548 ], [ 101.1162018, 32.6421154 ], [ 101.1160775, 32.6409809 ], [ 101.1162659, 32.6403493 ], [ 101.1165233, 32.6398488 ], [ 101.1170868, 32.6392863 ], [ 101.1180003, 32.6384819 ], [ 101.1193562, 32.6376863 ], [ 101.1202162, 32.6374684 ], [ 101.1229862, 32.6370842 ], [ 101.1231656, 32.6370501 ], [ 101.1231526, 32.6370011 ], [ 101.1231387, 32.6369488 ], [ 101.1230397, 32.6365764 ], [ 101.122347, 32.6360669 ], [ 101.1218231, 32.6356815 ], [ 101.1216512, 32.6355551 ], [ 101.1210882, 32.6354051 ], [ 101.1192987, 32.6349281 ], [ 101.1191817, 32.634897 ], [ 101.1175586, 32.634995 ], [ 101.1171947, 32.635134 ], [ 101.1128935, 32.6367765 ], [ 101.1109907, 32.6382655 ], [ 101.1101871, 32.6388943 ], [ 101.1099033, 32.6395917 ], [ 101.1076226, 32.6563637 ], [ 101.1108114, 32.6631329 ], [ 101.111006, 32.6636667 ], [ 101.1125302, 32.667848 ], [ 101.1125856, 32.6680001 ], [ 101.1125414, 32.6689952 ], [ 101.1113316, 32.6726466 ], [ 101.1108784, 32.6740145 ], [ 101.1107765, 32.674322 ], [ 101.1096358, 32.6752712 ], [ 101.107104, 32.6751492 ], [ 101.1055246, 32.6741635 ], [ 101.1072297, 32.6718565 ], [ 101.1065413, 32.6708129 ], [ 101.1039477, 32.6696761 ], [ 101.1000084, 32.6688515 ], [ 101.0905672, 32.6710945 ], [ 101.0816962, 32.6744254 ], [ 101.080399, 32.6757596 ], [ 101.0768923, 32.6793658 ], [ 101.0763, 32.6804522 ], [ 101.0762661, 32.6824629 ], [ 101.0747545, 32.6840331 ], [ 101.0705954, 32.6836011 ], [ 101.0664141, 32.6807335 ], [ 101.0612112, 32.6804261 ], [ 101.0603287, 32.6801065 ], [ 101.0591705, 32.6795884 ], [ 101.0517183, 32.6758066 ], [ 101.0498122, 32.6744929 ], [ 101.0492256, 32.6740155 ], [ 101.0484588, 32.673337 ], [ 101.047613, 32.6723166 ], [ 101.0466605, 32.6714231 ], [ 101.0453619, 32.6702616 ], [ 101.0445916, 32.6696666 ], [ 101.0349373, 32.6639171 ], [ 101.0340426, 32.6634761 ], [ 101.0325132, 32.6628531 ], [ 101.0315546, 32.6624417 ], [ 101.030195, 32.6618235 ], [ 101.0300387, 32.6617461 ], [ 101.0299341, 32.6616752 ], [ 101.0243246, 32.6548935 ], [ 101.0186081, 32.6465345 ], [ 101.0180767, 32.64599 ], [ 101.0145938, 32.6426582 ], [ 101.0141053, 32.6423081 ], [ 101.0131544, 32.6419167 ], [ 101.0121473, 32.6415912 ], [ 101.0105063, 32.6412922 ], [ 101.0096381, 32.6411093 ], [ 101.0092876, 32.6409369 ], [ 101.0087544, 32.6406334 ], [ 101.0083803, 32.6404053 ], [ 101.0019429, 32.6363392 ], [ 101.001154, 32.6358401 ], [ 101.0009997, 32.6357425 ], [ 101.0004737, 32.6352387 ], [ 101.00017, 32.6346389 ], [ 100.999722, 32.6327367 ], [ 100.9996551, 32.6320083 ], [ 100.9990335, 32.6314175 ], [ 100.9978012, 32.6307292 ], [ 100.9957346, 32.6301399 ], [ 100.988881, 32.6286182 ], [ 100.9869463, 32.6282627 ], [ 100.9846105, 32.6281066 ], [ 100.9833954, 32.6281902 ], [ 100.9828435, 32.6284563 ], [ 100.9824207, 32.6288277 ], [ 100.9820444, 32.6290053 ], [ 100.9819766, 32.6290241 ], [ 100.9817168, 32.6290963 ], [ 100.9802876, 32.6286683 ], [ 100.9763315, 32.6274649 ], [ 100.9720672, 32.6260731 ], [ 100.9702819, 32.6255863 ], [ 100.9692386, 32.6254096 ], [ 100.9682789, 32.6255748 ], [ 100.9672206, 32.6258703 ], [ 100.965983, 32.6260827 ], [ 100.9643915, 32.6263436 ], [ 100.9640874, 32.6263484 ], [ 100.9576285, 32.623124 ], [ 100.9563718, 32.6224571 ], [ 100.9507629, 32.6186613 ], [ 100.9424429, 32.6125472 ], [ 100.9351531, 32.6071462 ], [ 100.9322537, 32.604213 ], [ 100.9319642, 32.6039446 ], [ 100.9316244, 32.6037315 ], [ 100.9313895, 32.6036041 ], [ 100.9311552, 32.6034986 ], [ 100.9272435, 32.6022053 ], [ 100.9259912, 32.6018592 ], [ 100.925765, 32.6019485 ], [ 100.9254471, 32.6024897 ], [ 100.9251162, 32.6036104 ], [ 100.9249074, 32.6056946 ], [ 100.924623, 32.6078015 ], [ 100.9245481, 32.6080601 ], [ 100.9245273, 32.6081269 ], [ 100.9202928, 32.6151192 ], [ 100.9200693, 32.6153371 ], [ 100.917294, 32.6171387 ], [ 100.9151931, 32.6184795 ], [ 100.9145298, 32.6188619 ], [ 100.9144669, 32.6188982 ], [ 100.9074878, 32.6221152 ], [ 100.906737, 32.6213757 ], [ 100.9054764, 32.6193139 ], [ 100.9048455, 32.6182507 ], [ 100.9040933, 32.6174469 ], [ 100.9031195, 32.6169468 ], [ 100.9016673, 32.6166041 ], [ 100.9004961, 32.6163644 ], [ 100.8987733, 32.6163704 ], [ 100.8982448, 32.6165915 ], [ 100.8972275, 32.6176367 ], [ 100.8943095, 32.6211134 ], [ 100.8937292, 32.6219379 ], [ 100.8935465, 32.6221976 ], [ 100.8928603, 32.6233235 ], [ 100.8916296, 32.6262812 ], [ 100.8911752, 32.6275753 ], [ 100.8899973, 32.6306395 ], [ 100.8880159, 32.6352819 ], [ 100.8878905, 32.6353482 ], [ 100.8871781, 32.6352302 ], [ 100.8853151, 32.6346575 ], [ 100.8832391, 32.6335945 ], [ 100.8822683, 32.6332443 ], [ 100.8819406, 32.633335 ], [ 100.8776669, 32.6362953 ], [ 100.8752365, 32.635259 ], [ 100.8721685, 32.634039 ], [ 100.8720169, 32.6340627 ], [ 100.8716963, 32.6344966 ], [ 100.8714927, 32.6356796 ], [ 100.8714621, 32.6366455 ], [ 100.8714427, 32.6381475 ], [ 100.8711346, 32.6391819 ], [ 100.8708012, 32.6402167 ], [ 100.8696931, 32.6417993 ], [ 100.8661904, 32.640414 ], [ 100.8645476, 32.6394516 ], [ 100.8630103, 32.6386806 ], [ 100.8615525, 32.6380801 ], [ 100.8609931, 32.6380025 ], [ 100.8609499, 32.638007 ], [ 100.8604062, 32.6380627 ], [ 100.8602593, 32.6380778 ], [ 100.8595064, 32.6384537 ], [ 100.8587082, 32.6390877 ], [ 100.8581273, 32.6404264 ], [ 100.8570505, 32.6423088 ], [ 100.8567032, 32.6426787 ], [ 100.8562745, 32.6427923 ], [ 100.8528291, 32.6428173 ], [ 100.8511197, 32.6424394 ], [ 100.8498714, 32.6421574 ], [ 100.8488583, 32.6422153 ], [ 100.8484729, 32.642514 ], [ 100.8482093, 32.6427183 ], [ 100.8475123, 32.6433507 ], [ 100.8462971, 32.6446773 ], [ 100.8454541, 32.6456122 ], [ 100.8451876, 32.6462168 ], [ 100.8453512, 32.6467722 ], [ 100.8456664, 32.6473039 ], [ 100.8458273, 32.6477307 ], [ 100.8456552, 32.6479906 ], [ 100.8450044, 32.6484078 ], [ 100.8432697, 32.6491413 ], [ 100.8407285, 32.6501226 ], [ 100.8386388, 32.6508612 ], [ 100.8337577, 32.6515119 ], [ 100.8328197, 32.6515256 ], [ 100.8325391, 32.6514439 ], [ 100.8269909, 32.6492292 ], [ 100.8263488, 32.6488309 ], [ 100.8250262, 32.6478702 ], [ 100.8241062, 32.6470399 ], [ 100.8190403, 32.647328 ], [ 100.8063944, 32.648991 ], [ 100.8053881, 32.6493917 ], [ 100.8035555, 32.6503191 ], [ 100.8024117, 32.6514512 ], [ 100.8011467, 32.6541297 ], [ 100.8006701, 32.6556598 ], [ 100.8005176, 32.6569063 ], [ 100.8000698, 32.6573418 ], [ 100.7988885, 32.6578737 ], [ 100.7975262, 32.6582364 ], [ 100.796408, 32.6581237 ], [ 100.7961209, 32.6579028 ], [ 100.7959701, 32.6577867 ], [ 100.7944197, 32.65635 ], [ 100.7935281, 32.6548824 ], [ 100.790691, 32.6512328 ], [ 100.7853383, 32.6447655 ], [ 100.784911, 32.6443002 ], [ 100.7826475, 32.6419155 ], [ 100.7818257, 32.641314 ], [ 100.7816539, 32.6412443 ], [ 100.7801552, 32.6409048 ], [ 100.7795152, 32.6408778 ], [ 100.7788341, 32.6409236 ], [ 100.7773467, 32.6411611 ], [ 100.7738362, 32.6425815 ], [ 100.7732458, 32.6429145 ], [ 100.7722898, 32.6435425 ], [ 100.7716631, 32.6442547 ], [ 100.7713836, 32.6445723 ], [ 100.7679511, 32.6489735 ], [ 100.7679448, 32.6500321 ], [ 100.7679587, 32.6507399 ], [ 100.7682418, 32.6522377 ], [ 100.7682629, 32.6545974 ], [ 100.7682615, 32.6556035 ], [ 100.768191, 32.6562698 ], [ 100.7671653, 32.6645462 ], [ 100.7669173, 32.6657611 ], [ 100.766738, 32.6660326 ], [ 100.7664878, 32.6662078 ], [ 100.7654219, 32.6661799 ], [ 100.7638456, 32.6659875 ], [ 100.7631542, 32.6656539 ], [ 100.7614499, 32.664322 ], [ 100.7614283, 32.6643051 ], [ 100.761397, 32.6642688 ], [ 100.7602603, 32.6629484 ], [ 100.7597916, 32.6621872 ], [ 100.75928, 32.6609208 ], [ 100.7592543, 32.6607956 ], [ 100.7584374, 32.6579322 ], [ 100.7576127, 32.6559699 ], [ 100.7572724, 32.6553099 ], [ 100.7569537, 32.6546919 ], [ 100.7557863, 32.6533566 ], [ 100.7547148, 32.6530283 ], [ 100.7531927, 32.6530067 ], [ 100.7520015, 32.6530447 ], [ 100.7511524, 32.6532192 ], [ 100.7507848, 32.6534291 ], [ 100.7505806, 32.6535701 ], [ 100.7498654, 32.6541301 ], [ 100.7491131, 32.6548534 ], [ 100.7479846, 32.6561612 ], [ 100.7473462, 32.6569287 ], [ 100.7463502, 32.6577554 ], [ 100.7457048, 32.6581653 ], [ 100.7453628, 32.6583652 ], [ 100.7448656, 32.6584913 ], [ 100.7442781, 32.6585862 ], [ 100.7432795, 32.6586217 ], [ 100.7412013, 32.6584772 ], [ 100.740058, 32.6583196 ], [ 100.7395459, 32.6583376 ], [ 100.7365069, 32.6588565 ], [ 100.7285314, 32.6611666 ], [ 100.727832, 32.6614364 ], [ 100.7274261, 32.6616479 ], [ 100.726581, 32.6622241 ], [ 100.7200776, 32.6661824 ], [ 100.7132819, 32.6693556 ], [ 100.7109101, 32.6716839 ], [ 100.7107726, 32.6722913 ], [ 100.7104461, 32.6728777 ], [ 100.7084546, 32.6757266 ], [ 100.6999486, 32.6791159 ], [ 100.69947, 32.6791584 ], [ 100.698911, 32.6790296 ], [ 100.6987196, 32.6789855 ], [ 100.6969413, 32.6783495 ], [ 100.6957037, 32.6780709 ], [ 100.6944681, 32.6778965 ], [ 100.6939749, 32.6778858 ], [ 100.6931966, 32.6780006 ], [ 100.692523, 32.6782181 ], [ 100.6920996, 32.6786407 ], [ 100.6917868, 32.6794787 ], [ 100.6915565, 32.6803329 ], [ 100.6914119, 32.6809197 ], [ 100.6913847, 32.6810301 ], [ 100.6909452, 32.6815804 ], [ 100.6902065, 32.6822808 ], [ 100.6892737, 32.6829475 ], [ 100.688001, 32.6838185 ], [ 100.6869601, 32.6844503 ], [ 100.6864406, 32.684684 ], [ 100.6861695, 32.684679 ], [ 100.6856611, 32.6839227 ], [ 100.6836844, 32.6791327 ], [ 100.6836294, 32.678699 ], [ 100.6835258, 32.6777556 ], [ 100.6835374, 32.6772285 ], [ 100.6835953, 32.6768825 ], [ 100.6844974, 32.6757258 ], [ 100.6855266, 32.6744764 ], [ 100.6875479, 32.6723656 ], [ 100.6943872, 32.6655208 ], [ 100.7011407, 32.6592822 ], [ 100.7022638, 32.6581543 ], [ 100.706556, 32.6528962 ], [ 100.7111946, 32.6454469 ], [ 100.7120627, 32.6434988 ], [ 100.7121715, 32.6426911 ], [ 100.7124108, 32.6375696 ], [ 100.7120905, 32.635103 ], [ 100.7119218, 32.6343106 ], [ 100.7120314, 32.6337889 ], [ 100.7141588, 32.6307253 ], [ 100.7150259, 32.6296297 ], [ 100.7155793, 32.629102 ], [ 100.7164538, 32.6283964 ], [ 100.7169866, 32.6276811 ], [ 100.7186647, 32.625245 ], [ 100.7189794, 32.6247349 ], [ 100.7190556, 32.624257 ], [ 100.7159973, 32.6178975 ], [ 100.7154216, 32.6172551 ], [ 100.7106192, 32.6138323 ], [ 100.7085739, 32.6127101 ], [ 100.7078741, 32.6123825 ], [ 100.7076437, 32.6122748 ], [ 100.706395, 32.6121472 ], [ 100.705764, 32.6121847 ], [ 100.7020932, 32.613983 ], [ 100.6984534, 32.6158518 ], [ 100.698417, 32.615964 ], [ 100.6983732, 32.6160771 ], [ 100.6983204, 32.6161928 ], [ 100.6982645, 32.6163 ], [ 100.6978992, 32.6168536 ], [ 100.6973484, 32.6176886 ], [ 100.6968494, 32.618389 ], [ 100.6961293, 32.6191357 ], [ 100.6954538, 32.6195349 ], [ 100.6869079, 32.6236238 ], [ 100.6758311, 32.6297348 ], [ 100.6751221, 32.6301778 ], [ 100.6746058, 32.6303687 ], [ 100.6699381, 32.6309553 ], [ 100.6696121, 32.6309203 ], [ 100.663835, 32.6251372 ], [ 100.6619235, 32.6214526 ], [ 100.6606474, 32.6189581 ], [ 100.6602847, 32.6180417 ], [ 100.6579082, 32.6106927 ], [ 100.6576116, 32.6091902 ], [ 100.6567437, 32.5992617 ], [ 100.6567442, 32.5984489 ], [ 100.6568925, 32.598093 ], [ 100.6577758, 32.5972817 ], [ 100.6581394, 32.5968443 ], [ 100.6583175, 32.5964224 ], [ 100.6595992, 32.591188 ], [ 100.6597826, 32.5902155 ], [ 100.6598734, 32.5888072 ], [ 100.6599271, 32.5854549 ], [ 100.6590465, 32.5763163 ], [ 100.6588781, 32.567835 ], [ 100.6584597, 32.5612615 ], [ 100.6578237, 32.5569832 ], [ 100.6560488, 32.5513696 ], [ 100.6556976, 32.5499453 ], [ 100.6557703, 32.5480041 ], [ 100.6562401, 32.5471624 ], [ 100.6574201, 32.5459222 ], [ 100.6578235, 32.5455917 ], [ 100.6634239, 32.5382023 ], [ 100.6639977, 32.5374035 ], [ 100.667344, 32.5299096 ], [ 100.6685709, 32.5270755 ], [ 100.6688267, 32.5263785 ], [ 100.6688312, 32.5259341 ], [ 100.6687618, 32.5255918 ], [ 100.6687756, 32.5255886 ], [ 100.6687371, 32.5254703 ], [ 100.6659509, 32.5257763 ], [ 100.6655111, 32.5258246 ], [ 100.6638405, 32.526008 ], [ 100.6635113, 32.5260442 ], [ 100.6632367, 32.5260743 ], [ 100.6622461, 32.5261831 ], [ 100.6454042, 32.5280308 ], [ 100.6445803, 32.5285252 ], [ 100.6440688, 32.5317894 ], [ 100.6440011, 32.5318811 ], [ 100.6432285, 32.5329275 ], [ 100.6392126, 32.5359849 ], [ 100.6356068, 32.5368962 ], [ 100.6321711, 32.5362784 ], [ 100.6317002, 32.5361937 ], [ 100.6292856, 32.5374031 ], [ 100.6285052, 32.5385281 ], [ 100.6276704, 32.5397317 ], [ 100.6273908, 32.5401347 ], [ 100.6230384, 32.5426553 ], [ 100.6225736, 32.5429244 ], [ 100.6220337, 32.5427797 ], [ 100.6213734, 32.5426027 ], [ 100.6205136, 32.5423722 ], [ 100.61944, 32.5404435 ], [ 100.6179249, 32.5394719 ], [ 100.6172439, 32.5395846 ], [ 100.6167303, 32.5396696 ], [ 100.6151031, 32.5410286 ], [ 100.6143858, 32.5420387 ], [ 100.6147684, 32.5435142 ], [ 100.6154617, 32.5461876 ], [ 100.6146313, 32.5473875 ], [ 100.6127334, 32.5476743 ], [ 100.6106854, 32.5479838 ], [ 100.6103974, 32.5480273 ], [ 100.6095322, 32.548158 ], [ 100.6073385, 32.5484894 ], [ 100.6073362, 32.5484783 ], [ 100.6069653, 32.5485361 ], [ 100.6069673, 32.5485455 ], [ 100.6049404, 32.5488516 ], [ 100.6019148, 32.5482242 ], [ 100.601218, 32.5485185 ], [ 100.6004014, 32.5499799 ], [ 100.6004288, 32.5509944 ], [ 100.6021348, 32.5548103 ], [ 100.6020509, 32.5558817 ], [ 100.6014986, 32.5564121 ], [ 100.5996158, 32.5566626 ], [ 100.5982041, 32.5568504 ], [ 100.5964047, 32.5553034 ], [ 100.5927595, 32.553526 ], [ 100.5891967, 32.5532302 ], [ 100.5874404, 32.5545051 ], [ 100.5882653, 32.556691 ], [ 100.5882111, 32.5599901 ], [ 100.5877197, 32.5607971 ], [ 100.5860164, 32.5613657 ], [ 100.5857746, 32.561247 ], [ 100.5844695, 32.5606061 ], [ 100.5838975, 32.5603252 ], [ 100.5827928, 32.5596125 ], [ 100.5813196, 32.558662 ], [ 100.5785818, 32.5568956 ], [ 100.5763347, 32.5554457 ], [ 100.5747041, 32.554816 ], [ 100.5713249, 32.5565962 ], [ 100.570863, 32.5584241 ], [ 100.5716315, 32.5602779 ], [ 100.5751559, 32.5619225 ], [ 100.5762355, 32.5631538 ], [ 100.5762372, 32.5637881 ], [ 100.5714822, 32.565481 ], [ 100.5703051, 32.5656414 ], [ 100.5685733, 32.5658773 ], [ 100.566459, 32.5661653 ], [ 100.5658643, 32.5680969 ], [ 100.5655743, 32.5690388 ], [ 100.5654907, 32.5693104 ], [ 100.5648082, 32.5715268 ], [ 100.5631932, 32.5723477 ], [ 100.56122, 32.5719599 ], [ 100.5592826, 32.569304 ], [ 100.5576043, 32.5680959 ], [ 100.5557124, 32.5675246 ], [ 100.5545594, 32.5679909 ], [ 100.5535933, 32.5706114 ], [ 100.5510725, 32.5732194 ], [ 100.5494257, 32.5732953 ], [ 100.545942, 32.5721885 ], [ 100.5439329, 32.5724273 ], [ 100.5422074, 32.5750174 ], [ 100.5424456, 32.577878 ], [ 100.5424646, 32.5781065 ], [ 100.5424714, 32.5781873 ], [ 100.5444928, 32.5816021 ], [ 100.5443507, 32.5836891 ], [ 100.54357, 32.5840396 ], [ 100.5406796, 32.5836945 ], [ 100.5375214, 32.5841138 ], [ 100.5364844, 32.585335 ], [ 100.5347708, 32.5873528 ], [ 100.5346569, 32.5874869 ], [ 100.534021, 32.5891915 ], [ 100.5349252, 32.5919159 ], [ 100.5380435, 32.5938441 ], [ 100.5386957, 32.59474 ], [ 100.5389574, 32.5969014 ], [ 100.5377249, 32.5982248 ], [ 100.5364554, 32.5984782 ], [ 100.5307087, 32.5948852 ], [ 100.527898, 32.5920808 ], [ 100.5268038, 32.5916263 ], [ 100.5251011, 32.5917342 ], [ 100.5232115, 32.5935332 ], [ 100.5227534, 32.5957985 ], [ 100.5235749, 32.5978501 ], [ 100.5304389, 32.6054577 ], [ 100.5275942, 32.6092397 ], [ 100.5248049, 32.6129476 ], [ 100.5238013, 32.6134745 ], [ 100.5153414, 32.6134111 ], [ 100.510122, 32.6116662 ], [ 100.5080545, 32.6118337 ], [ 100.5073035, 32.6123026 ], [ 100.506643, 32.6148161 ], [ 100.5071051, 32.6161188 ], [ 100.5095925, 32.6175161 ], [ 100.5133981, 32.6181839 ], [ 100.51491, 32.6189507 ], [ 100.5160459, 32.6207527 ], [ 100.5159512, 32.6229105 ], [ 100.5153712, 32.6240751 ], [ 100.5143881, 32.6246737 ], [ 100.5104956, 32.6244272 ], [ 100.5062353, 32.6257153 ], [ 100.5044684, 32.6270685 ], [ 100.5033508, 32.6297143 ], [ 100.5049837, 32.6304242 ], [ 100.5078308, 32.6292245 ], [ 100.5079139, 32.6292223 ], [ 100.5094979, 32.6291807 ], [ 100.5151314, 32.6320862 ], [ 100.5158981, 32.6330997 ], [ 100.5157912, 32.6340158 ], [ 100.5157507, 32.6343622 ], [ 100.5135615, 32.6349512 ], [ 100.5129594, 32.6351131 ], [ 100.5122735, 32.6352977 ], [ 100.5104274, 32.6354254 ], [ 100.5093876, 32.6360009 ], [ 100.5087172, 32.6412816 ], [ 100.5026063, 32.6485147 ], [ 100.5020133, 32.6507414 ], [ 100.5017163, 32.651137 ], [ 100.5003482, 32.6529596 ], [ 100.4983839, 32.6550816 ], [ 100.4965422, 32.6552555 ], [ 100.4964795, 32.6588239 ], [ 100.4928715, 32.6596482 ], [ 100.4895029, 32.6641145 ], [ 100.4872682, 32.666108 ], [ 100.4835759, 32.6694014 ], [ 100.4825693, 32.6702992 ], [ 100.4758015, 32.6737068 ], [ 100.4721992, 32.6844536 ], [ 100.4721277, 32.6857142 ], [ 100.4729959, 32.6877684 ], [ 100.4729256, 32.6895947 ], [ 100.4705004, 32.6943461 ], [ 100.469607, 32.6960963 ], [ 100.4669706, 32.6975542 ], [ 100.4658868, 32.697405 ], [ 100.4643857, 32.6973238 ], [ 100.4626461, 32.698179 ], [ 100.4611433, 32.6998612 ], [ 100.4600621, 32.7010714 ], [ 100.4570606, 32.7033411 ], [ 100.45565, 32.7036174 ], [ 100.4542528, 32.7027903 ], [ 100.4506279, 32.6977832 ], [ 100.4489841, 32.6962953 ], [ 100.4479793, 32.696141 ], [ 100.4430098, 32.6976143 ], [ 100.4377097, 32.7127026 ], [ 100.4363001, 32.7167144 ], [ 100.4361857, 32.7170402 ], [ 100.4357954, 32.718287 ], [ 100.4350818, 32.7205668 ], [ 100.4350813, 32.7205683 ], [ 100.4341114, 32.7215413 ], [ 100.427241, 32.7246282 ], [ 100.4275803, 32.7272537 ], [ 100.4267758, 32.7284619 ], [ 100.4250766, 32.7291051 ], [ 100.4234521, 32.72972 ], [ 100.4213151, 32.730529 ], [ 100.4193656, 32.7331463 ], [ 100.4190445, 32.7335773 ], [ 100.4188385, 32.7338539 ], [ 100.4185724, 32.7337123 ], [ 100.4173603, 32.7329486 ], [ 100.4159501, 32.7319173 ], [ 100.4149785, 32.7311952 ], [ 100.4140044, 32.7303161 ], [ 100.4125877, 32.7288659 ], [ 100.4117371, 32.7279592 ], [ 100.4108184, 32.7266605 ], [ 100.4057618, 32.7209126 ], [ 100.4021727, 32.7168536 ], [ 100.398276, 32.71335 ], [ 100.3973726, 32.7124897 ], [ 100.3966805, 32.711464 ], [ 100.3959754, 32.7103676 ], [ 100.3939481, 32.7064036 ], [ 100.393738, 32.7059572 ], [ 100.3933205, 32.7043886 ], [ 100.393041, 32.7032654 ], [ 100.392788, 32.7018833 ], [ 100.392731, 32.7013078 ], [ 100.3925733, 32.7001537 ], [ 100.3924681, 32.6998446 ], [ 100.3917062, 32.6986011 ], [ 100.391252, 32.6978971 ], [ 100.3906019, 32.6973781 ], [ 100.3900825, 32.6971142 ], [ 100.3896305, 32.6969771 ], [ 100.3891375, 32.6968754 ], [ 100.3884665, 32.6968385 ], [ 100.3870472, 32.6969872 ], [ 100.3830081, 32.6976135 ], [ 100.3807237, 32.6985951 ], [ 100.378209, 32.699727 ], [ 100.3777835, 32.7004101 ], [ 100.3765399, 32.7034587 ], [ 100.3765314, 32.7035285 ], [ 100.3765483, 32.7037226 ], [ 100.3767103, 32.7040329 ], [ 100.3771125, 32.704407 ], [ 100.3793935, 32.7056745 ], [ 100.3839245, 32.713969 ], [ 100.3859784, 32.7164188 ], [ 100.3875584, 32.7180188 ], [ 100.391471, 32.7266007 ], [ 100.3929018, 32.7326688 ], [ 100.397251, 32.7399196 ], [ 100.3993631, 32.741184 ], [ 100.3996823, 32.74127 ], [ 100.4001088, 32.7414443 ], [ 100.4044249, 32.7445446 ], [ 100.4004576, 32.7475953 ], [ 100.3987283, 32.75129 ], [ 100.3991664, 32.7523042 ], [ 100.4009303, 32.7539118 ], [ 100.4009811, 32.7541559 ], [ 100.4012049, 32.7552324 ], [ 100.4013379, 32.755872 ], [ 100.4009392, 32.7571132 ], [ 100.4008995, 32.757106 ], [ 100.3993685, 32.7568257 ], [ 100.3950898, 32.7560422 ], [ 100.3945406, 32.7558031 ], [ 100.3942893, 32.7555373 ], [ 100.394108, 32.7552408 ], [ 100.3935122, 32.7539396 ], [ 100.3931248, 32.7530295 ], [ 100.3929542, 32.7527434 ], [ 100.392379, 32.75229 ], [ 100.3918069, 32.7518919 ], [ 100.3911002, 32.7514105 ], [ 100.3900168, 32.7508796 ], [ 100.3833914, 32.748383 ], [ 100.3783153, 32.74717 ], [ 100.3779847, 32.7472113 ], [ 100.3764706, 32.7471367 ], [ 100.3760067, 32.747092 ], [ 100.3757518, 32.7469969 ], [ 100.3719447, 32.7455171 ], [ 100.3718254, 32.7454335 ], [ 100.3708091, 32.744418 ], [ 100.3705047, 32.7440852 ], [ 100.3694946, 32.7427158 ], [ 100.3689026, 32.7417614 ], [ 100.3685864, 32.741233 ], [ 100.368464, 32.7407986 ], [ 100.3681956, 32.7402494 ], [ 100.3680651, 32.7400034 ], [ 100.3678883, 32.7397302 ], [ 100.3677006, 32.7396012 ], [ 100.3589691, 32.7345019 ], [ 100.3532908, 32.7315978 ], [ 100.3481689, 32.729343 ], [ 100.3472572, 32.7291516 ], [ 100.3462619, 32.7289185 ], [ 100.3455646, 32.7287488 ], [ 100.3441554, 32.7280086 ], [ 100.3437822, 32.7277431 ], [ 100.342317, 32.7264736 ], [ 100.3407425, 32.7250502 ], [ 100.3405285, 32.7247588 ], [ 100.340372, 32.7243746 ], [ 100.3400829, 32.7235966 ], [ 100.339946, 32.7232066 ], [ 100.3398468, 32.7227054 ], [ 100.3398804, 32.7220292 ], [ 100.3398674, 32.7217487 ], [ 100.3398176, 32.721631 ], [ 100.3397459, 32.7215136 ], [ 100.3394953, 32.7214037 ], [ 100.3356477, 32.7206138 ], [ 100.3351097, 32.7205715 ], [ 100.3347104, 32.7205998 ], [ 100.3323845, 32.7207759 ], [ 100.3315285, 32.7210934 ], [ 100.3310749, 32.7212884 ], [ 100.3307825, 32.7214577 ], [ 100.3297048, 32.7221376 ], [ 100.3295307, 32.7222909 ], [ 100.3293416, 32.7225384 ], [ 100.3291882, 32.7228041 ], [ 100.329057, 32.7232357 ], [ 100.3289153, 32.7238429 ], [ 100.3287825, 32.7241711 ], [ 100.3285169, 32.7246725 ], [ 100.3282338, 32.7250264 ], [ 100.3277248, 32.7254675 ], [ 100.3274222, 32.7256849 ], [ 100.3271535, 32.7258355 ], [ 100.3220425, 32.7285467 ], [ 100.3209582, 32.7290862 ], [ 100.3198101, 32.729378 ], [ 100.3195738, 32.7294276 ], [ 100.3193136, 32.7294156 ], [ 100.318832, 32.7292692 ], [ 100.3183818, 32.728961 ], [ 100.3182709, 32.7288495 ], [ 100.3179264, 32.7284478 ], [ 100.3177912, 32.7282443 ], [ 100.31752, 32.7279267 ], [ 100.3173737, 32.7277796 ], [ 100.3163606, 32.7272234 ], [ 100.3160966, 32.7270951 ], [ 100.314984, 32.7266054 ], [ 100.3149052, 32.7265915 ], [ 100.3148592, 32.7265873 ], [ 100.314663, 32.7266134 ], [ 100.3130496, 32.7269756 ], [ 100.3052258, 32.7299139 ], [ 100.2986794, 32.7323861 ], [ 100.2948515, 32.7345492 ], [ 100.2902287, 32.7352395 ], [ 100.2897588, 32.7352295 ], [ 100.2886633, 32.7353184 ], [ 100.2798408, 32.737093 ], [ 100.2793555, 32.737251 ], [ 100.2787696, 32.7375303 ], [ 100.2709032, 32.7413052 ], [ 100.2671362, 32.74314 ], [ 100.2649302, 32.7441848 ], [ 100.2640801, 32.7445837 ], [ 100.2633816, 32.7449076 ], [ 100.26235, 32.7452306 ], [ 100.2617684, 32.7453528 ], [ 100.2605903, 32.7454828 ], [ 100.2592331, 32.7454614 ], [ 100.2587692, 32.7454125 ], [ 100.2585711, 32.7453074 ], [ 100.2582485, 32.7450558 ], [ 100.2574418, 32.744244 ], [ 100.2569478, 32.7436138 ], [ 100.2566919, 32.742815 ], [ 100.2566646, 32.7425807 ], [ 100.2566929, 32.7424198 ], [ 100.2579495, 32.737307 ], [ 100.258219, 32.7365454 ], [ 100.2596757, 32.7326623 ], [ 100.2609267, 32.730325 ], [ 100.2609983, 32.7300701 ], [ 100.2610025, 32.7296095 ], [ 100.2609503, 32.7291558 ], [ 100.2608389, 32.7290018 ], [ 100.2603066, 32.7285917 ], [ 100.2598104, 32.7282587 ], [ 100.2593115, 32.728044 ], [ 100.2512216, 32.7246697 ], [ 100.2511479, 32.7246538 ], [ 100.2509906, 32.7246201 ], [ 100.2447798, 32.7245748 ], [ 100.243486, 32.7245877 ], [ 100.2411715, 32.7248595 ], [ 100.2395947, 32.725096 ], [ 100.2381853, 32.719662 ], [ 100.2382902, 32.7195501 ], [ 100.2384431, 32.7193478 ], [ 100.23844, 32.7191263 ], [ 100.2361467, 32.7102439 ], [ 100.235061, 32.7069377 ], [ 100.2339153, 32.7040337 ], [ 100.2335614, 32.7033101 ], [ 100.2318864, 32.7000236 ], [ 100.2297733, 32.6976276 ], [ 100.2290667, 32.6962635 ], [ 100.2289785, 32.6946094 ], [ 100.2295072, 32.6889675 ], [ 100.229649, 32.6885576 ], [ 100.229776, 32.6882655 ], [ 100.2308321, 32.6876527 ], [ 100.2317574, 32.6870551 ], [ 100.2318591, 32.6867078 ], [ 100.2318709, 32.6863753 ], [ 100.2318548, 32.6852052 ], [ 100.2316612, 32.6848193 ], [ 100.2308536, 32.6832554 ], [ 100.2305047, 32.6828918 ], [ 100.2282824, 32.682048 ], [ 100.2272314, 32.6812343 ], [ 100.2269453, 32.6806692 ], [ 100.2269511, 32.6799006 ], [ 100.2276579, 32.6741046 ], [ 100.2278238, 32.6736668 ], [ 100.229671, 32.671045 ], [ 100.2306019, 32.6696787 ], [ 100.2306167, 32.6689653 ], [ 100.2307135, 32.6560861 ], [ 100.230633, 32.6557859 ], [ 100.2258302, 32.6435883 ], [ 100.2237942, 32.6396029 ], [ 100.2232782, 32.6388952 ], [ 100.222916, 32.6379385 ], [ 100.2209496, 32.6326321 ], [ 100.2214782, 32.6297758 ], [ 100.2222048, 32.62961 ], [ 100.2229524, 32.6293885 ], [ 100.2231471, 32.629261 ], [ 100.2234336, 32.6288043 ], [ 100.223505, 32.6286223 ], [ 100.2235627, 32.6277317 ], [ 100.2235487, 32.6266977 ], [ 100.2235138, 32.6257378 ], [ 100.2234245, 32.6252697 ], [ 100.2233076, 32.625016 ], [ 100.2226636, 32.6245163 ], [ 100.2220062, 32.6243085 ], [ 100.2209288, 32.6240346 ], [ 100.2194234, 32.6237279 ], [ 100.2179399, 32.6234284 ], [ 100.2169065, 32.6231725 ], [ 100.2163413, 32.6230044 ], [ 100.2157647, 32.6226425 ], [ 100.2126638, 32.618261 ], [ 100.2124132, 32.6177944 ], [ 100.2124095, 32.6175212 ], [ 100.2124528, 32.6171699 ], [ 100.2130627, 32.6161262 ], [ 100.2135833, 32.6155746 ], [ 100.2142495, 32.6151471 ], [ 100.2156795, 32.614402 ], [ 100.2159392, 32.6139194 ], [ 100.2161741, 32.6132228 ], [ 100.2162015, 32.6120223 ], [ 100.2159314, 32.6107655 ], [ 100.2157212, 32.6103835 ], [ 100.2153327, 32.6100474 ], [ 100.214472, 32.6096458 ], [ 100.2136303, 32.6092908 ], [ 100.212454, 32.6088418 ], [ 100.2112006, 32.6084365 ], [ 100.2102999, 32.6082975 ], [ 100.2091013, 32.6083977 ], [ 100.2062952, 32.6093442 ], [ 100.2056676, 32.6095581 ], [ 100.1967005, 32.6136463 ], [ 100.195992, 32.6141811 ], [ 100.1953774, 32.6148887 ], [ 100.1912279, 32.6264509 ], [ 100.1912209, 32.6269089 ], [ 100.1912946, 32.6272 ], [ 100.1921727, 32.628259 ], [ 100.1926181, 32.6290949 ], [ 100.1927097, 32.6295871 ], [ 100.1926445, 32.6299349 ], [ 100.1925339, 32.6301501 ], [ 100.1923878, 32.6303288 ], [ 100.1886761, 32.6328236 ], [ 100.1875322, 32.6334512 ], [ 100.1861223, 32.6324489 ], [ 100.1834757, 32.6306679 ], [ 100.1823395, 32.6302281 ], [ 100.1812014, 32.6299729 ], [ 100.1718586, 32.628753 ], [ 100.170609, 32.6286465 ], [ 100.1699166, 32.6287601 ], [ 100.1694351, 32.6289898 ], [ 100.1634115, 32.6319671 ], [ 100.1626459, 32.6325023 ], [ 100.1622132, 32.6331305 ], [ 100.1619572, 32.6339269 ], [ 100.1618066, 32.6347667 ], [ 100.1616153, 32.6360093 ], [ 100.1613325, 32.6365881 ], [ 100.1610965, 32.6369042 ], [ 100.1604658, 32.6374086 ], [ 100.1600405, 32.6375972 ], [ 100.1587313, 32.6379601 ], [ 100.1584527, 32.6380144 ], [ 100.1581296, 32.6380063 ], [ 100.157873, 32.637912 ], [ 100.1569423, 32.637323 ], [ 100.1556177, 32.6364857 ], [ 100.1548485, 32.6360718 ], [ 100.1541634, 32.6357457 ], [ 100.1534255, 32.6357229 ], [ 100.1524389, 32.6358797 ], [ 100.1490472, 32.6367122 ], [ 100.1477305, 32.6373912 ], [ 100.1472164, 32.6379293 ], [ 100.1405501, 32.6368008 ], [ 100.136941, 32.6344366 ], [ 100.1361968, 32.6342587 ], [ 100.1349723, 32.634074 ], [ 100.1312647, 32.6337599 ], [ 100.1301986, 32.6338253 ], [ 100.129533, 32.6340049 ], [ 100.1291637, 32.6341375 ], [ 100.1287267, 32.6344443 ], [ 100.1273628, 32.6360114 ], [ 100.127193, 32.6363933 ], [ 100.1271228, 32.6370661 ], [ 100.1271053, 32.6377532 ], [ 100.1268735, 32.6384164 ], [ 100.1261396, 32.6397636 ], [ 100.1255364, 32.6403931 ], [ 100.1229965, 32.6425284 ], [ 100.1228835, 32.6425663 ], [ 100.1170872, 32.6426181 ], [ 100.1111827, 32.6444986 ], [ 100.1105969, 32.6465461 ], [ 100.1065163, 32.6566015 ], [ 100.1063336, 32.6569189 ], [ 100.1029193, 32.661202 ], [ 100.10253, 32.6615009 ], [ 100.0948043, 32.666821 ], [ 100.0937926, 32.667461 ], [ 100.0913319, 32.6689314 ], [ 100.0877557, 32.6704098 ], [ 100.0866761, 32.6704953 ], [ 100.0862694, 32.6707204 ], [ 100.0861411, 32.6709431 ], [ 100.0861436, 32.6711439 ], [ 100.0861665, 32.6716908 ], [ 100.0908738, 32.6844538 ], [ 100.0910495, 32.6847639 ], [ 100.091224, 32.6849701 ], [ 100.0915285, 32.6850921 ], [ 100.0920516, 32.6850183 ], [ 100.0949267, 32.6844185 ], [ 100.0968105, 32.6844575 ], [ 100.0984587, 32.6846508 ], [ 100.0999419, 32.6854064 ], [ 100.1005122, 32.6858377 ], [ 100.1009504, 32.6861801 ], [ 100.1012346, 32.6866554 ], [ 100.1038611, 32.6924768 ], [ 100.1038918, 32.6929751 ], [ 100.103897, 32.6933975 ], [ 100.1029241, 32.695525 ], [ 100.1029098, 32.6956913 ], [ 100.1029794, 32.6960231 ], [ 100.1033703, 32.6965113 ], [ 100.1040476, 32.6969832 ], [ 100.1054264, 32.6978851 ], [ 100.1078004, 32.6991313 ], [ 100.1085252, 32.6994573 ], [ 100.1104174, 32.7001538 ], [ 100.1140024, 32.7012923 ], [ 100.1143088, 32.7015666 ], [ 100.1146684, 32.7021658 ], [ 100.1146874, 32.7036891 ], [ 100.1146939, 32.7042153 ], [ 100.1141516, 32.7060552 ], [ 100.1141569, 32.7064776 ], [ 100.1142929, 32.706878 ], [ 100.1144692, 32.7072227 ], [ 100.1166333, 32.7106519 ], [ 100.1168334, 32.710941 ], [ 100.1223468, 32.7169024 ], [ 100.1227432, 32.717155 ], [ 100.1233263, 32.7172814 ], [ 100.1240885, 32.7173092 ], [ 100.124901, 32.7172279 ], [ 100.1276107, 32.716623 ], [ 100.1288767, 32.7162617 ], [ 100.129204, 32.716158 ], [ 100.1296355, 32.7161278 ], [ 100.1298934, 32.716211 ], [ 100.1339448, 32.7176387 ], [ 100.1349777, 32.7181805 ], [ 100.1354613, 32.7188548 ], [ 100.1357578, 32.7196207 ], [ 100.1358036, 32.7200081 ], [ 100.1362168, 32.7235221 ], [ 100.1358115, 32.7329018 ], [ 100.1357488, 32.7331239 ], [ 100.1355639, 32.7334026 ], [ 100.1351483, 32.7335864 ], [ 100.1342938, 32.7340373 ], [ 100.1341694, 32.7345647 ], [ 100.1341088, 32.734953 ], [ 100.1341058, 32.7366565 ], [ 100.1339203, 32.7440053 ], [ 100.1321819, 32.7523236 ], [ 100.130543, 32.7549213 ], [ 100.1285918, 32.7581035 ], [ 100.126059, 32.7639153 ], [ 100.1179001, 32.7839036 ], [ 100.1168276, 32.7853258 ], [ 100.1165795, 32.7858058 ], [ 100.1162879, 32.7867432 ], [ 100.1162947, 32.7872902 ], [ 100.1168205, 32.7913156 ], [ 100.117144, 32.7929262 ], [ 100.1176063, 32.793843 ], [ 100.1178998, 32.7943667 ], [ 100.1187106, 32.794948 ], [ 100.1187969, 32.7952935 ], [ 100.118801, 32.7956258 ], [ 100.1187066, 32.7965961 ], [ 100.1181634, 32.7977366 ], [ 100.1167995, 32.8001309 ], [ 100.1146553, 32.8017565 ], [ 100.1140902, 32.8024678 ], [ 100.1139313, 32.8028709 ], [ 100.1138379, 32.8032733 ], [ 100.113841, 32.8035226 ], [ 100.1153318, 32.8112787 ], [ 100.1160173, 32.8142987 ], [ 100.1170794, 32.8172598 ], [ 100.1171006, 32.8176405 ], [ 100.1171038, 32.8178967 ], [ 100.1171066, 32.8181182 ], [ 100.1170674, 32.818264 ], [ 100.1156584, 32.8216696 ], [ 100.1185503, 32.8332909 ], [ 100.1186349, 32.8335408 ], [ 100.1194307, 32.8348662 ], [ 100.1202693, 32.8360763 ], [ 100.1169896, 32.8411658 ], [ 100.1165342, 32.8413307 ], [ 100.1163068, 32.8414292 ], [ 100.1157023, 32.8418529 ], [ 100.1152871, 32.8421783 ], [ 100.1126617, 32.8442939 ], [ 100.1075085, 32.8492709 ], [ 100.1073491, 32.8496067 ], [ 100.1073818, 32.855271 ], [ 100.1089735, 32.8597733 ], [ 100.1104056, 32.8612465 ], [ 100.1105062, 32.8616149 ], [ 100.1105264, 32.8619479 ], [ 100.1104175, 32.862201 ], [ 100.1098166, 32.8626516 ], [ 100.1040356, 32.8661841 ], [ 100.0973266, 32.8693642 ], [ 100.0967949, 32.8695297 ], [ 100.0961098, 32.8696322 ], [ 100.0953482, 32.8697032 ], [ 100.0946238, 32.8697096 ], [ 100.0938952, 32.8696799 ], [ 100.0921813, 32.8694996 ], [ 100.0915325, 32.8694077 ], [ 100.0906953, 32.8690441 ], [ 100.0875417, 32.8673582 ], [ 100.0808269, 32.8746429 ], [ 100.0799699, 32.8767787 ], [ 100.0788092, 32.8801131 ], [ 100.0787583, 32.8816406 ], [ 100.07906, 32.8823047 ], [ 100.0788082, 32.8876115 ], [ 100.0707478, 32.895615 ], [ 100.0697121, 32.8965203 ], [ 100.0691234, 32.8968452 ], [ 100.0685338, 32.8971025 ], [ 100.0672912, 32.8972302 ], [ 100.0627869, 32.8974127 ], [ 100.0612166, 32.8973765 ], [ 100.059804, 32.8971272 ], [ 100.0585081, 32.8964653 ], [ 100.0574118, 32.8957646 ], [ 100.0519158, 32.8969686 ], [ 100.0474712, 32.8986006 ], [ 100.0414955, 32.9008217 ], [ 100.0409409, 32.9008849 ], [ 100.0389909, 32.900793 ], [ 100.0368585, 32.900635 ], [ 100.0357933, 32.9004141 ], [ 100.0340716, 32.8992977 ], [ 100.0332151, 32.8986516 ], [ 100.0318786, 32.8975861 ], [ 100.0305175, 32.8971693 ], [ 100.0295401, 32.8971414 ], [ 100.0274657, 32.8973746 ], [ 100.0274282, 32.8973867 ], [ 100.0268295, 32.8977673 ], [ 100.0265158, 32.8981144 ], [ 100.0262321, 32.8987542 ], [ 100.0261502, 32.8995206 ], [ 100.0260897, 32.9002914 ], [ 100.0261065, 32.9017463 ], [ 100.0264277, 32.9027481 ], [ 100.0271751, 32.9050393 ], [ 100.0279183, 32.9060468 ], [ 100.0288169, 32.906634 ], [ 100.0328035, 32.9128715 ], [ 100.0357267, 32.918996 ], [ 100.0366545, 32.9220785 ], [ 100.0367334, 32.9228886 ], [ 100.0367371, 32.9232084 ], [ 100.0365785, 32.9238043 ], [ 100.0357465, 32.9252797 ], [ 100.0355552, 32.9258264 ], [ 100.0355204, 32.9265069 ], [ 100.0355941, 32.9268756 ], [ 100.0381724, 32.9299443 ], [ 100.0391803, 32.9311702 ], [ 100.0392382, 32.9315571 ], [ 100.039219, 32.9317436 ], [ 100.0390395, 32.9319191 ], [ 100.0387494, 32.9320116 ], [ 100.0295292, 32.9349483 ], [ 100.0290169, 32.9349976 ], [ 100.0272618, 32.9347381 ], [ 100.0265525, 32.9345404 ], [ 100.0237927, 32.9334369 ], [ 100.0226818, 32.9330599 ], [ 100.0216503, 32.9329396 ], [ 100.0211162, 32.932944 ], [ 100.0204306, 32.9330461 ], [ 100.0197457, 32.9332126 ], [ 100.0134321, 32.9349692 ], [ 100.0125964, 32.9352977 ], [ 100.0118756, 32.9356575 ], [ 100.011041, 32.9360825 ], [ 100.0105498, 32.9365047 ], [ 100.0100222, 32.9370882 ], [ 100.0094972, 32.9378968 ], [ 100.0090097, 32.9386408 ], [ 100.0084443, 32.9392566 ], [ 100.0076896, 32.9400028 ], [ 100.0070846, 32.9404902 ], [ 100.0064022, 32.9408818 ], [ 100.002201, 32.9432719 ], [ 100.0015326, 32.943639 ], [ 100.0011485, 32.9437701 ], [ 100.0007849, 32.9437508 ], [ 100.0005275, 32.9437314 ], [ 100.0001297, 32.943683 ], [ 99.9997862, 32.9435631 ], [ 99.9965664, 32.942121 ], [ 99.9963076, 32.9419319 ], [ 99.9864622, 32.9431461 ], [ 99.9860783, 32.9432429 ], [ 99.9857412, 32.9433141 ], [ 99.9854457, 32.9432876 ], [ 99.9787906, 32.9415698 ], [ 99.9782474, 32.9413677 ], [ 99.9674355, 32.9430172 ], [ 99.9595281, 32.9470802 ], [ 99.9580291, 32.9482467 ], [ 99.9538304, 32.9526539 ], [ 99.9534098, 32.9531242 ], [ 99.9531759, 32.9534469 ], [ 99.9530543, 32.9536769 ], [ 99.9529882, 32.9539179 ], [ 99.9527562, 32.9621762 ], [ 99.9483725, 32.9708132 ], [ 99.9476666, 32.9764546 ], [ 99.9476569, 32.9766286 ], [ 99.9479284, 32.9782098 ], [ 99.9484055, 32.9800806 ], [ 99.9484716, 32.9821819 ], [ 99.9485306, 32.9847042 ], [ 99.9485328, 32.9849134 ], [ 99.9473908, 32.9903661 ], [ 99.9473205, 32.9905957 ], [ 99.9471911, 32.9907013 ], [ 99.9445583, 32.9924146 ], [ 99.9441816, 32.9926193 ], [ 99.943844, 32.9926741 ], [ 99.9436835, 32.9926663 ], [ 99.9434348, 32.9926249 ], [ 99.9428268, 32.9923951 ], [ 99.9415872, 32.991932 ], [ 99.9406358, 32.9917281 ], [ 99.9402078, 32.9916759 ], [ 99.9397356, 32.9917193 ], [ 99.9394147, 32.9918727 ], [ 99.9361566, 32.9966145 ], [ 99.9357445, 32.9973064 ], [ 99.9352846, 32.9988253 ], [ 99.935243, 32.9993674 ], [ 99.9289766, 33.0041456 ], [ 99.9283745, 33.0043066 ], [ 99.9237912, 33.0057496 ], [ 99.9234907, 33.0058888 ], [ 99.9230757, 33.0061854 ], [ 99.9227773, 33.0065203 ], [ 99.9193133, 33.0106553 ], [ 99.919016, 33.0111075 ], [ 99.9188812, 33.011539 ], [ 99.918821, 33.0124592 ], [ 99.9188083, 33.0134769 ], [ 99.9187225, 33.0141624 ], [ 99.9184766, 33.0150839 ], [ 99.9168905, 33.0189311 ], [ 99.9167759, 33.0190689 ], [ 99.916381, 33.0190718 ], [ 99.9153114, 33.0189622 ], [ 99.9139168, 33.0188746 ], [ 99.9131035, 33.0188414 ], [ 99.9124073, 33.0189052 ], [ 99.9117127, 33.0191256 ], [ 99.9111121, 33.0194431 ], [ 99.9103732, 33.0198789 ], [ 99.9092684, 33.0208654 ], [ 99.9090394, 33.0211802 ], [ 99.9073314, 33.0245193 ], [ 99.9063529, 33.0265029 ], [ 99.9061274, 33.0271698 ], [ 99.9059952, 33.0278753 ], [ 99.905921, 33.0296957 ], [ 99.905668, 33.0390318 ], [ 99.9057672, 33.0396377 ], [ 99.9060297, 33.0403207 ], [ 99.906408, 33.0409637 ], [ 99.9066912, 33.0413922 ], [ 99.9068112, 33.0417631 ], [ 99.9068406, 33.0423695 ], [ 99.9067537, 33.0429572 ], [ 99.9065531, 33.0437806 ], [ 99.9063734, 33.0443885 ], [ 99.905916, 33.0450963 ], [ 99.9019504, 33.0492694 ], [ 99.9016664, 33.0493219 ], [ 99.901082, 33.049282 ], [ 99.8928671, 33.0483018 ], [ 99.886026, 33.0496421 ], [ 99.8764066, 33.047972 ], [ 99.8776046, 33.0462966 ], [ 99.8778789, 33.0458446 ], [ 99.8780576, 33.0451193 ], [ 99.8781228, 33.0446688 ], [ 99.8782247, 33.0408913 ], [ 99.8779808, 33.0384275 ], [ 99.8778653, 33.0379542 ], [ 99.8778146, 33.0375738 ], [ 99.8778432, 33.037024 ], [ 99.8781689, 33.0346042 ], [ 99.8784345, 33.0338623 ], [ 99.879292, 33.0317477 ], [ 99.8796614, 33.031156 ], [ 99.8799806, 33.0306688 ], [ 99.8801961, 33.0304661 ], [ 99.8805841, 33.0300359 ], [ 99.8808965, 33.0295579 ], [ 99.8810859, 33.0292182 ], [ 99.8813172, 33.0287089 ], [ 99.8816947, 33.0277166 ], [ 99.8818057, 33.0268052 ], [ 99.8800681, 33.0136386 ], [ 99.8794223, 33.0094163 ], [ 99.8774221, 33.0067886 ], [ 99.8758269, 33.002191 ], [ 99.8760095, 33.0016885 ], [ 99.8767545, 32.9995104 ], [ 99.8768813, 32.9984878 ], [ 99.8768744, 32.9979718 ], [ 99.8765832, 32.9968558 ], [ 99.8763155, 32.9961905 ], [ 99.875603, 32.9951157 ], [ 99.8734407, 32.992967 ], [ 99.873201, 32.9927839 ], [ 99.8720818, 32.9920071 ], [ 99.8697789, 32.9905922 ], [ 99.8696336, 32.9905418 ], [ 99.8695578, 32.9905745 ], [ 99.8646392, 32.9838384 ], [ 99.8655632, 32.9799013 ], [ 99.865796, 32.9787653 ], [ 99.8658146, 32.9786629 ], [ 99.8640335, 32.9749375 ], [ 99.8635836, 32.9742747 ], [ 99.8601657, 32.9707926 ], [ 99.8593106, 32.9700199 ], [ 99.8585054, 32.9694993 ], [ 99.8579144, 32.9689985 ], [ 99.8571805, 32.9682368 ], [ 99.8566181, 32.9672329 ], [ 99.8563998, 32.9667872 ], [ 99.8560556, 32.9656349 ], [ 99.8561837, 32.9653327 ], [ 99.8568009, 32.9640074 ], [ 99.8573692, 32.9630477 ], [ 99.8576672, 32.9624542 ], [ 99.857865, 32.9616702 ], [ 99.8578568, 32.9608299 ], [ 99.8578428, 32.9602602 ], [ 99.8567312, 32.9538965 ], [ 99.8558986, 32.9511849 ], [ 99.8553226, 32.9497841 ], [ 99.8551065, 32.9494475 ], [ 99.8517357, 32.9457674 ], [ 99.8509642, 32.9449406 ], [ 99.8506629, 32.9447148 ], [ 99.8499016, 32.9445212 ], [ 99.848098, 32.9442269 ], [ 99.8469771, 32.9441984 ], [ 99.8458148, 32.9443181 ], [ 99.8430344, 32.9447588 ], [ 99.8428294, 32.9447963 ], [ 99.840353, 32.9470743 ], [ 99.8390192, 32.9485151 ], [ 99.8380547, 32.9496577 ], [ 99.8374416, 32.9504156 ], [ 99.8368035, 32.9512493 ], [ 99.8363343, 32.951844 ], [ 99.8353582, 32.9526728 ], [ 99.834635, 32.9531068 ], [ 99.8338772, 32.95324 ], [ 99.8330201, 32.9533268 ], [ 99.8304079, 32.9534885 ], [ 99.8290821, 32.9535261 ], [ 99.828552, 32.9535057 ], [ 99.826205, 32.9532675 ], [ 99.8256601, 32.9530979 ], [ 99.8251485, 32.9528164 ], [ 99.8224887, 32.9501542 ], [ 99.8187966, 32.9470894 ], [ 99.8153512, 32.9447803 ], [ 99.8151153, 32.9447061 ], [ 99.814649, 32.9446983 ], [ 99.8139747, 32.944865 ], [ 99.8127204, 32.9452266 ], [ 99.8106407, 32.9456008 ], [ 99.8089122, 32.945674 ], [ 99.8085312, 32.9456473 ], [ 99.8081828, 32.945416 ], [ 99.80806, 32.9451727 ], [ 99.8072941, 32.9435342 ], [ 99.8065979, 32.9417643 ], [ 99.8063594, 32.9409554 ], [ 99.8060863, 32.9407631 ], [ 99.8059898, 32.9407367 ], [ 99.8056606, 32.9407496 ], [ 99.8053453, 32.9408923 ], [ 99.8034473, 32.9424229 ], [ 99.8024927, 32.9434273 ], [ 99.7952651, 32.9510554 ], [ 99.788913, 32.957769 ], [ 99.7884485, 32.9585211 ], [ 99.7881807, 32.9587139 ], [ 99.7877494, 32.9588032 ], [ 99.7865264, 32.9588578 ], [ 99.782239, 32.9587801 ], [ 99.7806962, 32.958476 ], [ 99.778648, 32.9577654 ], [ 99.7774816, 32.9570713 ], [ 99.7754221, 32.9556271 ], [ 99.7740827, 32.9542953 ], [ 99.7681054, 32.9468364 ], [ 99.7655096, 32.9429116 ], [ 99.7653338, 32.9425916 ], [ 99.7652974, 32.9423874 ], [ 99.7652954, 32.9421539 ], [ 99.7653608, 32.9417157 ], [ 99.7667674, 32.9382407 ], [ 99.7681699, 32.937453 ], [ 99.7661959, 32.9341794 ], [ 99.7617222, 32.9296498 ], [ 99.76083, 32.9287053 ], [ 99.7603408, 32.9279595 ], [ 99.760364, 32.9276709 ], [ 99.7604935, 32.9273202 ], [ 99.7607787, 32.9271562 ], [ 99.761308, 32.9270376 ], [ 99.7619537, 32.9270336 ], [ 99.7628023, 32.9271413 ], [ 99.7636902, 32.9274208 ], [ 99.7652419, 32.9279093 ], [ 99.7657268, 32.9279355 ], [ 99.7661421, 32.927933 ], [ 99.7665915, 32.9278719 ], [ 99.7745255, 32.9266408 ], [ 99.7748307, 32.9265722 ], [ 99.775642, 32.9263237 ], [ 99.7757217, 32.9262773 ], [ 99.7759055, 32.9261265 ], [ 99.7782771, 32.9229861 ], [ 99.7784002, 32.9227432 ], [ 99.7783962, 32.9222851 ], [ 99.7783763, 32.9219697 ], [ 99.7782928, 32.9214689 ], [ 99.7784321, 32.9173492 ], [ 99.7787415, 32.9131365 ], [ 99.7788573, 32.9127305 ], [ 99.7789696, 32.9125077 ], [ 99.7791438, 32.9123248 ], [ 99.7792798, 32.91223 ], [ 99.7813529, 32.9110518 ], [ 99.7848719, 32.9086259 ], [ 99.7855134, 32.9081639 ], [ 99.7860864, 32.9076896 ], [ 99.7862691, 32.9073152 ], [ 99.7862267, 32.9068718 ], [ 99.7861051, 32.906658 ], [ 99.7853373, 32.9061326 ], [ 99.7847167, 32.9055739 ], [ 99.7838997, 32.9045692 ], [ 99.7835775, 32.9039111 ], [ 99.783541, 32.9036445 ], [ 99.7835382, 32.9033307 ], [ 99.7838159, 32.9003896 ], [ 99.7848386, 32.8939561 ], [ 99.7850509, 32.8935436 ], [ 99.7858537, 32.892162 ], [ 99.785969, 32.8919639 ], [ 99.7862421, 32.8915535 ], [ 99.7877844, 32.8898873 ], [ 99.7884665, 32.8891941 ], [ 99.7893791, 32.8884634 ], [ 99.7901732, 32.8878669 ], [ 99.7906997, 32.8877103 ], [ 99.79106, 32.8876034 ], [ 99.7911727, 32.887536 ], [ 99.7912636, 32.8874308 ], [ 99.7912772, 32.8872775 ], [ 99.7912716, 32.8871296 ], [ 99.7911882, 32.886433 ], [ 99.7911087, 32.8861142 ], [ 99.7892959, 32.8813757 ], [ 99.7861303, 32.8737437 ], [ 99.7871016, 32.8726084 ], [ 99.7875217, 32.8717835 ], [ 99.7878615, 32.8709623 ], [ 99.7879042, 32.8705401 ], [ 99.7879064, 32.8699751 ], [ 99.787795, 32.8695452 ], [ 99.7874053, 32.8682893 ], [ 99.7872219, 32.8678415 ], [ 99.7852899, 32.8649015 ], [ 99.7828232, 32.8621345 ], [ 99.7819549, 32.8618045 ], [ 99.7813298, 32.8614225 ], [ 99.7803474, 32.8607528 ], [ 99.7776279, 32.8576242 ], [ 99.7774571, 32.8573963 ], [ 99.773743, 32.8516504 ], [ 99.7725419, 32.8477943 ], [ 99.7729962, 32.8469594 ], [ 99.7733849, 32.8454834 ], [ 99.7734208, 32.8445617 ], [ 99.7733212, 32.8387411 ], [ 99.7732297, 32.8382703 ], [ 99.7731373, 32.8380901 ], [ 99.7701982, 32.8334995 ], [ 99.7658512, 32.8294253 ], [ 99.7648599, 32.8280944 ], [ 99.7645962, 32.8276006 ], [ 99.7645005, 32.8272379 ], [ 99.7648758, 32.8264557 ], [ 99.7667659, 32.8223545 ], [ 99.7676154, 32.8204251 ], [ 99.7680571, 32.8193957 ], [ 99.768193, 32.8189258 ], [ 99.7681008, 32.8185765 ], [ 99.7679454, 32.8183567 ], [ 99.7667293, 32.8170697 ], [ 99.7660681, 32.8164754 ], [ 99.7656994, 32.8118756 ], [ 99.7664257, 32.8109506 ], [ 99.7678637, 32.8085526 ], [ 99.7684069, 32.8073285 ], [ 99.7687877, 32.8062099 ], [ 99.7689319, 32.8051823 ], [ 99.7689027, 32.804333 ], [ 99.7682215, 32.8028402 ], [ 99.7669859, 32.8013293 ], [ 99.7667651, 32.8011567 ], [ 99.7664909, 32.8009784 ], [ 99.7637962, 32.798709 ], [ 99.761395, 32.795902 ], [ 99.7613617, 32.7955991 ], [ 99.7618409, 32.788026 ], [ 99.7619918, 32.7877739 ], [ 99.7621864, 32.787529 ], [ 99.7623688, 32.7873802 ], [ 99.7633979, 32.7870526 ], [ 99.7647783, 32.7863978 ], [ 99.7650904, 32.7860746 ], [ 99.765145, 32.7858194 ], [ 99.7650074, 32.7832179 ], [ 99.76483, 32.7827227 ], [ 99.7601139, 32.7736437 ], [ 99.7588621, 32.7719229 ], [ 99.7514476, 32.7617408 ], [ 99.7480468, 32.7579845 ], [ 99.7474623, 32.7573417 ], [ 99.7469388, 32.7568093 ], [ 99.7455692, 32.7557048 ], [ 99.743815, 32.7550043 ], [ 99.7411901, 32.7543772 ], [ 99.7409307, 32.7542389 ], [ 99.739878, 32.7534501 ], [ 99.739736, 32.7532833 ], [ 99.7371305, 32.7493653 ], [ 99.7367339, 32.7449957 ], [ 99.7394394, 32.7418496 ], [ 99.7396954, 32.7411048 ], [ 99.740033, 32.7390784 ], [ 99.7400973, 32.7384942 ], [ 99.7400209, 32.7376189 ], [ 99.7396253, 32.7345958 ], [ 99.7393086, 32.7338999 ], [ 99.738907, 32.7332664 ], [ 99.7383109, 32.7327413 ], [ 99.7379549, 32.7325592 ], [ 99.7291439, 32.7280829 ], [ 99.7261394, 32.7279499 ], [ 99.7261642, 32.7279735 ], [ 99.7179891, 32.7341084 ], [ 99.7168245, 32.7355624 ], [ 99.7120935, 32.74567 ], [ 99.7126596, 32.7485186 ], [ 99.7124754, 32.7502631 ], [ 99.7094415, 32.7600506 ], [ 99.7067307, 32.7634097 ], [ 99.700614, 32.7690784 ], [ 99.6970532, 32.7707233 ], [ 99.6958307, 32.7708312 ], [ 99.6949629, 32.7715262 ], [ 99.6948462, 32.7714222 ], [ 99.682018, 32.7701246 ], [ 99.6791225, 32.7687555 ], [ 99.6782397, 32.7681262 ], [ 99.6777985, 32.7681618 ], [ 99.6758572, 32.7689596 ], [ 99.6749248, 32.7693597 ], [ 99.6706746, 32.772411 ], [ 99.6689513, 32.77435 ], [ 99.6680098, 32.7756015 ], [ 99.6673268, 32.7778027 ], [ 99.6653574, 32.7819405 ], [ 99.6649877, 32.7821917 ], [ 99.6646377, 32.7821659 ], [ 99.656406, 32.779033 ], [ 99.6560879, 32.778887 ], [ 99.6558483, 32.7787103 ], [ 99.6555348, 32.777985 ], [ 99.6548679, 32.7756096 ], [ 99.6547726, 32.7753898 ], [ 99.6542764, 32.7747922 ], [ 99.6524076, 32.7740587 ], [ 99.6508262, 32.7737715 ], [ 99.650018, 32.7738495 ], [ 99.6497894, 32.7739846 ], [ 99.6465964, 32.7760186 ], [ 99.6461182, 32.7763996 ], [ 99.6458195, 32.7766551 ], [ 99.6454996, 32.7769984 ], [ 99.6453, 32.7773687 ], [ 99.6432732, 32.7852263 ], [ 99.6433861, 32.7860321 ], [ 99.6445821, 32.7884478 ], [ 99.6444787, 32.7892793 ], [ 99.6443603, 32.7895292 ], [ 99.6414745, 32.7941053 ], [ 99.6412137, 32.7943282 ], [ 99.6410172, 32.794357 ], [ 99.6344769, 32.7939286 ], [ 99.6342686, 32.7938558 ], [ 99.6332224, 32.7927623 ], [ 99.6296714, 32.7893765 ], [ 99.6246654, 32.7852436 ], [ 99.6243106, 32.7849871 ], [ 99.6241889, 32.7849884 ], [ 99.6239998, 32.7850267 ], [ 99.6233768, 32.7852666 ], [ 99.6226121, 32.7856506 ], [ 99.6208108, 32.786208 ], [ 99.6163389, 32.7868367 ], [ 99.614476, 32.7863182 ], [ 99.6129217, 32.7856112 ], [ 99.611931, 32.785127 ], [ 99.6114959, 32.7846334 ], [ 99.6105058, 32.7830081 ], [ 99.6100418, 32.7823698 ], [ 99.6096623, 32.7820162 ], [ 99.6088794, 32.7818122 ], [ 99.6079542, 32.7815721 ], [ 99.6069866, 32.7815398 ], [ 99.6065659, 32.7815557 ], [ 99.6058042, 32.7818195 ], [ 99.6025014, 32.7834081 ], [ 99.6022842, 32.7836169 ], [ 99.6023748, 32.784092 ], [ 99.6026057, 32.7854545 ], [ 99.6023929, 32.7867788 ], [ 99.6021344, 32.7873525 ], [ 99.6017336, 32.7878946 ], [ 99.6011588, 32.7885576 ], [ 99.6001534, 32.7894165 ], [ 99.5983164, 32.7903919 ], [ 99.5967529, 32.7909331 ], [ 99.5962779, 32.791 ], [ 99.595726, 32.7910258 ], [ 99.5953048, 32.790977 ], [ 99.5914073, 32.7917433 ], [ 99.5881442, 32.792562 ], [ 99.58735, 32.7928646 ], [ 99.586999, 32.7931949 ], [ 99.5856751, 32.7952882 ], [ 99.5854427, 32.7956909 ], [ 99.5853301, 32.7960192 ], [ 99.5854815, 32.7966048 ], [ 99.5862755, 32.7975274 ], [ 99.5866637, 32.798506 ], [ 99.5868166, 32.7993132 ], [ 99.5874044, 32.803073 ], [ 99.586774, 32.8061414 ], [ 99.5865848, 32.8064701 ], [ 99.5864547, 32.8066323 ], [ 99.5808449, 32.8132049 ], [ 99.5797249, 32.8141611 ], [ 99.5759561, 32.8171638 ], [ 99.5716104, 32.8233717 ], [ 99.5643235, 32.8314055 ], [ 99.5618262, 32.8387581 ], [ 99.5593127, 32.8410701 ], [ 99.5527322, 32.845554 ], [ 99.5495816, 32.8471313 ], [ 99.5489533, 32.8472751 ], [ 99.5483539, 32.847396 ], [ 99.5466852, 32.8472791 ], [ 99.5448498, 32.847113 ], [ 99.5411893, 32.8467058 ], [ 99.5347777, 32.8493471 ], [ 99.5290505, 32.8505448 ], [ 99.5281174, 32.8502636 ], [ 99.5269142, 32.8499574 ], [ 99.5257642, 32.8497034 ], [ 99.5202948, 32.84882 ], [ 99.517678, 32.8487678 ], [ 99.5174802, 32.8489817 ], [ 99.5165644, 32.8498437 ], [ 99.5158527, 32.8503478 ], [ 99.5043093, 32.8533505 ], [ 99.4963794, 32.8545768 ], [ 99.4957431, 32.8540011 ], [ 99.4936129, 32.8535499 ], [ 99.4898152, 32.853301 ], [ 99.4877152, 32.8540728 ], [ 99.4768131, 32.8596876 ], [ 99.4655298, 32.8620624 ], [ 99.4625535, 32.8626886 ], [ 99.4573727, 32.8637785 ], [ 99.4524256, 32.8642259 ], [ 99.4485849, 32.8652912 ], [ 99.4371737, 32.873271 ], [ 99.4333241, 32.8775362 ], [ 99.432407, 32.8793159 ], [ 99.4293417, 32.8805884 ], [ 99.4227412, 32.8812253 ], [ 99.421226, 32.8824666 ], [ 99.4086009, 32.889226 ], [ 99.4042705, 32.8907099 ], [ 99.4008356, 32.8902208 ], [ 99.3852565, 32.9017407 ], [ 99.3831964, 32.90262 ], [ 99.3802997, 32.9023253 ], [ 99.3779882, 32.9033714 ], [ 99.3779451, 32.9033037 ], [ 99.3757733, 32.9020585 ], [ 99.3680672, 32.8973094 ], [ 99.3642556, 32.8944063 ], [ 99.3624799, 32.8931001 ], [ 99.3609659, 32.8924123 ], [ 99.3595818, 32.8917971 ], [ 99.3586745, 32.891654 ], [ 99.3575945, 32.8915113 ], [ 99.3560391, 32.8912608 ], [ 99.3550449, 32.8909722 ], [ 99.3546051, 32.8906675 ], [ 99.3539993, 32.888984 ], [ 99.352573, 32.8882471 ], [ 99.3516129, 32.8885375 ], [ 99.3514087, 32.8886146 ], [ 99.3501158, 32.8892011 ], [ 99.3469436, 32.8906553 ], [ 99.3460219, 32.891216 ], [ 99.3449898, 32.8922753 ], [ 99.3439594, 32.8938081 ], [ 99.3434471, 32.895303 ], [ 99.3428918, 32.896871 ], [ 99.3417728, 32.8978211 ], [ 99.3408675, 32.8982243 ], [ 99.339487, 32.8985559 ], [ 99.3381917, 32.8985958 ], [ 99.3371116, 32.8984166 ], [ 99.3311168, 32.8960598 ], [ 99.330296, 32.8956473 ], [ 99.3302784, 32.8953294 ], [ 99.3302919, 32.8945552 ], [ 99.3305741, 32.8937713 ], [ 99.3298695, 32.8900575 ], [ 99.3293892, 32.8886017 ], [ 99.3277802, 32.8854731 ], [ 99.3268708, 32.8847469 ], [ 99.3257037, 32.8843493 ], [ 99.3069974, 32.8808266 ], [ 99.3059195, 32.88123 ], [ 99.3047566, 32.8820342 ], [ 99.3034228, 32.8833853 ], [ 99.3027366, 32.8847348 ], [ 99.3024314, 32.8858147 ], [ 99.3023526, 32.8863129 ], [ 99.2992494, 32.8876574 ], [ 99.2979988, 32.8880975 ], [ 99.2966178, 32.8882829 ], [ 99.2952789, 32.8881404 ], [ 99.2940689, 32.8878154 ], [ 99.29234, 32.8872366 ], [ 99.2908273, 32.8867665 ], [ 99.2896185, 32.8868058 ], [ 99.2880648, 32.8869915 ], [ 99.2865114, 32.8872501 ], [ 99.2854333, 32.8876532 ], [ 99.2840967, 32.8882391 ], [ 99.2830611, 32.8884236 ], [ 99.2818944, 32.8881348 ], [ 99.2804683, 32.8877009 ], [ 99.2743739, 32.8855287 ], [ 99.2725152, 32.8848042 ], [ 99.2718226, 32.8842229 ], [ 99.2693125, 32.8822248 ], [ 99.2680584, 32.8815353 ], [ 99.2669788, 32.8814284 ], [ 99.2659862, 32.8815398 ], [ 99.264606, 32.8819798 ], [ 99.2639611, 32.8828919 ], [ 99.2639747, 32.8829597 ], [ 99.2648289, 32.8843472 ], [ 99.2659378, 32.8865678 ], [ 99.2659739, 32.8868067 ], [ 99.2654098, 32.8909394 ], [ 99.2651528, 32.8916321 ], [ 99.2645087, 32.8928356 ], [ 99.2639492, 32.893456 ], [ 99.2618034, 32.8979047 ], [ 99.2602608, 32.9019879 ], [ 99.2584622, 32.9071644 ], [ 99.2584682, 32.9092407 ], [ 99.2583426, 32.9105888 ], [ 99.2576981, 32.9117558 ], [ 99.2506824, 32.9201849 ], [ 99.247281, 32.924053 ], [ 99.2464191, 32.9247469 ], [ 99.2455157, 32.92606 ], [ 99.2448287, 32.9275549 ], [ 99.2447882, 32.9285386 ], [ 99.24479, 32.9291943 ], [ 99.2452783, 32.93242 ], [ 99.2458649, 32.9345136 ], [ 99.2468413, 32.9368036 ], [ 99.2473208, 32.9383691 ], [ 99.2474107, 32.9396074 ], [ 99.2470256, 32.9408885 ], [ 99.2465862, 32.9416054 ], [ 99.2461137, 32.9421297 ], [ 99.2448845, 32.9436005 ], [ 99.2447206, 32.944141 ], [ 99.244744, 32.9451516 ], [ 99.245181, 32.9465995 ], [ 99.2455332, 32.9475906 ], [ 99.2461783, 32.9480543 ], [ 99.2468041, 32.948208 ], [ 99.2478714, 32.9483763 ], [ 99.2492221, 32.9485996 ], [ 99.2500635, 32.9489519 ], [ 99.2503454, 32.9495414 ], [ 99.2505583, 32.950544 ], [ 99.2507245, 32.9515075 ], [ 99.2505367, 32.9528692 ], [ 99.2502056, 32.9533365 ], [ 99.2497634, 32.9536952 ], [ 99.2430751, 32.9569722 ], [ 99.2423138, 32.957195 ], [ 99.2413479, 32.9571382 ], [ 99.2403916, 32.957 ], [ 99.2394968, 32.9565641 ], [ 99.238082, 32.9559191 ], [ 99.2373543, 32.9557804 ], [ 99.2362322, 32.9558175 ], [ 99.23181, 32.9574188 ], [ 99.2315732, 32.9575875 ], [ 99.2313933, 32.9578562 ], [ 99.2313251, 32.9581029 ], [ 99.2313262, 32.9585161 ], [ 99.2313919, 32.9595276 ], [ 99.2314811, 32.9605839 ], [ 99.2316996, 32.9615305 ], [ 99.2322203, 32.9623674 ], [ 99.2323101, 32.9636422 ], [ 99.2313318, 32.9691981 ], [ 99.2312841, 32.9694017 ], [ 99.2305134, 32.9706761 ], [ 99.2295654, 32.9717342 ], [ 99.2289186, 32.9722818 ], [ 99.2287467, 32.9726828 ], [ 99.2304628, 32.9815108 ], [ 99.2305812, 32.9820235 ], [ 99.2310508, 32.9824173 ], [ 99.2316633, 32.9826948 ], [ 99.2326923, 32.9830259 ], [ 99.2336161, 32.9834238 ], [ 99.2341449, 32.984 ], [ 99.2345159, 32.9847319 ], [ 99.2347298, 32.9858638 ], [ 99.2347577, 32.9864188 ], [ 99.234548, 32.9868854 ], [ 99.2338377, 32.9874639 ], [ 99.2236316, 32.9941992 ], [ 99.2232525, 32.994311 ], [ 99.2230051, 32.9942976 ], [ 99.2223942, 32.9940903 ], [ 99.22132, 32.9932728 ], [ 99.2191396, 32.9920128 ], [ 99.2182645, 32.9916532 ], [ 99.2177199, 32.9915013 ], [ 99.2170039, 32.991471 ], [ 99.2163215, 32.9916722 ], [ 99.2150186, 32.9931496 ], [ 99.2135052, 32.9950182 ], [ 99.2131108, 32.9957304 ], [ 99.2131118, 32.9961529 ], [ 99.2134295, 32.9964859 ], [ 99.2142241, 32.9974629 ], [ 99.2145962, 32.9984406 ], [ 99.2145455, 32.9993078 ], [ 99.2112908, 33.0083747 ], [ 99.2110594, 33.0087591 ], [ 99.2102872, 33.0093798 ], [ 99.2101338, 33.0095027 ], [ 99.2097971, 33.0097218 ], [ 99.2090711, 33.0099416 ], [ 99.2080861, 33.010293 ], [ 99.2073866, 33.0107533 ], [ 99.2064801, 33.0114106 ], [ 99.2056255, 33.0121115 ], [ 99.2050819, 33.012637 ], [ 99.2047455, 33.013031 ], [ 99.2045131, 33.0134905 ], [ 99.2045399, 33.0138839 ], [ 99.2046707, 33.0143427 ], [ 99.2051391, 33.0149322 ], [ 99.205633, 33.0153248 ], [ 99.2062047, 33.0157174 ], [ 99.2068543, 33.0161098 ], [ 99.2071664, 33.0164371 ], [ 99.207505, 33.0169831 ], [ 99.2077926, 33.0179225 ], [ 99.2077939, 33.0184909 ], [ 99.2077699, 33.0192998 ], [ 99.2076162, 33.0201307 ], [ 99.2074102, 33.0208087 ], [ 99.2070229, 33.02164 ], [ 99.206454, 33.0224934 ], [ 99.2023406, 33.0278995 ], [ 99.2018229, 33.0284906 ], [ 99.1954808, 33.0355831 ], [ 99.1910988, 33.0373824 ], [ 99.1902422, 33.0373181 ], [ 99.1893859, 33.0374069 ], [ 99.1886595, 33.0375391 ], [ 99.1878816, 33.0378464 ], [ 99.1872595, 33.0382189 ], [ 99.1821306, 33.0415087 ], [ 99.1815308, 33.0419712 ], [ 99.1806947, 33.0426742 ], [ 99.1801043, 33.043458 ], [ 99.179642, 33.0444601 ], [ 99.1790211, 33.0454665 ], [ 99.1785553, 33.0461448 ], [ 99.1782706, 33.0465387 ], [ 99.1780633, 33.0467357 ], [ 99.1774925, 33.046824 ], [ 99.1705628, 33.0470522 ], [ 99.1694986, 33.0470755 ], [ 99.1540612, 33.0505931 ], [ 99.1520375, 33.051142 ], [ 99.1494429, 33.0517791 ], [ 99.1481973, 33.0519992 ], [ 99.1474187, 33.0520657 ], [ 99.1345187, 33.0525174 ], [ 99.1339735, 33.0524524 ], [ 99.1334801, 33.0523218 ], [ 99.1324668, 33.0516671 ], [ 99.1315572, 33.0509248 ], [ 99.1304397, 33.0500079 ], [ 99.1294002, 33.0491346 ], [ 99.1286985, 33.0485232 ], [ 99.1281527, 33.0480648 ], [ 99.1275035, 33.0477813 ], [ 99.1269581, 33.0476288 ], [ 99.1261275, 33.0475859 ], [ 99.1251931, 33.047565 ], [ 99.1241029, 33.0475442 ], [ 99.1239698, 33.0475552 ], [ 99.1236079, 33.0476595 ], [ 99.1233188, 33.0478925 ], [ 99.119102, 33.0526166 ], [ 99.1180668, 33.0538248 ], [ 99.1178367, 33.0541542 ], [ 99.1171457, 33.0556617 ], [ 99.1164552, 33.0575164 ], [ 99.116194, 33.0590013 ], [ 99.1158284, 33.0611696 ], [ 99.1156455, 33.0621005 ], [ 99.1153918, 33.0626658 ], [ 99.1146284, 33.063639 ], [ 99.1142351, 33.0641013 ], [ 99.1122239, 33.0663088 ], [ 99.1119574, 33.0664645 ], [ 99.1110191, 33.0665744 ], [ 99.1103439, 33.0664438 ], [ 99.1094088, 33.0659856 ], [ 99.1084214, 33.0653088 ], [ 99.1074342, 33.0647413 ], [ 99.1065769, 33.064283 ], [ 99.104634, 33.0637131 ], [ 99.1018832, 33.0631392 ], [ 99.1013264, 33.0633058 ], [ 99.0986921, 33.0648517 ], [ 99.095865, 33.0666895 ], [ 99.0953655, 33.0672365 ], [ 99.0940085, 33.0697674 ], [ 99.0937196, 33.0703955 ], [ 99.0932367, 33.0741555 ], [ 99.0930892, 33.075729 ], [ 99.0931123, 33.0768148 ], [ 99.093113, 33.0775387 ], [ 99.0931002, 33.07786 ], [ 99.0929386, 33.0785249 ], [ 99.092733, 33.0790532 ], [ 99.0924255, 33.0794223 ], [ 99.0921329, 33.0796836 ], [ 99.0917178, 33.0799899 ], [ 99.0911208, 33.0802308 ], [ 99.0900305, 33.080472 ], [ 99.0888102, 33.0805385 ], [ 99.0875752, 33.0804529 ], [ 99.0858291, 33.0803114 ], [ 99.0844051, 33.0801696 ], [ 99.083331, 33.0800613 ], [ 99.0822401, 33.0796686 ], [ 99.0811232, 33.0792103 ], [ 99.0777729, 33.0782506 ], [ 99.0730725, 33.0774009 ], [ 99.0712808, 33.0771833 ], [ 99.0701642, 33.0770528 ], [ 99.0693593, 33.0770751 ], [ 99.068918, 33.0771847 ], [ 99.0678538, 33.0776443 ], [ 99.0669852, 33.0781487 ], [ 99.0629954, 33.0806359 ], [ 99.062353, 33.0811495 ], [ 99.0620616, 33.081495 ], [ 99.0616912, 33.0820584 ], [ 99.060747, 33.0837522 ], [ 99.0605633, 33.0845833 ], [ 99.060595, 33.0859719 ], [ 99.0608992, 33.0881804 ], [ 99.0612159, 33.0893805 ], [ 99.0611898, 33.0896354 ], [ 99.0608433, 33.0897648 ], [ 99.0605757, 33.0897945 ], [ 99.0601939, 33.0897134 ], [ 99.0515536, 33.0871828 ], [ 99.0509562, 33.0868551 ], [ 99.0504885, 33.0863963 ], [ 99.0502545, 33.0859592 ], [ 99.0498649, 33.0857626 ], [ 99.0486962, 33.0854352 ], [ 99.0476834, 33.085217 ], [ 99.0464628, 33.0850207 ], [ 99.0459695, 33.0850428 ], [ 99.0390107, 33.0858758 ], [ 99.0384655, 33.086029 ], [ 99.0379203, 33.0863133 ], [ 99.0372973, 33.0868162 ], [ 99.0367523, 33.0875378 ], [ 99.0365062, 33.0881232 ], [ 99.0362692, 33.0885669 ], [ 99.0350577, 33.0902309 ], [ 99.0346099, 33.090719 ], [ 99.0327246, 33.0923506 ], [ 99.0286547, 33.0957151 ], [ 99.0284441, 33.0958518 ], [ 99.0279484, 33.0960181 ], [ 99.0277158, 33.0960662 ], [ 99.0272288, 33.0960663 ], [ 99.0263907, 33.0960295 ], [ 99.0247671, 33.0954906 ], [ 99.0235954, 33.0948667 ], [ 99.0229196, 33.0943867 ], [ 99.0184459, 33.0908644 ], [ 99.0178225, 33.0902962 ], [ 99.0174329, 33.0898372 ], [ 99.017225, 33.0892689 ], [ 99.017199, 33.0888973 ], [ 99.0173287, 33.0881103 ], [ 99.0174843, 33.0872796 ], [ 99.0176919, 33.0867113 ], [ 99.0176918, 33.0860992 ], [ 99.0175878, 33.0856402 ], [ 99.0173021, 33.0851812 ], [ 99.0168606, 33.0847003 ], [ 99.0163152, 33.0842195 ], [ 99.0148349, 33.0831704 ], [ 99.0139001, 33.0828645 ], [ 99.0133362, 33.0827741 ], [ 99.0130303, 33.0827563 ], [ 99.0012917, 33.0833124 ], [ 99.001141, 33.0833579 ], [ 99.0010728, 33.0833898 ], [ 99.0001408, 33.0838544 ], [ 99.0001035, 33.0838737 ], [ 99.0000692, 33.0838973 ], [ 99.0000435, 33.0839199 ], [ 98.999748, 33.0842826 ], [ 98.9992918, 33.0850472 ], [ 98.9991479, 33.0857742 ], [ 98.9988959, 33.0871979 ], [ 98.998716, 33.0884701 ], [ 98.9983562, 33.0898332 ], [ 98.9973845, 33.0910448 ], [ 98.9965209, 33.0916203 ], [ 98.9949375, 33.0923473 ], [ 98.9926703, 33.0929833 ], [ 98.9899353, 33.0934375 ], [ 98.9867324, 33.0938613 ], [ 98.9848611, 33.0940125 ], [ 98.9832776, 33.0943758 ], [ 98.9816221, 33.095042 ], [ 98.9785266, 33.0974648 ], [ 98.9774827, 33.0986157 ], [ 98.9760428, 33.0998271 ], [ 98.9744592, 33.1003417 ], [ 98.9723473, 33.1001522 ], [ 98.9712736, 33.100233 ], [ 98.970059, 33.1009245 ], [ 98.9692739, 33.1016846 ], [ 98.9660805, 33.1066946 ], [ 98.966021, 33.1074674 ], [ 98.9664902, 33.109976 ], [ 98.966912, 33.110939 ], [ 98.967545, 33.1119416 ], [ 98.9684478, 33.1133887 ], [ 98.9684474, 33.1144295 ], [ 98.9677236, 33.1157584 ], [ 98.9660011, 33.1177486 ], [ 98.9655169, 33.1182616 ], [ 98.9570666, 33.1205109 ], [ 98.9558432, 33.1207827 ], [ 98.9497235, 33.1199629 ], [ 98.9490397, 33.1198112 ], [ 98.947888, 33.1193563 ], [ 98.9470047, 33.1189906 ], [ 98.9458498, 33.1183294 ], [ 98.9442429, 33.1178488 ], [ 98.9397476, 33.1171091 ], [ 98.9373707, 33.1168422 ], [ 98.9358967, 33.1171717 ], [ 98.9203326, 33.1215628 ], [ 98.919162, 33.121911 ], [ 98.9174669, 33.1233384 ], [ 98.9169262, 33.1241559 ], [ 98.9163498, 33.1245796 ], [ 98.9153416, 33.1247909 ], [ 98.9130375, 33.1249711 ], [ 98.9118135, 33.1250308 ], [ 98.9088256, 33.1250287 ], [ 98.9067308, 33.1248845 ], [ 98.9062245, 33.1249994 ], [ 98.9033801, 33.1274715 ], [ 98.902342, 33.1285738 ], [ 98.9017106, 33.1301252 ], [ 98.9003218, 33.1317329 ], [ 98.8994932, 33.1325943 ], [ 98.8984118, 33.1337142 ], [ 98.8972945, 33.1347432 ], [ 98.8957449, 33.1359535 ], [ 98.8942674, 33.1371033 ], [ 98.8885726, 33.1415036 ], [ 98.8881724, 33.1414751 ], [ 98.8860598, 33.141224 ], [ 98.8850811, 33.1411542 ], [ 98.8841809, 33.1412139 ], [ 98.8829205, 33.1413945 ], [ 98.8790983, 33.1423829 ], [ 98.8769972, 33.1429791 ], [ 98.8748157, 33.1438099 ], [ 98.8745271, 33.1442337 ], [ 98.8743456, 33.1452028 ], [ 98.8742358, 33.1464447 ], [ 98.8738743, 33.1474742 ], [ 98.8727145, 33.1486151 ], [ 98.8685918, 33.1522573 ], [ 98.8678859, 33.1523681 ], [ 98.8665373, 33.1524539 ], [ 98.8651445, 33.1523527 ], [ 98.8641447, 33.1520712 ], [ 98.8629303, 33.1516585 ], [ 98.8614419, 33.1511271 ], [ 98.860738, 33.1511949 ], [ 98.8546117, 33.1551579 ], [ 98.8519599, 33.1591122 ], [ 98.8497015, 33.162556 ], [ 98.8447561, 33.1677737 ], [ 98.8435877, 33.1688819 ], [ 98.8390588, 33.1729371 ], [ 98.8380648, 33.173762 ], [ 98.8371356, 33.1745548 ], [ 98.8281286, 33.1822984 ], [ 98.8280128, 33.1825567 ], [ 98.8280043, 33.1826952 ], [ 98.828254, 33.1833144 ], [ 98.8286127, 33.1840721 ], [ 98.8292221, 33.1856178 ], [ 98.8297237, 33.1870422 ], [ 98.8303901, 33.1964029 ], [ 98.8304938, 33.1987051 ], [ 98.8302032, 33.1999164 ], [ 98.8294801, 33.2011876 ], [ 98.8291628, 33.2016148 ], [ 98.8286556, 33.2020392 ], [ 98.8267859, 33.2033915 ], [ 98.8237179, 33.2053423 ], [ 98.8230692, 33.2057014 ], [ 98.8223298, 33.2057454 ], [ 98.8199442, 33.2058493 ], [ 98.8170663, 33.2060298 ], [ 98.8123368, 33.2088423 ], [ 98.8092816, 33.2125781 ], [ 98.8053693, 33.2204777 ], [ 98.8045036, 33.2249427 ], [ 98.8077234, 33.2332412 ], [ 98.8091054, 33.2406181 ], [ 98.809088, 33.2410335 ], [ 98.8083966, 33.2447623 ], [ 98.811717, 33.251273 ], [ 98.8124441, 33.2521248 ], [ 98.8129884, 33.2532569 ], [ 98.8129642, 33.2535891 ], [ 98.8129509, 33.2537229 ], [ 98.8126129, 33.2542627 ], [ 98.8118769, 33.2547301 ], [ 98.8107132, 33.2552874 ], [ 98.8104963, 33.2553951 ], [ 98.8098907, 33.2559504 ], [ 98.8096291, 33.2562663 ], [ 98.8095131, 33.2565361 ], [ 98.8086123, 33.2601633 ], [ 98.8083406, 33.262586 ], [ 98.8083281, 33.2630066 ], [ 98.8083683, 33.2636806 ], [ 98.8082403, 33.2644237 ], [ 98.8055655, 33.2686183 ], [ 98.8030819, 33.2723258 ], [ 98.8025117, 33.2729527 ], [ 98.8021043, 33.2732752 ], [ 98.798737, 33.2737186 ], [ 98.7930288, 33.27395 ], [ 98.789714, 33.2740296 ], [ 98.7887342, 33.2743163 ], [ 98.7885973, 33.2743703 ], [ 98.7879358, 33.2750362 ], [ 98.7875102, 33.2760909 ], [ 98.7869606, 33.2770906 ], [ 98.7863452, 33.2780891 ], [ 98.7856221, 33.2788148 ], [ 98.7853552, 33.2789162 ], [ 98.7802389, 33.2801401 ], [ 98.7799199, 33.2802134 ], [ 98.7790252, 33.2801799 ], [ 98.7784669, 33.2801124 ], [ 98.7780821, 33.2800133 ], [ 98.7774258, 33.2797634 ], [ 98.7767372, 33.2792798 ], [ 98.7761785, 33.2785563 ], [ 98.7752744, 33.2774698 ], [ 98.7745604, 33.2768846 ], [ 98.7739437, 33.276678 ], [ 98.773334, 33.27655 ], [ 98.7727816, 33.2765536 ], [ 98.7720612, 33.276723 ], [ 98.7715221, 33.2769183 ], [ 98.7666404, 33.2784534 ], [ 98.7622457, 33.2797099 ], [ 98.7615477, 33.2796971 ], [ 98.7596217, 33.2795455 ], [ 98.7586904, 33.2794353 ], [ 98.7585361, 33.2795989 ], [ 98.7573875, 33.2825281 ], [ 98.7576669, 33.285075 ], [ 98.7590765, 33.2909778 ], [ 98.7594495, 33.2917105 ], [ 98.7598349, 33.2923831 ], [ 98.7600163, 33.292641 ], [ 98.7608806, 33.2931273 ], [ 98.7618815, 33.2934038 ], [ 98.7630848, 33.2935769 ], [ 98.7644091, 33.2937594 ], [ 98.7651668, 33.2940933 ], [ 98.7692754, 33.2965357 ], [ 98.7715784, 33.2986299 ], [ 98.7717934, 33.2992058 ], [ 98.7721728, 33.3014579 ], [ 98.7726782, 33.3047803 ], [ 98.7726642, 33.3049026 ], [ 98.7726141, 33.3051287 ], [ 98.7691372, 33.3133289 ], [ 98.7672588, 33.3156788 ], [ 98.7651291, 33.3184215 ], [ 98.7645331, 33.3192144 ], [ 98.7633867, 33.3222406 ], [ 98.762838, 33.3238414 ], [ 98.7627428, 33.3244875 ], [ 98.7628218, 33.3247323 ], [ 98.7639313, 33.3255133 ], [ 98.7670846, 33.3274271 ], [ 98.7688372, 33.3280305 ], [ 98.7702825, 33.3284164 ], [ 98.7725296, 33.329203 ], [ 98.773524, 33.3295579 ], [ 98.7741856, 33.32997 ], [ 98.7742208, 33.3301893 ], [ 98.7739881, 33.3308744 ], [ 98.7736337, 33.3318017 ], [ 98.7731967, 33.3328142 ], [ 98.7728068, 33.3333807 ], [ 98.7726806, 33.3335155 ], [ 98.7725019, 33.3336648 ], [ 98.7721463, 33.3340199 ], [ 98.7713777, 33.3349598 ], [ 98.770619, 33.3359296 ], [ 98.7699217, 33.3379624 ], [ 98.7695252, 33.3396865 ], [ 98.7722228, 33.3414929 ], [ 98.7790287, 33.345682 ], [ 98.7802107, 33.3462255 ], [ 98.779113, 33.3519518 ], [ 98.7786479, 33.3528665 ], [ 98.7779729, 33.3604477 ], [ 98.7780377, 33.3636276 ], [ 98.7783438, 33.3671669 ], [ 98.7787071, 33.3701127 ], [ 98.7784225, 33.3724136 ], [ 98.7778646, 33.3743894 ], [ 98.7774243, 33.3755504 ], [ 98.7768987, 33.376037 ], [ 98.775818, 33.3767094 ], [ 98.7722422, 33.378415 ], [ 98.7681684, 33.3803415 ], [ 98.7676543, 33.380561 ], [ 98.7663845, 33.3807383 ], [ 98.7658865, 33.380748 ], [ 98.7648784, 33.3805649 ], [ 98.7630102, 33.3799347 ], [ 98.7626351, 33.3799216 ], [ 98.7616937, 33.3803582 ], [ 98.7609387, 33.3807785 ], [ 98.7604556, 33.3810584 ], [ 98.7600622, 33.3814495 ], [ 98.7597348, 33.3821276 ], [ 98.7597009, 33.3832385 ], [ 98.7601121, 33.3852471 ], [ 98.7595549, 33.3855338 ], [ 98.7588196, 33.385899 ], [ 98.7539553, 33.3881786 ], [ 98.7532051, 33.3910929 ], [ 98.7525466, 33.3944566 ], [ 98.7523968, 33.3965763 ], [ 98.7524918, 33.3977698 ], [ 98.7519101, 33.4000664 ], [ 98.7500145, 33.4031984 ], [ 98.74877, 33.4049692 ], [ 98.7470156, 33.4065555 ], [ 98.7461429, 33.4070595 ], [ 98.7451908, 33.4072855 ], [ 98.7429303, 33.4074032 ], [ 98.7409605, 33.4078271 ], [ 98.7386258, 33.4083726 ], [ 98.7359983, 33.4092842 ], [ 98.7343181, 33.4103813 ], [ 98.7332852, 33.4116516 ], [ 98.7331662, 33.4118614 ], [ 98.7331659, 33.4119837 ], [ 98.7332661, 33.4124963 ], [ 98.7340221, 33.4136844 ], [ 98.7345565, 33.4153427 ], [ 98.7349865, 33.4169686 ], [ 98.7352491, 33.4193165 ], [ 98.7357977, 33.4290189 ], [ 98.7369243, 33.4347425 ], [ 98.7396894, 33.4428622 ], [ 98.7435024, 33.4573557 ], [ 98.7419984, 33.4594147 ], [ 98.7415746, 33.4600247 ], [ 98.7413953, 33.461063 ], [ 98.741534, 33.4625774 ], [ 98.7419821, 33.4637878 ], [ 98.7427802, 33.4658298 ], [ 98.7432721, 33.4671003 ], [ 98.7432975, 33.4678344 ], [ 98.7429377, 33.4790071 ], [ 98.7426415, 33.480474 ], [ 98.7420561, 33.4810231 ], [ 98.7410344, 33.4810821 ], [ 98.7395033, 33.4806509 ], [ 98.7375353, 33.479913 ], [ 98.7367087, 33.4796407 ], [ 98.7363092, 33.4797403 ], [ 98.7355082, 33.4805415 ], [ 98.7350501, 33.4813141 ], [ 98.7341687, 33.4832077 ], [ 98.7333611, 33.4847958 ], [ 98.7327018, 33.4856505 ], [ 98.7310209, 33.4864418 ], [ 98.7291956, 33.4867435 ], [ 98.7268608, 33.4866161 ], [ 98.7245268, 33.4862441 ], [ 98.7231318, 33.4859356 ], [ 98.7220203, 33.4941876 ], [ 98.7222281, 33.4976735 ], [ 98.7225159, 33.4989582 ], [ 98.7228236, 33.5001896 ], [ 98.7230204, 33.5009772 ], [ 98.7237458, 33.5023852 ], [ 98.7242157, 33.5037356 ], [ 98.724571, 33.5050412 ], [ 98.7247281, 33.505878 ], [ 98.724606, 33.5066137 ], [ 98.724325, 33.5070481 ], [ 98.723778, 33.5076513 ], [ 98.7232637, 33.5079814 ], [ 98.7229484, 33.5081699 ], [ 98.7203795, 33.5096959 ], [ 98.7200528, 33.5098503 ], [ 98.7196428, 33.5098419 ], [ 98.7180123, 33.509661 ], [ 98.7173955, 33.5095414 ], [ 98.7155067, 33.5087874 ], [ 98.7141256, 33.5082245 ], [ 98.7138181, 33.5080949 ], [ 98.7129247, 33.5081084 ], [ 98.7124422, 33.5082316 ], [ 98.7106134, 33.508789 ], [ 98.7103508, 33.508877 ], [ 98.7045321, 33.5138189 ], [ 98.6897617, 33.5223158 ], [ 98.6826396, 33.5238894 ], [ 98.6774532, 33.526594 ], [ 98.6787481, 33.5293708 ], [ 98.6787562, 33.5295592 ], [ 98.6774933, 33.5312362 ], [ 98.6760155, 33.5325802 ], [ 98.6738024, 33.5347902 ], [ 98.673623, 33.5350113 ], [ 98.6735659, 33.5352607 ], [ 98.6734082, 33.5367442 ], [ 98.6730079, 33.5395062 ], [ 98.6711524, 33.5451973 ], [ 98.6709664, 33.5453963 ], [ 98.6678984, 33.547301 ], [ 98.6658926, 33.5482115 ], [ 98.6628311, 33.5483804 ], [ 98.6622932, 33.548342 ], [ 98.661712, 33.5480893 ], [ 98.6603183, 33.5458328 ], [ 98.6591359, 33.5437024 ], [ 98.6577365, 33.5429378 ], [ 98.6567402, 33.5428169 ], [ 98.6540395, 33.5432378 ], [ 98.6533309, 33.5434168 ], [ 98.6523206, 33.5440934 ], [ 98.6510324, 33.5452826 ], [ 98.6505923, 33.5457536 ], [ 98.647626, 33.5511263 ], [ 98.6474473, 33.5516908 ], [ 98.6457146, 33.5623363 ], [ 98.6457003, 33.562591 ], [ 98.6457348, 33.5627758 ], [ 98.6459807, 33.5631541 ], [ 98.6478742, 33.5656019 ], [ 98.6520933, 33.569894 ], [ 98.6531117, 33.5709364 ], [ 98.6566044, 33.5745271 ], [ 98.6588572, 33.5773116 ], [ 98.661036, 33.5805583 ], [ 98.6640094, 33.5861919 ], [ 98.6649164, 33.5887977 ], [ 98.6648892, 33.5889315 ], [ 98.6647552, 33.5890119 ], [ 98.662316, 33.5900649 ], [ 98.6604337, 33.5907429 ], [ 98.6587743, 33.5919201 ], [ 98.6566185, 33.5936535 ], [ 98.6538168, 33.5968622 ], [ 98.6499474, 33.5999755 ], [ 98.6464398, 33.6019487 ], [ 98.6459555, 33.6021884 ], [ 98.6443576, 33.6028216 ], [ 98.6415484, 33.6044568 ], [ 98.6375653, 33.6071337 ], [ 98.6372597, 33.6073765 ], [ 98.636299, 33.6086237 ], [ 98.6360746, 33.6089832 ], [ 98.6359595, 33.6091008 ], [ 98.6285668, 33.6111323 ], [ 98.6277981, 33.6113035 ], [ 98.6267467, 33.6115367 ], [ 98.6255323, 33.6116881 ], [ 98.6251791, 33.6117055 ], [ 98.6248395, 33.611638 ], [ 98.6243983, 33.6115961 ], [ 98.624131, 33.6116108 ], [ 98.6235884, 33.6117788 ], [ 98.623259, 33.6118808 ], [ 98.6226183, 33.6121819 ], [ 98.6221041, 33.6127918 ], [ 98.6216611, 33.61383 ], [ 98.6212978, 33.6147969 ], [ 98.6209878, 33.6163643 ], [ 98.6207976, 33.6174568 ], [ 98.6209317, 33.6190969 ], [ 98.6208291, 33.6203521 ], [ 98.6174401, 33.6278411 ], [ 98.6169564, 33.6287094 ], [ 98.6144183, 33.6319679 ], [ 98.6117709, 33.635506 ], [ 98.6114419, 33.6367157 ], [ 98.6114972, 33.637196 ], [ 98.6122965, 33.6381254 ], [ 98.6132181, 33.6388124 ], [ 98.6183225, 33.6403405 ], [ 98.6197923, 33.6405779 ], [ 98.6214638, 33.6404346 ], [ 98.6230804, 33.6403104 ], [ 98.6251265, 33.6405 ], [ 98.6344974, 33.6424703 ], [ 98.6401783, 33.6442402 ], [ 98.6422653, 33.6456532 ], [ 98.6430887, 33.6494149 ], [ 98.6458344, 33.6535851 ], [ 98.6469756, 33.6551626 ], [ 98.6491431, 33.6578971 ], [ 98.6492421, 33.6580425 ], [ 98.6492636, 33.6581848 ], [ 98.6492262, 33.6586924 ], [ 98.6491677, 33.6589747 ], [ 98.6490851, 33.6592035 ], [ 98.6489611, 33.6592918 ], [ 98.6486626, 33.6593316 ], [ 98.6473473, 33.6593926 ], [ 98.6453063, 33.6590614 ], [ 98.6430706, 33.658811 ], [ 98.6419029, 33.6589703 ], [ 98.6412191, 33.6597002 ], [ 98.6406316, 33.6606744 ], [ 98.6400385, 33.6619739 ], [ 98.6399315, 33.6634375 ], [ 98.6401194, 33.6645766 ], [ 98.640419, 33.6661116 ], [ 98.6404909, 33.6663263 ], [ 98.6405446, 33.6665871 ], [ 98.6405471, 33.6668486 ], [ 98.6404738, 33.6669546 ], [ 98.6350649, 33.6718435 ], [ 98.6348783, 33.6719813 ], [ 98.6340823, 33.6719192 ], [ 98.6332566, 33.671847 ], [ 98.6311061, 33.6715849 ], [ 98.6246241, 33.6735183 ], [ 98.6246925, 33.6739695 ], [ 98.6247801, 33.6754012 ], [ 98.6247292, 33.6763227 ], [ 98.6243949, 33.6776747 ], [ 98.6239454, 33.6783727 ], [ 98.6231983, 33.679041 ], [ 98.6229471, 33.6792582 ], [ 98.6227213, 33.6794446 ], [ 98.6186698, 33.6821345 ], [ 98.6161151, 33.6836981 ], [ 98.6157368, 33.6837856 ], [ 98.6149393, 33.6837831 ], [ 98.6111048, 33.686281 ], [ 98.6055504, 33.6904008 ], [ 98.6041611, 33.6915533 ], [ 98.602489, 33.6929989 ], [ 98.6005804, 33.694836 ], [ 98.5976053, 33.6979521 ], [ 98.597306, 33.6982719 ], [ 98.5970233, 33.6985894 ], [ 98.5967494, 33.6989133 ], [ 98.5964862, 33.6992418 ], [ 98.596196, 33.6996243 ], [ 98.5956485, 33.7003906 ], [ 98.5954622, 33.7007411 ], [ 98.5952254, 33.701211 ], [ 98.5946095, 33.7024835 ], [ 98.5943233, 33.703463 ], [ 98.5941589, 33.7042907 ], [ 98.5941529, 33.704619 ], [ 98.5941453, 33.7064037 ], [ 98.5941533, 33.7084595 ], [ 98.5942761, 33.709298 ], [ 98.5949217, 33.7109358 ], [ 98.5953919, 33.7125681 ], [ 98.5956774, 33.7148992 ], [ 98.5957877, 33.7163899 ], [ 98.5959583, 33.7200572 ], [ 98.5958616, 33.7206451 ], [ 98.5955311, 33.7210754 ], [ 98.5901151, 33.7265777 ], [ 98.5898102, 33.7268816 ], [ 98.5826911, 33.733783 ], [ 98.5825537, 33.73391 ], [ 98.5824164, 33.7340298 ], [ 98.5822755, 33.7341456 ], [ 98.582131, 33.7342574 ], [ 98.5819051, 33.7344189 ], [ 98.5803038, 33.7351624 ], [ 98.5703258, 33.7384911 ], [ 98.5653489, 33.7397179 ], [ 98.5651292, 33.7397264 ], [ 98.5648854, 33.7397401 ], [ 98.5644195, 33.7397743 ], [ 98.5625193, 33.7399236 ], [ 98.5621926, 33.7399539 ], [ 98.5618875, 33.7399936 ], [ 98.5617514, 33.7400164 ], [ 98.561621, 33.7400421 ], [ 98.5614886, 33.7400722 ], [ 98.5613568, 33.7401063 ], [ 98.5612256, 33.7401445 ], [ 98.5610948, 33.7401867 ], [ 98.5608691, 33.7402696 ], [ 98.5606518, 33.7403618 ], [ 98.5604704, 33.7404515 ], [ 98.5602847, 33.7405573 ], [ 98.5601424, 33.7406465 ], [ 98.5599693, 33.7407611 ], [ 98.5582707, 33.7419106 ], [ 98.557788, 33.7422255 ], [ 98.5574137, 33.7424581 ], [ 98.5570464, 33.7426758 ], [ 98.5567206, 33.7428576 ], [ 98.5564079, 33.74302 ], [ 98.5562214, 33.7431107 ], [ 98.5560361, 33.7431958 ], [ 98.5558614, 33.7432709 ], [ 98.5511752, 33.7452015 ], [ 98.5508184, 33.7453484 ], [ 98.5496865, 33.7456879 ], [ 98.5461888, 33.7467062 ], [ 98.5454652, 33.746894 ], [ 98.5450729, 33.7469897 ], [ 98.5446904, 33.7470785 ], [ 98.54433, 33.7471577 ], [ 98.5439945, 33.7472267 ], [ 98.5435514, 33.7473088 ], [ 98.5425146, 33.7474795 ], [ 98.5422522, 33.7475279 ], [ 98.5420143, 33.7475763 ], [ 98.5417452, 33.7476369 ], [ 98.541469, 33.7477058 ], [ 98.5411764, 33.7477854 ], [ 98.5408705, 33.7478748 ], [ 98.5404424, 33.7480118 ], [ 98.5402325, 33.7480847 ], [ 98.5400197, 33.7481626 ], [ 98.5398332, 33.7482345 ], [ 98.539652, 33.7483084 ], [ 98.5394711, 33.7483863 ], [ 98.5392942, 33.7484668 ], [ 98.539106, 33.748557 ], [ 98.5389144, 33.7486535 ], [ 98.5385072, 33.7488724 ], [ 98.5381153, 33.7490991 ], [ 98.5377171, 33.749346 ], [ 98.5373145, 33.7496125 ], [ 98.536928, 33.7498854 ], [ 98.5365608, 33.7501624 ], [ 98.5363898, 33.7502985 ], [ 98.5362282, 33.7504319 ], [ 98.5352381, 33.751287 ], [ 98.5345968, 33.7518554 ], [ 98.5343093, 33.7521181 ], [ 98.534024, 33.7523853 ], [ 98.5337394, 33.752658 ], [ 98.5334493, 33.7529424 ], [ 98.5329623, 33.7534322 ], [ 98.5326095, 33.7538016 ], [ 98.5324525, 33.7539733 ], [ 98.5323046, 33.754141 ], [ 98.5313068, 33.7553138 ], [ 98.5306175, 33.756538 ], [ 98.5304067, 33.7572457 ], [ 98.530152, 33.7586926 ], [ 98.5301114, 33.7589929 ], [ 98.5296159, 33.7618614 ], [ 98.5288228, 33.7661696 ], [ 98.5287998, 33.7662676 ], [ 98.5287731, 33.7663565 ], [ 98.5287356, 33.7664561 ], [ 98.5286915, 33.7665566 ], [ 98.5286417, 33.7666554 ], [ 98.5285846, 33.7667557 ], [ 98.5285171, 33.7668615 ], [ 98.5284563, 33.7669467 ], [ 98.5283867, 33.7670314 ], [ 98.5283141, 33.7671086 ], [ 98.5227919, 33.7722934 ], [ 98.5224088, 33.7725804 ], [ 98.5213478, 33.7733607 ], [ 98.5209942, 33.7736142 ], [ 98.5207114, 33.7738092 ], [ 98.5197498, 33.7743748 ], [ 98.5182134, 33.7752753 ], [ 98.5179786, 33.7754053 ], [ 98.5177641, 33.7755117 ], [ 98.5176396, 33.7755669 ], [ 98.5175186, 33.7756152 ], [ 98.517405, 33.7756554 ], [ 98.51728, 33.7756943 ], [ 98.5171463, 33.7757303 ], [ 98.517009, 33.7757622 ], [ 98.5168681, 33.7757901 ], [ 98.5167185, 33.775815 ], [ 98.5165601, 33.7758365 ], [ 98.5163927, 33.7758545 ], [ 98.5162119, 33.775869 ], [ 98.5160647, 33.7758765 ], [ 98.5159158, 33.7758792 ], [ 98.51577, 33.7758773 ], [ 98.5156159, 33.7758706 ], [ 98.5154581, 33.7758593 ], [ 98.5151051, 33.7758216 ], [ 98.5145627, 33.7757478 ], [ 98.5140699, 33.7756714 ], [ 98.5088035, 33.7747538 ], [ 98.5086202, 33.7747184 ], [ 98.5084406, 33.7746797 ], [ 98.5082728, 33.7746396 ], [ 98.5081061, 33.7745956 ], [ 98.5077923, 33.7745037 ], [ 98.5068118, 33.7742047 ], [ 98.5005244, 33.7722338 ], [ 98.5001266, 33.7720532 ], [ 98.4998201, 33.7718712 ], [ 98.4991072, 33.7713831 ], [ 98.4984348, 33.7709032 ], [ 98.497866, 33.7704672 ], [ 98.4974001, 33.770205 ], [ 98.4971409, 33.7701172 ], [ 98.4967259, 33.7700287 ], [ 98.4962587, 33.7699835 ], [ 98.495583, 33.7700675 ], [ 98.4950109, 33.7701953 ], [ 98.4941259, 33.7705386 ], [ 98.4929286, 33.7710109 ], [ 98.49225, 33.771572 ], [ 98.4916759, 33.7720468 ], [ 98.4911012, 33.7726083 ], [ 98.4904736, 33.7733431 ], [ 98.4880123, 33.7767163 ], [ 98.487382, 33.7778848 ], [ 98.4868037, 33.7790536 ], [ 98.4864874, 33.7798331 ], [ 98.4862741, 33.7807431 ], [ 98.4860262, 33.7820612 ], [ 98.4859846, 33.782736 ], [ 98.4862228, 33.7837731 ], [ 98.4868202, 33.7849963 ], [ 98.4873851, 33.786083 ], [ 98.4895944, 33.7902129 ], [ 98.4908793, 33.7925606 ], [ 98.4921668, 33.7944745 ], [ 98.4923214, 33.794692 ], [ 98.4923721, 33.794909 ], [ 98.4924222, 33.7952129 ], [ 98.4925686, 33.7968184 ], [ 98.4925167, 33.7972053 ], [ 98.4923035, 33.7977282 ], [ 98.4917273, 33.7985066 ], [ 98.4900527, 33.8005384 ], [ 98.4880059, 33.8032043 ], [ 98.4873394, 33.8040782 ], [ 98.4861222, 33.805989 ], [ 98.485728, 33.8068641 ], [ 98.4854108, 33.8078694 ], [ 98.4851721, 33.8087451 ], [ 98.4842543, 33.8126054 ], [ 98.4836491, 33.8162072 ], [ 98.4834882, 33.8170833 ], [ 98.4831719, 33.8179262 ], [ 98.4805069, 33.8244433 ], [ 98.4796125, 33.8261741 ], [ 98.4778968, 33.8293967 ], [ 98.4761203, 33.8323463 ], [ 98.4733702, 33.8366534 ], [ 98.4651369, 33.8465866 ], [ 98.4645884, 33.8471687 ], [ 98.4611364, 33.8506398 ], [ 98.4603184, 33.8512197 ], [ 98.4594483, 33.8516295 ], [ 98.4587979, 33.8517438 ], [ 98.4585385, 33.8517605 ], [ 98.458366, 33.8517559 ], [ 98.458346, 33.8517537 ], [ 98.4581888, 33.8517197 ], [ 98.4577123, 33.8515546 ], [ 98.456801, 33.8512218 ], [ 98.4559943, 33.8508425 ], [ 98.4546574, 33.8499764 ], [ 98.4540121, 33.8494851 ], [ 98.4537926, 33.8491998 ], [ 98.4536007, 33.848908 ], [ 98.4531384, 33.8478371 ], [ 98.4522682, 33.8467583 ], [ 98.4518945, 33.8464288 ], [ 98.4475772, 33.8435045 ], [ 98.4456122, 33.8426087 ], [ 98.444982, 33.842422 ], [ 98.4441862, 33.8423002 ], [ 98.4435847, 33.8422532 ], [ 98.4430943, 33.842241 ], [ 98.4396162, 33.8427024 ], [ 98.4388242, 33.8428461 ], [ 98.4381675, 33.8432046 ], [ 98.4356745, 33.8445658 ], [ 98.4346142, 33.8456319 ], [ 98.4302029, 33.8501462 ], [ 98.4262189, 33.8551307 ], [ 98.4258484, 33.8556398 ], [ 98.425848, 33.8557044 ], [ 98.4258519, 33.8557764 ], [ 98.4258758, 33.8558504 ], [ 98.4259282, 33.855954 ], [ 98.4262754, 33.856648 ], [ 98.4264992, 33.8571162 ], [ 98.4265163, 33.8572067 ], [ 98.4265257, 33.8576074 ], [ 98.4264839, 33.8578122 ], [ 98.4262076, 33.8583205 ], [ 98.4260949, 33.8584685 ], [ 98.4259927, 33.8585577 ], [ 98.4205941, 33.8619482 ], [ 98.4198526, 33.8622844 ], [ 98.4170605, 33.8634455 ], [ 98.4167899, 33.8635218 ], [ 98.4157811, 33.863539 ], [ 98.4151257, 33.8635028 ], [ 98.4140494, 33.8634156 ], [ 98.4128655, 33.8632484 ], [ 98.41233, 33.8632273 ], [ 98.4122117, 33.8632303 ], [ 98.4121385, 33.8632431 ], [ 98.4120819, 33.8632576 ], [ 98.4120497, 33.8632796 ], [ 98.4119885, 33.8633328 ], [ 98.4115328, 33.8637396 ], [ 98.4105578, 33.8647587 ], [ 98.4075615, 33.8678906 ], [ 98.4074273, 33.8680893 ], [ 98.4073268, 33.8685394 ], [ 98.4073269, 33.869806 ], [ 98.4073647, 33.8700148 ], [ 98.4078045, 33.8715467 ], [ 98.4106222, 33.8812059 ], [ 98.4112254, 33.8823387 ], [ 98.4118723, 33.883553 ], [ 98.4123114, 33.8840868 ], [ 98.4138797, 33.8852464 ], [ 98.4185889, 33.8893016 ], [ 98.422639, 33.89312 ], [ 98.4254199, 33.8960141 ], [ 98.4280202, 33.8987558 ], [ 98.4282466, 33.8992273 ], [ 98.4285613, 33.9000293 ], [ 98.4288403, 33.9012162 ], [ 98.428868, 33.9025205 ], [ 98.4288593, 33.9038246 ], [ 98.4287407, 33.9052494 ], [ 98.4285129, 33.9066738 ], [ 98.4283471, 33.9072841 ], [ 98.4277469, 33.9091295 ], [ 98.4270628, 33.9107659 ], [ 98.4267753, 33.9113701 ], [ 98.4259715, 33.9123486 ], [ 98.4185285, 33.9204967 ], [ 98.4178015, 33.9211898 ], [ 98.4174605, 33.9215021 ], [ 98.4172359, 33.9216266 ], [ 98.4168713, 33.9218166 ], [ 98.4147215, 33.922746 ], [ 98.4114816, 33.9236685 ], [ 98.4085392, 33.9251241 ], [ 98.4066463, 33.9269576 ], [ 98.4064711, 33.9271377 ], [ 98.4062561, 33.9274058 ], [ 98.4060977, 33.927616 ], [ 98.4059101, 33.927884 ], [ 98.4058092, 33.9285847 ], [ 98.4060767, 33.9360665 ], [ 98.4063305, 33.9377783 ], [ 98.4067448, 33.9405688 ], [ 98.4068472, 33.9410216 ], [ 98.4074348, 33.9425851 ], [ 98.4079386, 33.9434688 ], [ 98.4082239, 33.9438001 ], [ 98.4093738, 33.945114 ], [ 98.4111116, 33.947059 ], [ 98.4126456, 33.9489762 ], [ 98.4130134, 33.9496279 ], [ 98.4129841, 33.9500191 ], [ 98.4125526, 33.9510829 ], [ 98.4120605, 33.9515952 ], [ 98.4109708, 33.9524657 ], [ 98.4101543, 33.9527164 ], [ 98.4099111, 33.9528095 ], [ 98.4094136, 33.953049 ], [ 98.4092618, 33.9532144 ], [ 98.4092475, 33.953351 ], [ 98.4092594, 33.9535578 ], [ 98.4093153, 33.9538018 ], [ 98.4096479, 33.9550552 ], [ 98.4100502, 33.9558929 ], [ 98.4101773, 33.9560838 ], [ 98.4105997, 33.9565142 ], [ 98.411765, 33.9571376 ], [ 98.4199163, 33.960012 ], [ 98.4217156, 33.9602008 ], [ 98.4228793, 33.9602202 ], [ 98.4237338, 33.9602414 ], [ 98.4248069, 33.9602752 ], [ 98.4269563, 33.9610669 ], [ 98.4295626, 33.962297 ], [ 98.4296246, 33.9623292 ], [ 98.4302323, 33.9628989 ], [ 98.4311487, 33.9650301 ], [ 98.4316574, 33.9671816 ], [ 98.4316329, 33.9688367 ], [ 98.4316188, 33.969184 ], [ 98.4316108, 33.9692404 ], [ 98.4315688, 33.9693319 ], [ 98.4315622, 33.9693405 ], [ 98.4309956, 33.9700877 ], [ 98.430981, 33.9702354 ], [ 98.4313015, 33.9732575 ], [ 98.4313639, 33.9734298 ], [ 98.4314085, 33.9734903 ], [ 98.4314518, 33.9735207 ], [ 98.4331341, 33.9740365 ], [ 98.4334811, 33.974099 ], [ 98.4339959, 33.9741293 ], [ 98.435424, 33.9740584 ], [ 98.4366272, 33.9739981 ], [ 98.4367356, 33.9739992 ], [ 98.4367557, 33.9740052 ], [ 98.4367768, 33.9740162 ], [ 98.4367853, 33.9740255 ], [ 98.4369264, 33.9742123 ], [ 98.4386896, 33.9774721 ], [ 98.4403056, 33.9872317 ], [ 98.4403126, 33.987505 ], [ 98.4402677, 33.9875934 ], [ 98.4387379, 33.9887946 ], [ 98.4379496, 33.9893749 ], [ 98.4377732, 33.9894856 ], [ 98.4368691, 33.9902304 ], [ 98.4361904, 33.9908827 ], [ 98.4355867, 33.9915353 ], [ 98.4345264, 33.9931388 ], [ 98.4338209, 33.9942505 ], [ 98.4333927, 33.9954199 ], [ 98.43229, 33.9986279 ], [ 98.4322667, 33.998805 ], [ 98.4326368, 34.000903 ], [ 98.4327078, 34.001211 ], [ 98.4327928, 34.0014757 ], [ 98.4328886, 34.0016509 ], [ 98.4332203, 34.0020944 ], [ 98.4333981, 34.0023276 ], [ 98.4339973, 34.0029245 ], [ 98.4347611, 34.00353 ], [ 98.4349411, 34.0036436 ], [ 98.4352391, 34.0038293 ], [ 98.4356162, 34.0040041 ], [ 98.4357963, 34.004099 ], [ 98.4359761, 34.0042315 ], [ 98.4361127, 34.0044115 ], [ 98.4363115, 34.0047409 ], [ 98.4378253, 34.007708 ], [ 98.4387793, 34.0097263 ], [ 98.4393454, 34.011904 ], [ 98.4394174, 34.0123141 ], [ 98.4393588, 34.0128189 ], [ 98.4391683, 34.0133005 ], [ 98.4385973, 34.014061 ], [ 98.4370955, 34.0157618 ], [ 98.4317356, 34.0215362 ], [ 98.4269025, 34.0292039 ], [ 98.4216343, 34.0362516 ], [ 98.4214028, 34.0365571 ], [ 98.4209872, 34.0370126 ], [ 98.4206183, 34.0373174 ], [ 98.4202034, 34.0376197 ], [ 98.4199735, 34.0377336 ], [ 98.4159744, 34.0392404 ], [ 98.4154685, 34.0394296 ], [ 98.4152852, 34.0394671 ], [ 98.4151018, 34.0394662 ], [ 98.4147355, 34.0393878 ], [ 98.4143697, 34.0392328 ], [ 98.4138218, 34.0388876 ], [ 98.4115607, 34.0409751 ], [ 98.4076814, 34.0455532 ], [ 98.4057401, 34.0486607 ], [ 98.4045672, 34.0503434 ], [ 98.3974305, 34.0547145 ], [ 98.3968583, 34.054922 ], [ 98.3942933, 34.0562804 ], [ 98.3910747, 34.0582112 ], [ 98.3909849, 34.0587272 ], [ 98.3909831, 34.0588213 ], [ 98.3910078, 34.0589494 ], [ 98.3911147, 34.0592281 ], [ 98.3914941, 34.0600576 ], [ 98.3915023, 34.060055 ], [ 98.3972739, 34.0729584 ], [ 98.3987982, 34.0822378 ], [ 98.3989894, 34.0834018 ], [ 98.3993944, 34.0858666 ], [ 98.4020175, 34.0879211 ], [ 98.368441, 34.0929665 ], [ 98.3581224, 34.0939237 ], [ 98.3461516, 34.0958832 ], [ 98.3290604, 34.0985552 ], [ 98.3284977, 34.0985521 ], [ 98.3265805, 34.0981133 ], [ 98.3254987, 34.0978654 ], [ 98.3254789, 34.0978571 ], [ 98.3253073, 34.0979235 ], [ 98.324779, 34.0969791 ], [ 98.3207006, 34.0938973 ], [ 98.3177115, 34.0924752 ], [ 98.3173253, 34.0917649 ], [ 98.3159694, 34.0910692 ], [ 98.3113961, 34.0899544 ], [ 98.3096101, 34.0895191 ], [ 98.309127, 34.0894013 ], [ 98.2814104, 34.0874177 ], [ 98.2800055, 34.0876887 ], [ 98.2758683, 34.0898197 ], [ 98.2705138, 34.0902863 ], [ 98.2673919, 34.0876948 ], [ 98.2594275, 34.0854969 ], [ 98.2556741, 34.0848761 ], [ 98.2382916, 34.0841386 ], [ 98.2346436, 34.0853384 ], [ 98.2322731, 34.0869932 ], [ 98.2283685, 34.0879282 ], [ 98.2182821, 34.0831398 ], [ 98.2109828, 34.0806691 ], [ 98.2087242, 34.0802823 ], [ 98.2069964, 34.0803946 ], [ 98.2058147, 34.0815038 ], [ 98.206131, 34.0845155 ], [ 98.2057129, 34.0859412 ], [ 98.1975534, 34.0936747 ], [ 98.1927771, 34.0932768 ], [ 98.1899806, 34.0936334 ], [ 98.1877113, 34.0943576 ], [ 98.1876965, 34.0943255 ], [ 98.186349, 34.0947337 ], [ 98.1863726, 34.0947849 ], [ 98.1722464, 34.0992918 ], [ 98.1665577, 34.102037 ], [ 98.1623229, 34.1054529 ], [ 98.1567541, 34.1089723 ], [ 98.1518884, 34.110018 ], [ 98.1495862, 34.1099142 ], [ 98.1454752, 34.1086622 ], [ 98.1436511, 34.1064169 ], [ 98.1420513, 34.1058609 ], [ 98.1314185, 34.1085636 ], [ 98.1271621, 34.1104764 ], [ 98.1207023, 34.1142786 ], [ 98.1146307, 34.1185234 ], [ 98.0984498, 34.1247334 ], [ 98.0846746, 34.1255726 ], [ 98.0817621, 34.1253668 ], [ 98.0807501, 34.1243031 ], [ 98.0815489, 34.1229873 ], [ 98.0811974, 34.1210752 ], [ 98.0762479, 34.1197372 ], [ 98.0712283, 34.1199984 ], [ 98.066954, 34.1215429 ], [ 98.0613024, 34.1223239 ], [ 98.0531291, 34.1207741 ], [ 98.051755, 34.1192953 ], [ 98.0516368, 34.1176129 ], [ 98.050752, 34.1167925 ], [ 98.0495512, 34.1164601 ], [ 98.0472103, 34.116855 ], [ 98.0438613, 34.1174198 ], [ 98.0379705, 34.1206181 ], [ 98.0265396, 34.1254236 ], [ 98.0248506, 34.1298262 ], [ 98.0136547, 34.1462243 ], [ 98.0123656, 34.1472689 ], [ 98.0051578, 34.1531082 ], [ 98.0013451, 34.1534798 ], [ 97.9968558, 34.1560688 ], [ 97.9949183, 34.1578834 ], [ 97.9925121, 34.1617878 ], [ 97.9837134, 34.1660538 ], [ 97.9775728, 34.1704043 ], [ 97.9725061, 34.1754547 ], [ 97.9608534, 34.1844775 ], [ 97.9539242, 34.1890256 ], [ 97.9483196, 34.196186 ], [ 97.9451424, 34.1982156 ], [ 97.9397609, 34.1995365 ], [ 97.936388, 34.1987498 ], [ 97.9312666, 34.1991378 ], [ 97.9246314, 34.2018805 ], [ 97.9025036, 34.2110233 ], [ 97.8985053, 34.2116424 ], [ 97.8939756, 34.210559 ], [ 97.8922969, 34.20873 ], [ 97.8888084, 34.2063539 ], [ 97.87905, 34.2076647 ], [ 97.8780985, 34.2083363 ], [ 97.8737401, 34.208315 ], [ 97.8657479, 34.2065277 ], [ 97.8440025, 34.2094366 ], [ 97.8348601, 34.2100379 ], [ 97.8196303, 34.2094619 ], [ 97.8137173, 34.2080243 ], [ 97.8104118, 34.2092579 ], [ 97.8000164, 34.2025529 ], [ 97.7951447, 34.196597 ], [ 97.7846602, 34.1767701 ], [ 97.7846706, 34.1760491 ], [ 97.7871163, 34.1725915 ], [ 97.7853516, 34.1707914 ], [ 97.7812141, 34.16836 ], [ 97.7777731, 34.1663376 ], [ 97.7733003, 34.1637085 ], [ 97.7667901, 34.1602124 ], [ 97.7433956, 34.1571429 ], [ 97.7418725, 34.1574941 ], [ 97.7410738, 34.1559812 ], [ 97.7363034, 34.1518906 ], [ 97.7097974, 34.142451 ], [ 97.7063488, 34.142543 ], [ 97.7027258, 34.1402855 ], [ 97.6999704, 34.1377227 ], [ 97.6983051, 34.1354478 ], [ 97.6979947, 34.1356049 ], [ 97.6969916, 34.1352994 ], [ 97.6903318, 34.1339354 ], [ 97.6876047, 34.1334742 ], [ 97.687381, 34.1334631 ], [ 97.6872788, 34.133462 ], [ 97.6871851, 34.1334697 ], [ 97.6871227, 34.1334848 ], [ 97.687042, 34.1335357 ], [ 97.6869615, 34.1336143 ], [ 97.6868796, 34.1337217 ], [ 97.6867593, 34.1339526 ], [ 97.6867139, 34.1340467 ], [ 97.6866711, 34.1341067 ], [ 97.6866346, 34.1341395 ], [ 97.6861524, 34.1345345 ], [ 97.6861038, 34.1345482 ], [ 97.6860263, 34.1345593 ], [ 97.6858784, 34.1345545 ], [ 97.678806, 34.1337773 ], [ 97.6786316, 34.1337536 ], [ 97.6769675, 34.1333568 ], [ 97.6666039, 34.1294052 ], [ 97.6657646, 34.1290634 ], [ 97.6653704, 34.1286894 ], [ 97.6651552, 34.1282435 ], [ 97.6619445, 34.1175988 ], [ 97.6616491, 34.1165974 ], [ 97.6617003, 34.1162858 ], [ 97.6622835, 34.115828 ], [ 97.6635926, 34.1145484 ], [ 97.6655435, 34.1120188 ], [ 97.6663152, 34.1109921 ], [ 97.6671798, 34.1097076 ], [ 97.676152, 34.0957939 ], [ 97.6767913, 34.0946917 ], [ 97.6788053, 34.0909057 ], [ 97.6793557, 34.0898026 ], [ 97.6795945, 34.0887331 ], [ 97.6798373, 34.0874048 ], [ 97.680046, 34.0854108 ], [ 97.6803291, 34.0843418 ], [ 97.6806638, 34.0835359 ], [ 97.6812519, 34.0826243 ], [ 97.6818743, 34.0817381 ], [ 97.68306, 34.0816886 ], [ 97.6843171, 34.0815901 ], [ 97.6854835, 34.0814396 ], [ 97.6862416, 34.0812628 ], [ 97.6947635, 34.0789138 ], [ 97.6949441, 34.0787308 ], [ 97.6949497, 34.0783612 ], [ 97.6947811, 34.0777679 ], [ 97.6942292, 34.0760985 ], [ 97.6955385, 34.0689406 ], [ 97.6967052, 34.0681766 ], [ 97.699228, 34.0658744 ], [ 97.6999949, 34.0651061 ], [ 97.7009018, 34.0638958 ], [ 97.7016316, 34.0626466 ], [ 97.7023181, 34.061323 ], [ 97.7027448, 34.059553 ], [ 97.7029, 34.0581129 ], [ 97.7030734, 34.0542185 ], [ 97.7030785, 34.0538823 ], [ 97.7027339, 34.0486103 ], [ 97.7023097, 34.0443914 ], [ 97.7018559, 34.0413255 ], [ 97.7002644, 34.0363537 ], [ 97.6991538, 34.0358553 ], [ 97.6982732, 34.0353654 ], [ 97.697614, 34.0349148 ], [ 97.6971756, 34.0345405 ], [ 97.694942, 34.0325205 ], [ 97.6941155, 34.0314027 ], [ 97.6935126, 34.0301763 ], [ 97.6931301, 34.0290632 ], [ 97.6925796, 34.0273198 ], [ 97.6922904, 34.0259119 ], [ 97.6919523, 34.0247993 ], [ 97.6905231, 34.0224551 ], [ 97.687924, 34.0182499 ], [ 97.6877931, 34.0181007 ], [ 97.6873088, 34.0178367 ], [ 97.6730928, 34.0127304 ], [ 97.6719752, 34.0132359 ], [ 97.6704551, 34.0139219 ], [ 97.6692497, 34.0143524 ], [ 97.6664868, 34.0150249 ], [ 97.6646162, 34.0154113 ], [ 97.6630586, 34.0156531 ], [ 97.6621708, 34.0156435 ], [ 97.6617275, 34.0156017 ], [ 97.6609771, 34.0153347 ], [ 97.6600531, 34.0148071 ], [ 97.6590421, 34.0141676 ], [ 97.6579896, 34.0133428 ], [ 97.6568951, 34.0123697 ], [ 97.6553655, 34.0108373 ], [ 97.654931, 34.0102411 ], [ 97.6545479, 34.0092017 ], [ 97.6525381, 33.9995986 ], [ 97.6524976, 33.9984139 ], [ 97.6525705, 33.9975511 ], [ 97.6527634, 33.996591 ], [ 97.6529235, 33.9958279 ], [ 97.6531417, 33.9951395 ], [ 97.6548096, 33.9898858 ], [ 97.6576796, 33.9829361 ], [ 97.6603932, 33.9775451 ], [ 97.6605497, 33.9770738 ], [ 97.660608, 33.9764689 ], [ 97.6605513, 33.97556 ], [ 97.6596606, 33.9739782 ], [ 97.6592126, 33.9732068 ], [ 97.6583714, 33.9723763 ], [ 97.6578906, 33.9716045 ], [ 97.6577686, 33.9710009 ], [ 97.6577085, 33.9706444 ], [ 97.657715, 33.9702338 ], [ 97.6577577, 33.9696046 ], [ 97.6580727, 33.9683761 ], [ 97.6588743, 33.9654555 ], [ 97.6595588, 33.9637109 ], [ 97.6599676, 33.9627846 ], [ 97.6602398, 33.9621852 ], [ 97.6604118, 33.9616943 ], [ 97.6604524, 33.961202 ], [ 97.6604303, 33.9605173 ], [ 97.6603092, 33.959859 ], [ 97.6600857, 33.9594459 ], [ 97.655071, 33.9503296 ], [ 97.6548152, 33.9498887 ], [ 97.6546224, 33.9496129 ], [ 97.654332, 33.9492812 ], [ 97.6538436, 33.9490021 ], [ 97.6534849, 33.9488339 ], [ 97.653093, 33.9486927 ], [ 97.6527982, 33.9486347 ], [ 97.6521085, 33.9486272 ], [ 97.6515817, 33.9487035 ], [ 97.6510545, 33.9488073 ], [ 97.6503302, 33.9489088 ], [ 97.6496404, 33.9489013 ], [ 97.6483271, 33.9488595 ], [ 97.6476715, 33.9487701 ], [ 97.6472463, 33.948656 ], [ 97.6467886, 33.9485141 ], [ 97.6459075, 33.9481485 ], [ 97.6455492, 33.9479529 ], [ 97.6452899, 33.947731 ], [ 97.6449334, 33.947426 ], [ 97.6446102, 33.9470939 ], [ 97.6441915, 33.9465691 ], [ 97.6439037, 33.9460732 ], [ 97.643692, 33.944921 ], [ 97.6435452, 33.9438243 ], [ 97.6435621, 33.9427569 ], [ 97.6434658, 33.9364044 ], [ 97.6421458, 33.9264522 ], [ 97.642052, 33.92615 ], [ 97.6419255, 33.9258474 ], [ 97.6415367, 33.9255146 ], [ 97.6363804, 33.9214059 ], [ 97.6358932, 33.921072 ], [ 97.6356651, 33.9209599 ], [ 97.6351424, 33.9207899 ], [ 97.6346192, 33.9206472 ], [ 97.6338986, 33.9205297 ], [ 97.6335383, 33.920471 ], [ 97.6327827, 33.9204899 ], [ 97.6318941, 33.920617 ], [ 97.6314327, 33.9207213 ], [ 97.6222198, 33.9238764 ], [ 97.6192833, 33.9249751 ], [ 97.6189736, 33.9252134 ], [ 97.6186887, 33.9255721 ], [ 97.6184435, 33.9258874 ], [ 97.6176125, 33.9265077 ], [ 97.6151211, 33.9282592 ], [ 97.6140614, 33.9287948 ], [ 97.612539, 33.9295168 ], [ 97.6120429, 33.9297302 ], [ 97.6111834, 33.9300764 ], [ 97.6107875, 33.9301815 ], [ 97.6102928, 33.9303127 ], [ 97.6020812, 33.9323825 ], [ 97.6010623, 33.9324257 ], [ 97.6006354, 33.9324209 ], [ 97.6002751, 33.932362 ], [ 97.5990961, 33.932157 ], [ 97.5985078, 33.931986 ], [ 97.5973, 33.9315342 ], [ 97.5963549, 33.9310854 ], [ 97.5902618, 33.9281413 ], [ 97.5857357, 33.9257898 ], [ 97.5851866, 33.9252359 ], [ 97.5846685, 33.924792 ], [ 97.5841486, 33.9244575 ], [ 97.5832023, 33.9240907 ], [ 97.5742597, 33.9207571 ], [ 97.571547, 33.9199865 ], [ 97.5594813, 33.9169166 ], [ 97.5590559, 33.9168295 ], [ 97.558434, 33.9167127 ], [ 97.5576803, 33.9166218 ], [ 97.5570574, 33.9165597 ], [ 97.5560068, 33.9165474 ], [ 97.5548901, 33.9165617 ], [ 97.5545937, 33.916613 ], [ 97.5535977, 33.9168019 ], [ 97.5525825, 33.9171364 ], [ 97.5516439, 33.9171143 ], [ 97.5509393, 33.9169449 ], [ 97.5484033, 33.9157322 ], [ 97.5389726, 33.9101895 ], [ 97.5367814, 33.9085276 ], [ 97.5350649, 33.9068752 ], [ 97.5323066, 33.9048139 ], [ 97.5243747, 33.9030442 ], [ 97.5234606, 33.9028966 ], [ 97.5207413, 33.9026382 ], [ 97.5203257, 33.9026908 ], [ 97.5201223, 33.9027726 ], [ 97.520053, 33.9028841 ], [ 97.5199457, 33.9032477 ], [ 97.5196467, 33.9038238 ], [ 97.518594, 33.905837 ], [ 97.5180893, 33.9065427 ], [ 97.5173877, 33.907246 ], [ 97.5168896, 33.9075685 ], [ 97.5093235, 33.911872 ], [ 97.5070217, 33.9131623 ], [ 97.5053681, 33.9140211 ], [ 97.5041211, 33.9144224 ], [ 97.5038335, 33.9144189 ], [ 97.5031276, 33.9143291 ], [ 97.5023796, 33.9141151 ], [ 97.5017644, 33.9137461 ], [ 97.5014097, 33.9133681 ], [ 97.5011378, 33.9129329 ], [ 97.5005825, 33.9114618 ], [ 97.4999997, 33.909662 ], [ 97.4992262, 33.9070632 ], [ 97.4984016, 33.9054312 ], [ 97.4972897, 33.9046209 ], [ 97.4964086, 33.9042687 ], [ 97.4949455, 33.9040232 ], [ 97.4923169, 33.9040764 ], [ 97.4904378, 33.9041957 ], [ 97.4895522, 33.9040994 ], [ 97.4880239, 33.9036823 ], [ 97.4872789, 33.9033602 ], [ 97.4859378, 33.9020063 ], [ 97.484225, 33.9004487 ], [ 97.4834458, 33.9001261 ], [ 97.4815735, 33.8998754 ], [ 97.4803116, 33.8998535 ], [ 97.4789552, 33.8999287 ], [ 97.4778823, 33.9001997 ], [ 97.4757819, 33.901255 ], [ 97.4733312, 33.9028182 ], [ 97.4723301, 33.9034602 ], [ 97.4717771, 33.9038517 ], [ 97.4706406, 33.9044352 ], [ 97.4697143, 33.9047082 ], [ 97.4688578, 33.9048967 ], [ 97.4682441, 33.9048606 ], [ 97.4673973, 33.9045087 ], [ 97.4634691, 33.9023114 ], [ 97.4624345, 33.901516 ], [ 97.4617003, 33.9005962 ], [ 97.4611059, 33.899368 ], [ 97.4609044, 33.8987628 ], [ 97.4608675, 33.8975696 ], [ 97.4608406, 33.8952644 ], [ 97.4608311, 33.8938985 ], [ 97.4600469, 33.889457 ], [ 97.4599315, 33.8891817 ], [ 97.4597203, 33.8889671 ], [ 97.4596349, 33.888942 ], [ 97.4594952, 33.8889248 ], [ 97.4588376, 33.8890078 ], [ 97.4552787, 33.8895892 ], [ 97.4531902, 33.8899898 ], [ 97.4520593, 33.8902601 ], [ 97.4488874, 33.8901918 ], [ 97.4440786, 33.8900742 ], [ 97.4421006, 33.8900208 ], [ 97.4372996, 33.8894762 ], [ 97.4294889, 33.8882324 ], [ 97.4286147, 33.8878984 ], [ 97.4283505, 33.8878543 ], [ 97.4277078, 33.8878461 ], [ 97.4271263, 33.887924 ], [ 97.4263733, 33.8880567 ], [ 97.4253075, 33.8884983 ], [ 97.4244479, 33.8888573 ], [ 97.4234529, 33.8891575 ], [ 97.4231067, 33.8892369 ], [ 97.4223117, 33.8893208 ], [ 97.420614, 33.8891856 ], [ 97.4195493, 33.8889018 ], [ 97.4124431, 33.8863806 ], [ 97.4119117, 33.8861468 ], [ 97.4046343, 33.8874991 ], [ 97.4021728, 33.8885988 ], [ 97.3984287, 33.8899444 ], [ 97.3961012, 33.8906448 ], [ 97.392526, 33.8910261 ], [ 97.3910177, 33.8908568 ], [ 97.3902846, 33.8906545 ], [ 97.3891792, 33.8901084 ], [ 97.3883914, 33.8896168 ], [ 97.3880881, 33.8892511 ], [ 97.3877423, 33.8884961 ], [ 97.3875207, 33.8875827 ], [ 97.3874957, 33.8870986 ], [ 97.3875843, 33.8860185 ], [ 97.3884153, 33.8835539 ], [ 97.3889473, 33.8824795 ], [ 97.391764, 33.8778213 ], [ 97.394978, 33.8737942 ], [ 97.395781, 33.8728088 ], [ 97.3961066, 33.8718171 ], [ 97.3959515, 33.8709899 ], [ 97.3952582, 33.8697573 ], [ 97.3938612, 33.8687264 ], [ 97.3914613, 33.8668181 ], [ 97.391131, 33.8663278 ], [ 97.3909971, 33.8659742 ], [ 97.3907435, 33.8649465 ], [ 97.3907648, 33.8638086 ], [ 97.3907679, 33.8637712 ], [ 97.3908235, 33.8634892 ], [ 97.3909416, 33.8632975 ], [ 97.3916151, 33.8627395 ], [ 97.3919142, 33.8625431 ], [ 97.3930544, 33.8617613 ], [ 97.3945116, 33.8604429 ], [ 97.3957354, 33.8588369 ], [ 97.3994635, 33.8527961 ], [ 97.3997453, 33.852316 ], [ 97.3997836, 33.8520889 ], [ 97.3989435, 33.8514235 ], [ 97.3982018, 33.8509586 ], [ 97.396788, 33.8501539 ], [ 97.3965065, 33.8500301 ], [ 97.3963989, 33.8500048 ], [ 97.391637, 33.8489316 ], [ 97.3908088, 33.8488053 ], [ 97.3875842, 33.8487184 ], [ 97.3862469, 33.8487334 ], [ 97.3826533, 33.8487563 ], [ 97.3817896, 33.8486741 ], [ 97.3720117, 33.8449149 ], [ 97.3705963, 33.8441679 ], [ 97.3698331, 33.843473 ], [ 97.369804, 33.8434448 ], [ 97.3696627, 33.8431479 ], [ 97.3696539, 33.8428988 ], [ 97.3698211, 33.8423062 ], [ 97.3710062, 33.840956 ], [ 97.3721869, 33.8398334 ], [ 97.3725412, 33.8391267 ], [ 97.3728393, 33.8377933 ], [ 97.3729686, 33.8363723 ], [ 97.3729912, 33.8351775 ], [ 97.3723442, 33.832807 ], [ 97.3714998, 33.8302113 ], [ 97.3708201, 33.8291906 ], [ 97.3697174, 33.8280831 ], [ 97.3678266, 33.826935 ], [ 97.3685409, 33.8251506 ], [ 97.3708501, 33.8226343 ], [ 97.3718323, 33.8216219 ], [ 97.3743091, 33.8193171 ], [ 97.3752376, 33.8187277 ], [ 97.3761152, 33.8185205 ], [ 97.377866, 33.8190477 ], [ 97.3780089, 33.8190896 ], [ 97.3782977, 33.8190934 ], [ 97.3785353, 33.8190307 ], [ 97.3787215, 33.8189016 ], [ 97.3851467, 33.8135802 ], [ 97.385372, 33.8132094 ], [ 97.3853797, 33.8127993 ], [ 97.3850849, 33.8116378 ], [ 97.3844525, 33.8098214 ], [ 97.3844707, 33.809614 ], [ 97.3846083, 33.8094464 ], [ 97.3851235, 33.8091804 ], [ 97.3855574, 33.8090402 ], [ 97.3860274, 33.8088912 ], [ 97.3863966, 33.8088084 ], [ 97.3868438, 33.8087704 ], [ 97.3913364, 33.8088097 ], [ 97.3970924, 33.8088334 ], [ 97.3971844, 33.8088064 ], [ 97.3973111, 33.8087264 ], [ 97.4058563, 33.7958025 ], [ 97.4066317, 33.7880652 ], [ 97.4068416, 33.7818261 ], [ 97.4069026, 33.7816582 ], [ 97.4071529, 33.7813705 ], [ 97.4080641, 33.7803713 ], [ 97.4089993, 33.7794846 ], [ 97.4091475, 33.7793586 ], [ 97.4111562, 33.7779581 ], [ 97.4129141, 33.7767502 ], [ 97.4131514, 33.7763157 ], [ 97.4131611, 33.7757871 ], [ 97.4121592, 33.7747761 ], [ 97.4107068, 33.7736317 ], [ 97.4098445, 33.7729134 ], [ 97.4095998, 33.772552 ], [ 97.4095543, 33.7720193 ], [ 97.4095815, 33.7712665 ], [ 97.4097892, 33.7703672 ], [ 97.4101264, 33.7695344 ], [ 97.4110664, 33.7684989 ], [ 97.4114084, 33.7682236 ], [ 97.411876, 33.7679213 ], [ 97.4131364, 33.767578 ], [ 97.4134612, 33.7675051 ], [ 97.415281, 33.7667719 ], [ 97.4173632, 33.7657139 ], [ 97.4181312, 33.7653007 ], [ 97.4184287, 33.7649907 ], [ 97.4213705, 33.7581767 ], [ 97.419732, 33.753033 ], [ 97.4185531, 33.7524205 ], [ 97.4167551, 33.7514648 ], [ 97.4155438, 33.7507106 ], [ 97.4151512, 33.7503727 ], [ 97.4148735, 33.7500452 ], [ 97.4147306, 33.749636 ], [ 97.414784, 33.7492022 ], [ 97.4148706, 33.7488613 ], [ 97.4158089, 33.747565 ], [ 97.4162658, 33.746979 ], [ 97.4167498, 33.7463494 ], [ 97.4169952, 33.7458484 ], [ 97.4172506, 33.7447993 ], [ 97.4174524, 33.7438154 ], [ 97.417684, 33.7426346 ], [ 97.4180451, 33.7401181 ], [ 97.4180608, 33.7392633 ], [ 97.4179998, 33.7368729 ], [ 97.4176868, 33.7324843 ], [ 97.4175265, 33.7312108 ], [ 97.4174328, 33.7305957 ], [ 97.4173222, 33.7294762 ], [ 97.417304, 33.7290375 ], [ 97.4173343, 33.7288187 ], [ 97.4174436, 33.728579 ], [ 97.4176046, 33.7283837 ], [ 97.4177184, 33.7282839 ], [ 97.4198959, 33.7269309 ], [ 97.4205416, 33.7266358 ], [ 97.4214764, 33.7262858 ], [ 97.4238274, 33.7258421 ], [ 97.4255634, 33.7256636 ], [ 97.4260713, 33.7254841 ], [ 97.4261601, 33.7254359 ], [ 97.4271961, 33.7248157 ], [ 97.4279268, 33.7242325 ], [ 97.4281668, 33.72387 ], [ 97.4281712, 33.7233864 ], [ 97.4271592, 33.7167615 ], [ 97.4265598, 33.7157307 ], [ 97.4264292, 33.7155771 ], [ 97.4260238, 33.7152073 ], [ 97.4256054, 33.7148879 ], [ 97.4247805, 33.7142594 ], [ 97.4238593, 33.7135892 ], [ 97.4226869, 33.7127436 ], [ 97.4219977, 33.7119852 ], [ 97.4214997, 33.7113811 ], [ 97.4209611, 33.710341 ], [ 97.4208867, 33.7097727 ], [ 97.4210056, 33.7092373 ], [ 97.4242679, 33.7011749 ], [ 97.4246231, 33.7003083 ], [ 97.4251422, 33.6997577 ], [ 97.426195, 33.6991836 ], [ 97.4280421, 33.6982447 ], [ 97.4286423, 33.6978978 ], [ 97.429174, 33.697317 ], [ 97.4292992, 33.6970958 ], [ 97.4295497, 33.6966532 ], [ 97.4349056, 33.6826605 ], [ 97.43491, 33.6824175 ], [ 97.4349128, 33.6822655 ], [ 97.4347246, 33.6819491 ], [ 97.4342726, 33.6814875 ], [ 97.4334009, 33.6807775 ], [ 97.4325593, 33.6804123 ], [ 97.4311827, 33.6801517 ], [ 97.4300768, 33.6803301 ], [ 97.429412, 33.6802406 ], [ 97.4287498, 33.6800093 ], [ 97.4285582, 33.6798853 ], [ 97.4284185, 33.6795695 ], [ 97.4280994, 33.6784613 ], [ 97.4277991, 33.6769886 ], [ 97.4276689, 33.6754877 ], [ 97.4276797, 33.6748901 ], [ 97.4277453, 33.6746174 ], [ 97.4278859, 33.674214 ], [ 97.4284228, 33.6733395 ], [ 97.4297306, 33.6707122 ], [ 97.4297327, 33.6706008 ], [ 97.4291696, 33.6682535 ], [ 97.4287821, 33.6668968 ], [ 97.4287257, 33.6667572 ], [ 97.427732, 33.6649884 ], [ 97.4275295, 33.6647126 ], [ 97.427067, 33.664404 ], [ 97.4264165, 33.6642406 ], [ 97.4255961, 33.6641895 ], [ 97.4249427, 33.6641812 ], [ 97.422225, 33.6563113 ], [ 97.4203751, 33.6507492 ], [ 97.4146011, 33.6381803 ], [ 97.410365, 33.6341957 ], [ 97.4089081, 33.633471 ], [ 97.4064491, 33.6315197 ], [ 97.4061732, 33.6312817 ], [ 97.4054348, 33.6303934 ], [ 97.4048329, 33.6292816 ], [ 97.4045623, 33.6287556 ], [ 97.4044964, 33.6284981 ], [ 97.4045097, 33.6284248 ], [ 97.4081407, 33.6186274 ], [ 97.4133647, 33.6097399 ], [ 97.4145863, 33.6077918 ], [ 97.4146997, 33.6076234 ], [ 97.4148217, 33.6074643 ], [ 97.4153069, 33.607099 ], [ 97.4231077, 33.603581 ], [ 97.4233193, 33.6034864 ], [ 97.4235558, 33.6033987 ], [ 97.4238222, 33.6033147 ], [ 97.4246234, 33.6031735 ], [ 97.4304205, 33.6022558 ], [ 97.4308348, 33.6021959 ], [ 97.4319425, 33.6022751 ], [ 97.4332568, 33.6025539 ], [ 97.4370904, 33.5996706 ], [ 97.4439348, 33.5944731 ], [ 97.4442554, 33.5940673 ], [ 97.4448876, 33.5932555 ], [ 97.4453679, 33.5925563 ], [ 97.4463227, 33.5907332 ], [ 97.4466571, 33.5897995 ], [ 97.4485622, 33.5860688 ], [ 97.4518723, 33.5813834 ], [ 97.4522256, 33.5811145 ], [ 97.4524391, 33.5810212 ], [ 97.452786, 33.5811105 ], [ 97.4609576, 33.5841244 ], [ 97.4639654, 33.5855285 ], [ 97.4657582, 33.5863806 ], [ 97.4677399, 33.5876586 ], [ 97.4697992, 33.588718 ], [ 97.4710849, 33.5893616 ], [ 97.4714485, 33.5894764 ], [ 97.4717115, 33.5895071 ], [ 97.4769288, 33.5883702 ], [ 97.4851228, 33.5888702 ], [ 97.490636, 33.5872348 ], [ 97.4951712, 33.5859503 ], [ 97.5000552, 33.5854406 ], [ 97.5015267, 33.5853733 ], [ 97.5037132, 33.5852563 ], [ 97.5056318, 33.5850284 ], [ 97.5090219, 33.5844046 ], [ 97.5112527, 33.583981 ], [ 97.5132195, 33.5835172 ], [ 97.5145335, 33.5830382 ], [ 97.5224739, 33.5798396 ], [ 97.5231025, 33.5795831 ], [ 97.5235672, 33.5793634 ], [ 97.5242944, 33.5788847 ], [ 97.5246654, 33.5786011 ], [ 97.5247977, 33.5784753 ], [ 97.5255132, 33.5775164 ], [ 97.525683, 33.577127 ], [ 97.5258841, 33.5765885 ], [ 97.5260184, 33.5762076 ], [ 97.5260467, 33.5761071 ], [ 97.5260574, 33.576062 ], [ 97.5260581, 33.5760159 ], [ 97.5260259, 33.5758369 ], [ 97.525998, 33.5757904 ], [ 97.5233979, 33.5718232 ], [ 97.5225911, 33.5708923 ], [ 97.5220124, 33.5702928 ], [ 97.5215246, 33.5626823 ], [ 97.5217788, 33.5621277 ], [ 97.5218283, 33.5619437 ], [ 97.5218196, 33.561807 ], [ 97.5206685, 33.5570151 ], [ 97.5202308, 33.5553981 ], [ 97.5188416, 33.5516503 ], [ 97.5175651, 33.5494453 ], [ 97.5159748, 33.5472828 ], [ 97.5157357, 33.5469513 ], [ 97.5155591, 33.5467055 ], [ 97.5155544, 33.5466982 ], [ 97.515336, 33.546088 ], [ 97.5153096, 33.5459511 ], [ 97.5153186, 33.5450428 ], [ 97.5153709, 33.5448182 ], [ 97.5164835, 33.5400922 ], [ 97.5167547, 33.5391927 ], [ 97.5158981, 33.5312629 ], [ 97.5155061, 33.5310422 ], [ 97.5152553, 33.5308851 ], [ 97.5148982, 33.5306242 ], [ 97.5144892, 33.5303091 ], [ 97.5142739, 33.5301357 ], [ 97.5140175, 33.5299148 ], [ 97.5138483, 33.5297567 ], [ 97.5138171, 33.5297121 ], [ 97.5137516, 33.5296116 ], [ 97.513514, 33.5291979 ], [ 97.5134435, 33.529066 ], [ 97.510788, 33.5240658 ], [ 97.510771, 33.5240269 ], [ 97.5107041, 33.5238156 ], [ 97.5105394, 33.5232662 ], [ 97.5105061, 33.5231513 ], [ 97.5104981, 33.5231005 ], [ 97.5104801, 33.5228039 ], [ 97.5104841, 33.5226969 ], [ 97.5105062, 33.5226316 ], [ 97.5105445, 33.5225831 ], [ 97.5107702, 33.5223385 ], [ 97.5113717, 33.5218407 ], [ 97.5115385, 33.5217495 ], [ 97.5118243, 33.5216062 ], [ 97.5127304, 33.5211463 ], [ 97.5132096, 33.5208982 ], [ 97.5132665, 33.5208591 ], [ 97.5183775, 33.5169565 ], [ 97.518602, 33.516781 ], [ 97.5187886, 33.5166319 ], [ 97.5188389, 33.5165881 ], [ 97.5188448, 33.5165614 ], [ 97.5189495, 33.5155297 ], [ 97.5189609, 33.5152492 ], [ 97.5189643, 33.514856 ], [ 97.5189648, 33.5143086 ], [ 97.5189761, 33.5136469 ], [ 97.5189865, 33.5132316 ], [ 97.5190728, 33.512759 ], [ 97.5191554, 33.5123696 ], [ 97.5193921, 33.5116763 ], [ 97.5194552, 33.5115257 ], [ 97.5195517, 33.5113607 ], [ 97.5198773, 33.5108781 ], [ 97.5203288, 33.5102511 ], [ 97.5207731, 33.5096555 ], [ 97.5211874, 33.509138 ], [ 97.5218156, 33.5083608 ], [ 97.522286, 33.507783 ], [ 97.5226641, 33.5073186 ], [ 97.5227327, 33.5072391 ], [ 97.5228211, 33.5071616 ], [ 97.5291764, 33.5022224 ], [ 97.5304992, 33.5013763 ], [ 97.5310216, 33.5010456 ], [ 97.5313221, 33.5008664 ], [ 97.5322202, 33.5003416 ], [ 97.532455, 33.5002383 ], [ 97.5325397, 33.5002034 ], [ 97.5373702, 33.4982298 ], [ 97.5421498, 33.4963334 ], [ 97.5423662, 33.4962717 ], [ 97.5424821, 33.4962089 ], [ 97.5427173, 33.4958829 ], [ 97.5432339, 33.4944735 ], [ 97.5438538, 33.4923235 ], [ 97.5444376, 33.4890298 ], [ 97.5444534, 33.4889683 ], [ 97.5451689, 33.4863723 ], [ 97.5463604, 33.4832265 ], [ 97.5466001, 33.4826003 ], [ 97.5502556, 33.4774818 ], [ 97.551257, 33.4765392 ], [ 97.5508981, 33.4693573 ], [ 97.5509224, 33.4690448 ], [ 97.5517289, 33.467731 ], [ 97.5527613, 33.4666443 ], [ 97.5544103, 33.4658777 ], [ 97.5558343, 33.4654051 ], [ 97.5565048, 33.4653607 ], [ 97.557163, 33.4654847 ], [ 97.5583844, 33.4660673 ], [ 97.5605015, 33.4669753 ], [ 97.5625778, 33.4672879 ], [ 97.566429, 33.4673867 ], [ 97.5666675, 33.4673513 ], [ 97.5671941, 33.4670276 ], [ 97.567922, 33.4666238 ], [ 97.5685485, 33.4664113 ], [ 97.5690738, 33.4663624 ], [ 97.5697249, 33.4666447 ], [ 97.5714527, 33.4677554 ], [ 97.5729935, 33.4691405 ], [ 97.5745753, 33.4707673 ], [ 97.57461, 33.4707935 ], [ 97.5749476, 33.4709634 ], [ 97.5750404, 33.4709926 ], [ 97.5806875, 33.472531 ], [ 97.5808143, 33.4725325 ], [ 97.5808911, 33.4725173 ], [ 97.5809491, 33.4724859 ], [ 97.5835973, 33.4698436 ], [ 97.5860212, 33.4655446 ], [ 97.586925, 33.4638025 ], [ 97.5879447, 33.4625831 ], [ 97.5908336, 33.4608556 ], [ 97.591099, 33.4607508 ], [ 97.5919139, 33.4606113 ], [ 97.5926979, 33.4606523 ], [ 97.5937076, 33.4609284 ], [ 97.5948151, 33.4610813 ], [ 97.595363, 33.4609271 ], [ 97.5954635, 33.4608491 ], [ 97.5970868, 33.4595726 ], [ 97.5978788, 33.4588865 ], [ 97.5986806, 33.4578129 ], [ 97.5995265, 33.4557854 ], [ 97.6006208, 33.454537 ], [ 97.6006918, 33.4544729 ], [ 97.6017722, 33.453735 ], [ 97.6024434, 33.4535458 ], [ 97.6029306, 33.4535664 ], [ 97.6034899, 33.453603 ], [ 97.6040291, 33.4537604 ], [ 97.605443, 33.4548683 ], [ 97.6064107, 33.4558607 ], [ 97.6079734, 33.4576649 ], [ 97.6143526, 33.4617343 ], [ 97.6251831, 33.463503 ], [ 97.6261254, 33.4635823 ], [ 97.6265797, 33.4635361 ], [ 97.6272778, 33.4633543 ], [ 97.6275342, 33.4632644 ], [ 97.6280908, 33.4627693 ], [ 97.630157, 33.4603701 ], [ 97.6318989, 33.4591222 ], [ 97.6336891, 33.4578428 ], [ 97.6451545, 33.4508624 ], [ 97.6459806, 33.4504932 ], [ 97.6468046, 33.4502615 ], [ 97.6473154, 33.4501819 ], [ 97.6480228, 33.4500762 ], [ 97.6569316, 33.4496518 ], [ 97.6630561, 33.4495496 ], [ 97.6673508, 33.4485607 ], [ 97.6707798, 33.4467914 ], [ 97.6720103, 33.446044 ], [ 97.6724405, 33.4457159 ], [ 97.6729005, 33.445293 ], [ 97.6731611, 33.4449394 ], [ 97.673193, 33.444702 ], [ 97.6728892, 33.4441759 ], [ 97.6724706, 33.4437437 ], [ 97.671461, 33.4430199 ], [ 97.6708978, 33.4427762 ], [ 97.67087, 33.4427736 ], [ 97.6706369, 33.4425635 ], [ 97.6705013, 33.4423615 ], [ 97.6704397, 33.4421644 ], [ 97.6704269, 33.4417512 ], [ 97.6704473, 33.4414059 ], [ 97.6707374, 33.4389576 ], [ 97.6715963, 33.4378641 ], [ 97.6725486, 33.4367573 ], [ 97.6733813, 33.4360533 ], [ 97.6755283, 33.434674 ], [ 97.676312, 33.4343817 ], [ 97.6766375, 33.4343651 ], [ 97.6773596, 33.4343728 ], [ 97.6787826, 33.4348331 ], [ 97.6821621, 33.4355908 ], [ 97.6828211, 33.435662 ], [ 97.6833141, 33.4356352 ], [ 97.6842222, 33.4350473 ], [ 97.6854163, 33.433885 ], [ 97.6867132, 33.4325594 ], [ 97.6877985, 33.4319454 ], [ 97.6892987, 33.4314119 ], [ 97.6903027, 33.4311137 ], [ 97.6908114, 33.4310028 ], [ 97.6999238, 33.4308861 ], [ 97.7049667, 33.4310672 ], [ 97.7101045, 33.4294091 ], [ 97.711934, 33.427246 ], [ 97.7125522, 33.4261922 ], [ 97.7130908, 33.4254536 ], [ 97.7149993, 33.4235105 ], [ 97.7156941, 33.4229422 ], [ 97.7162283, 33.4227151 ], [ 97.7169663, 33.4226065 ], [ 97.7181896, 33.4226713 ], [ 97.7196162, 33.4228905 ], [ 97.7210963, 33.4230541 ], [ 97.7214644, 33.4230579 ], [ 97.7222366, 33.4229055 ], [ 97.729513, 33.4194274 ], [ 97.7355039, 33.4158697 ], [ 97.7372928, 33.4147875 ], [ 97.7392191, 33.4140041 ], [ 97.7407512, 33.4135141 ], [ 97.741996, 33.413259 ], [ 97.7457978, 33.4127622 ], [ 97.7476447, 33.4125727 ], [ 97.7505903, 33.4124239 ], [ 97.7519756, 33.4122594 ], [ 97.7529364, 33.4120312 ], [ 97.7538361, 33.4116018 ], [ 97.7548538, 33.4108102 ], [ 97.7558969, 33.4098774 ], [ 97.7567327, 33.4088933 ], [ 97.7571697, 33.4082085 ], [ 97.7576095, 33.4073307 ], [ 97.758018, 33.4063424 ], [ 97.7581886, 33.4054451 ], [ 97.758233, 33.405063 ], [ 97.7582039, 33.4049613 ], [ 97.7582226, 33.4049161 ], [ 97.7581882, 33.4049061 ], [ 97.7566447, 33.4049713 ], [ 97.751877, 33.407172 ], [ 97.7503102, 33.4065135 ], [ 97.7481317, 33.4055979 ], [ 97.7475204, 33.4040744 ], [ 97.7497728, 33.4009602 ], [ 97.7497913, 33.3995978 ], [ 97.7485332, 33.39862 ], [ 97.744402, 33.3977856 ], [ 97.7398105, 33.3960541 ], [ 97.7389119, 33.3950212 ], [ 97.7380323, 33.3918852 ], [ 97.736374, 33.3899892 ], [ 97.733389, 33.3890754 ], [ 97.729253, 33.3885021 ], [ 97.7232275, 33.3892497 ], [ 97.7202899, 33.3887119 ], [ 97.7076724, 33.3746707 ], [ 97.7051706, 33.3671902 ], [ 97.7038154, 33.3648984 ], [ 97.7022019, 33.3621694 ], [ 97.701717, 33.3613493 ], [ 97.701246, 33.361369 ], [ 97.6908552, 33.3621604 ], [ 97.6873272, 33.3639557 ], [ 97.6872467, 33.3638443 ], [ 97.6860662, 33.3636249 ], [ 97.6856028, 33.3635061 ], [ 97.6844429, 33.3632089 ], [ 97.6794993, 33.3612973 ], [ 97.678602, 33.3609061 ], [ 97.677251, 33.3600841 ], [ 97.6764572, 33.3595372 ], [ 97.675429, 33.3585839 ], [ 97.6751128, 33.3582777 ], [ 97.6744028, 33.3574961 ], [ 97.6741293, 33.3570221 ], [ 97.6739786, 33.3563811 ], [ 97.6742772, 33.3552064 ], [ 97.6751436, 33.3536004 ], [ 97.6762094, 33.3520638 ], [ 97.6782938, 33.3494611 ], [ 97.6792249, 33.3486756 ], [ 97.6796313, 33.3482906 ], [ 97.6796947, 33.3481375 ], [ 97.6780391, 33.344672 ], [ 97.6773204, 33.3435415 ], [ 97.6768517, 33.342943 ], [ 97.6764251, 33.342722 ], [ 97.6759197, 33.3426524 ], [ 97.6749811, 33.3427948 ], [ 97.6744422, 33.3430457 ], [ 97.6732189, 33.3436903 ], [ 97.671205, 33.3447915 ], [ 97.6701404, 33.3450528 ], [ 97.6695269, 33.3451352 ], [ 97.6684974, 33.3447827 ], [ 97.6684262, 33.3447384 ], [ 97.667001, 33.3435114 ], [ 97.6651251, 33.3424566 ], [ 97.6645453, 33.3422579 ], [ 97.6639918, 33.3422119 ], [ 97.6509613, 33.3429107 ], [ 97.6490389, 33.3430646 ], [ 97.6482137, 33.3432882 ], [ 97.6469417, 33.3436674 ], [ 97.6425049, 33.3450986 ], [ 97.6416939, 33.3456351 ], [ 97.640158, 33.346701 ], [ 97.6386006, 33.3473015 ], [ 97.637183, 33.3478474 ], [ 97.6370764, 33.3478543 ], [ 97.6358979, 33.347631 ], [ 97.6354701, 33.347506 ], [ 97.6228166, 33.341647 ], [ 97.6223889, 33.3413193 ], [ 97.6221048, 33.3410335 ], [ 97.6208198, 33.3385486 ], [ 97.6191964, 33.3353566 ], [ 97.6187386, 33.3342585 ], [ 97.6188194, 33.3335694 ], [ 97.619715, 33.332799 ], [ 97.6200875, 33.3323546 ], [ 97.6201776, 33.3322026 ], [ 97.6202878, 33.3320165 ], [ 97.6203996, 33.3316346 ], [ 97.6204002, 33.330573 ], [ 97.6203669, 33.329617 ], [ 97.620332, 33.3292763 ], [ 97.6198688, 33.3262601 ], [ 97.6185611, 33.3192113 ], [ 97.6163028, 33.3089862 ], [ 97.6159148, 33.3079637 ], [ 97.6135176, 33.3019413 ], [ 97.6131907, 33.3013154 ], [ 97.611257, 33.2981181 ], [ 97.6093819, 33.2951357 ], [ 97.6086905, 33.2941381 ], [ 97.6080337, 33.2930843 ], [ 97.607477, 33.2920883 ], [ 97.6060733, 33.2893009 ], [ 97.6057496, 33.2884771 ], [ 97.6053959, 33.2874267 ], [ 97.6051742, 33.2865475 ], [ 97.6050849, 33.2858112 ], [ 97.605097, 33.2850477 ], [ 97.6052093, 33.2843419 ], [ 97.6053175, 33.2838906 ], [ 97.6073958, 33.2781162 ], [ 97.6079178, 33.2770473 ], [ 97.6085036, 33.2762054 ], [ 97.6086755, 33.2759811 ], [ 97.6087141, 33.2756704 ], [ 97.6088653, 33.2725046 ], [ 97.608881, 33.2715149 ], [ 97.6085183, 33.2689089 ], [ 97.6083666, 33.2678608 ], [ 97.6080861, 33.2671467 ], [ 97.6067973, 33.2641281 ], [ 97.6063842, 33.2635603 ], [ 97.605653, 33.2630932 ], [ 97.6000599, 33.2592394 ], [ 97.5930594, 33.2524729 ], [ 97.5861227, 33.2432229 ], [ 97.5754384, 33.2343474 ], [ 97.5747323, 33.233505 ], [ 97.5746432, 33.2328782 ], [ 97.5746604, 33.2288462 ], [ 97.5747355, 33.2283663 ], [ 97.5747703, 33.2282971 ], [ 97.5751876, 33.2274664 ], [ 97.5758087, 33.226512 ], [ 97.576088, 33.225893 ], [ 97.5761617, 33.2254979 ], [ 97.5761345, 33.2251016 ], [ 97.5760413, 33.2246197 ], [ 97.5753984, 33.2230206 ], [ 97.5742963, 33.2224387 ], [ 97.5662105, 33.219835 ], [ 97.5571598, 33.2157451 ], [ 97.5557183, 33.214692 ], [ 97.5550953, 33.2140279 ], [ 97.5520249, 33.2104809 ], [ 97.5513868, 33.2096852 ], [ 97.5504991, 33.2084305 ], [ 97.5498745, 33.2075464 ], [ 97.5491821, 33.2066899 ], [ 97.5486168, 33.2062874 ], [ 97.5477801, 33.2060231 ], [ 97.5464038, 33.2058373 ], [ 97.5454971, 33.2057419 ], [ 97.5448144, 33.2059305 ], [ 97.5420941, 33.206702 ], [ 97.5397162, 33.2074277 ], [ 97.5384609, 33.2080634 ], [ 97.5370397, 33.2085558 ], [ 97.5362969, 33.2087167 ], [ 97.5355223, 33.2087641 ], [ 97.5349168, 33.208757 ], [ 97.5342791, 33.2086647 ], [ 97.5333757, 33.2083712 ], [ 97.5331177, 33.2082545 ], [ 97.5289489, 33.2048346 ], [ 97.5277621, 33.2037504 ], [ 97.5271164, 33.2024039 ], [ 97.5257415, 33.198581 ], [ 97.5244374, 33.1942376 ], [ 97.523496, 33.1934234 ], [ 97.51956, 33.1914472 ], [ 97.518562, 33.1908261 ], [ 97.5183112, 33.1904631 ], [ 97.5179743, 33.1899754 ], [ 97.5177138, 33.1894632 ], [ 97.5174572, 33.1887249 ], [ 97.5172986, 33.1881573 ], [ 97.5172091, 33.1874775 ], [ 97.5171552, 33.186685 ], [ 97.5170729, 33.185581 ], [ 97.5169546, 33.184618 ], [ 97.5167633, 33.1839936 ], [ 97.5163367, 33.1833663 ], [ 97.5156429, 33.1826227 ], [ 97.5084083, 33.1761243 ], [ 97.5080716, 33.17587 ], [ 97.507566, 33.1757023 ], [ 97.5030286, 33.1748694 ], [ 97.4983774, 33.1739524 ], [ 97.4866597, 33.1702344 ], [ 97.4864604, 33.1701048 ], [ 97.4863625, 33.1699341 ], [ 97.4862913, 33.1696789 ], [ 97.4862712, 33.169382 ], [ 97.486326, 33.1691284 ], [ 97.4864833, 33.1687701 ], [ 97.4867709, 33.1681591 ], [ 97.4870823, 33.1676331 ], [ 97.4874167, 33.1672346 ], [ 97.4877785, 33.1668524 ], [ 97.4882398, 33.1662487 ], [ 97.4884329, 33.1656348 ], [ 97.4886862, 33.1643578 ], [ 97.4885418, 33.1621176 ], [ 97.4881426, 33.1594229 ], [ 97.4874519, 33.1565097 ], [ 97.4870119, 33.1555966 ], [ 97.4866487, 33.1547446 ], [ 97.4866402, 33.1547248 ], [ 97.4852688, 33.1498677 ], [ 97.4851817, 33.1486226 ], [ 97.4855042, 33.1470381 ], [ 97.4855627, 33.146886 ], [ 97.4856213, 33.1467996 ], [ 97.4857797, 33.1466784 ], [ 97.4861371, 33.1465255 ], [ 97.4908377, 33.1447765 ], [ 97.4939458, 33.1433298 ], [ 97.4957903, 33.1423098 ], [ 97.4980114, 33.1402471 ], [ 97.4985382, 33.1393278 ], [ 97.4971216, 33.1338815 ], [ 97.4960541, 33.1315342 ], [ 97.4943118, 33.1299232 ], [ 97.4909625, 33.1273152 ], [ 97.4899366, 33.126383 ], [ 97.4895173, 33.1247691 ], [ 97.4894116, 33.1243498 ], [ 97.4893663, 33.1240526 ], [ 97.4894732, 33.1236937 ], [ 97.4895779, 33.1234619 ], [ 97.4896343, 33.1170319 ], [ 97.486689, 33.1146733 ], [ 97.4847184, 33.1121256 ], [ 97.4845506, 33.1112589 ], [ 97.4846316, 33.1105298 ], [ 97.4858834, 33.1088284 ], [ 97.4863262, 33.1082351 ], [ 97.4876134, 33.1070595 ], [ 97.4906568, 33.1045882 ], [ 97.4913883, 33.1039987 ], [ 97.4935178, 33.1028704 ], [ 97.4980802, 33.100605 ], [ 97.5054773, 33.0980968 ], [ 97.5071252, 33.0976134 ], [ 97.5081471, 33.0975057 ], [ 97.5111794, 33.0975281 ], [ 97.5155814, 33.0959927 ], [ 97.5273155, 33.076348 ], [ 97.5287165, 33.069256 ], [ 97.5292488, 33.0682375 ], [ 97.5302801, 33.0675388 ], [ 97.5329333, 33.0662454 ], [ 97.5368575, 33.0609876 ], [ 97.5374997, 33.059278 ], [ 97.5377871, 33.0571488 ], [ 97.5378254, 33.054172 ], [ 97.5377104, 33.053169 ], [ 97.5374859, 33.0518277 ], [ 97.5373258, 33.0509026 ], [ 97.537288, 33.0492104 ], [ 97.5373764, 33.048339 ], [ 97.5375281, 33.0474499 ], [ 97.5403215, 33.0420843 ], [ 97.5411718, 33.0407071 ], [ 97.541657, 33.0401935 ], [ 97.5422554, 33.0396327 ], [ 97.5433913, 33.0388821 ], [ 97.5434141, 33.0388292 ], [ 97.5434257, 33.0384555 ], [ 97.5432578, 33.0381673 ], [ 97.5412741, 33.0366601 ], [ 97.5406863, 33.0362447 ], [ 97.5352385, 33.0324673 ], [ 97.5348222, 33.0322916 ], [ 97.5343358, 33.0322121 ], [ 97.5336924, 33.0321814 ], [ 97.5328162, 33.0321457 ], [ 97.5313127, 33.0322619 ], [ 97.5299098, 33.03243 ], [ 97.5294816, 33.0324781 ], [ 97.5290623, 33.03248 ], [ 97.5285837, 33.0324259 ], [ 97.5264253, 33.0318927 ], [ 97.5259123, 33.0317643 ], [ 97.5256706, 33.0315658 ], [ 97.5256035, 33.0314476 ], [ 97.523108, 33.0282276 ], [ 97.5189554, 33.024728 ], [ 97.5181797, 33.0242548 ], [ 97.5176996, 33.0239676 ], [ 97.5171299, 33.023784 ], [ 97.5160148, 33.023636 ], [ 97.5150958, 33.0235396 ], [ 97.514125, 33.023595 ], [ 97.5043546, 33.0231436 ], [ 97.4999495, 33.0227311 ], [ 97.4977326, 33.0211137 ], [ 97.4993001, 33.0149168 ], [ 97.5007244, 33.0109755 ], [ 97.5009087, 33.0106846 ], [ 97.5011245, 33.0104201 ], [ 97.5031095, 33.008473 ], [ 97.5162128, 32.9975771 ], [ 97.5207141, 32.9951066 ], [ 97.5208393, 32.9950332 ], [ 97.5209145, 32.9949828 ], [ 97.5209512, 32.9948869 ], [ 97.5217156, 32.9922082 ], [ 97.5217389, 32.9921208 ], [ 97.5218704, 32.9913803 ], [ 97.5219285, 32.9909356 ], [ 97.5219795, 32.9905069 ], [ 97.5219779, 32.9904981 ], [ 97.5219105, 32.9901252 ], [ 97.5218811, 32.9900822 ], [ 97.521802, 32.9900605 ], [ 97.5177762, 32.9890625 ], [ 97.5147543, 32.9883639 ], [ 97.5142917, 32.9882049 ], [ 97.5098303, 32.9858337 ], [ 97.5087993, 32.9844772 ], [ 97.5081724, 32.9838493 ], [ 97.5075102, 32.9832321 ], [ 97.5067036, 32.9825293 ], [ 97.5042394, 32.9815404 ], [ 97.503377, 32.9812384 ], [ 97.5032088, 32.9812068 ], [ 97.5030338, 32.9811936 ], [ 97.48656, 32.9806261 ], [ 97.4803739, 32.9827334 ], [ 97.48014, 32.9830126 ], [ 97.4794791, 32.9833785 ], [ 97.4779896, 32.9838064 ], [ 97.4776472, 32.983839 ], [ 97.4774218, 32.9838332 ], [ 97.4772484, 32.9837621 ], [ 97.4679828, 32.9780975 ], [ 97.4676961, 32.9778391 ], [ 97.4674719, 32.977184 ], [ 97.4674045, 32.9768178 ], [ 97.4671126, 32.9758959 ], [ 97.4670231, 32.9758082 ], [ 97.4666427, 32.975589 ], [ 97.4640652, 32.9743618 ], [ 97.4636493, 32.974228 ], [ 97.462999, 32.9741878 ], [ 97.4616869, 32.9741471 ], [ 97.4605793, 32.9742002 ], [ 97.4588657, 32.9743187 ], [ 97.457638, 32.9747245 ], [ 97.4564609, 32.9754114 ], [ 97.4547745, 32.976164 ], [ 97.4510446, 32.9774655 ], [ 97.4506097, 32.9775904 ], [ 97.4423158, 32.9792635 ], [ 97.4416101, 32.9793758 ], [ 97.4413298, 32.9793399 ], [ 97.4410749, 32.979274 ], [ 97.4355981, 32.9778492 ], [ 97.4308571, 32.9744884 ], [ 97.4302221, 32.9739931 ], [ 97.4294263, 32.9737562 ], [ 97.4287139, 32.9737319 ], [ 97.4272925, 32.9737049 ], [ 97.4256965, 32.9736786 ], [ 97.4234421, 32.9738678 ], [ 97.4224196, 32.9739039 ], [ 97.4216034, 32.9737894 ], [ 97.4172093, 32.9726303 ], [ 97.4161312, 32.9721139 ], [ 97.4143603, 32.9710922 ], [ 97.4130072, 32.9702964 ], [ 97.4128284, 32.9701317 ], [ 97.4124768, 32.9691825 ], [ 97.4121987, 32.9681312 ], [ 97.4113685, 32.966165 ], [ 97.4095972, 32.9629393 ], [ 97.4091632, 32.9626089 ], [ 97.4084565, 32.9622749 ], [ 97.4074511, 32.9619709 ], [ 97.4054385, 32.9614671 ], [ 97.4023249, 32.9607223 ], [ 97.401781, 32.9606417 ], [ 97.4014715, 32.9606623 ], [ 97.3997345, 32.9610109 ], [ 97.3973429, 32.961768 ], [ 97.3961868, 32.9619555 ], [ 97.3952422, 32.9619127 ], [ 97.3925146, 32.9611451 ], [ 97.3914281, 32.9607019 ], [ 97.3903156, 32.9598937 ], [ 97.3882266, 32.9583985 ], [ 97.3874638, 32.9579595 ], [ 97.3844321, 32.9568245 ], [ 97.3841968, 32.9567694 ], [ 97.3839898, 32.9567544 ], [ 97.3838026, 32.956752 ], [ 97.3834056, 32.9568894 ], [ 97.3804387, 32.9579912 ], [ 97.3749592, 32.9583982 ], [ 97.3733453, 32.9583772 ], [ 97.3730086, 32.9582993 ], [ 97.3698065, 32.9562529 ], [ 97.3636574, 32.9515746 ], [ 97.3634216, 32.9513447 ], [ 97.3611664, 32.9479543 ], [ 97.3606629, 32.9470654 ], [ 97.3602483, 32.9459596 ], [ 97.3599517, 32.9449327 ], [ 97.3599787, 32.9444549 ], [ 97.3601368, 32.9437672 ], [ 97.3603784, 32.943283 ], [ 97.3608057, 32.9429821 ], [ 97.3610422, 32.9427737 ], [ 97.3615443, 32.942155 ], [ 97.3624608, 32.9409501 ], [ 97.3635288, 32.9392139 ], [ 97.3639053, 32.9384868 ], [ 97.3682127, 32.9298142 ], [ 97.368245, 32.9296369 ], [ 97.3681457, 32.9293061 ], [ 97.367865, 32.9288564 ], [ 97.365104, 32.9261875 ], [ 97.3641545, 32.9253702 ], [ 97.3636799, 32.9250912 ], [ 97.3627668, 32.924739 ], [ 97.3614806, 32.9243678 ], [ 97.3608595, 32.9242036 ], [ 97.3603027, 32.9238515 ], [ 97.359606, 32.9231956 ], [ 97.3594568, 32.9229599 ], [ 97.3593693, 32.9227296 ], [ 97.3589171, 32.9210393 ], [ 97.3578019, 32.916485 ], [ 97.3577984, 32.916134 ], [ 97.3589556, 32.9124587 ], [ 97.35908, 32.9122166 ], [ 97.355735, 32.9076227 ], [ 97.3495916, 32.9062795 ], [ 97.3494253, 32.9062605 ], [ 97.349428, 32.9062437 ], [ 97.3494308, 32.906226 ], [ 97.3494359, 32.906194 ], [ 97.3474931, 32.8974054 ], [ 97.3499544, 32.8931698 ], [ 97.3527702, 32.8903321 ], [ 97.3544443, 32.8894617 ], [ 97.3566212, 32.8887212 ], [ 97.3575011, 32.8884219 ], [ 97.3576228, 32.8883805 ], [ 97.3621216, 32.8881991 ], [ 97.3655966, 32.8882937 ], [ 97.3675004, 32.8883454 ], [ 97.3740459, 32.8885232 ], [ 97.3766345, 32.8872736 ], [ 97.3783334, 32.8855263 ], [ 97.3783077, 32.8836473 ], [ 97.3763568, 32.8808242 ], [ 97.3722153, 32.8768391 ], [ 97.3722121, 32.8753571 ], [ 97.3751459, 32.8717825 ], [ 97.3775723, 32.8705666 ], [ 97.3796733, 32.8701544 ], [ 97.3854582, 32.8690192 ], [ 97.388273, 32.8664202 ], [ 97.3884708, 32.865434 ], [ 97.3879174, 32.8644314 ], [ 97.3859268, 32.8634467 ], [ 97.3823339, 32.8616693 ], [ 97.3817893, 32.8576035 ], [ 97.3886279, 32.8504601 ], [ 97.3913923, 32.8452664 ], [ 97.39095, 32.8380522 ], [ 97.3914706, 32.8361835 ], [ 97.3922913, 32.8306971 ], [ 97.3910076, 32.8297342 ], [ 97.3888707, 32.8293815 ], [ 97.3856161, 32.8296214 ], [ 97.3812154, 32.8290606 ], [ 97.3786737, 32.8275349 ], [ 97.3780885, 32.8259184 ], [ 97.3785542, 32.8218181 ], [ 97.3792021, 32.8161124 ], [ 97.3801643, 32.807638 ], [ 97.3804642, 32.7980425 ], [ 97.3811393, 32.7950843 ], [ 97.3841053, 32.7915993 ], [ 97.3847973, 32.7890144 ], [ 97.385008, 32.7824617 ], [ 97.3863566, 32.7804207 ], [ 97.3894492, 32.7777405 ], [ 97.3933917, 32.7722848 ], [ 97.3966292, 32.766747 ], [ 97.3988893, 32.7610183 ], [ 97.4105319, 32.7423821 ], [ 97.4135429, 32.737561 ], [ 97.4186359, 32.7343647 ], [ 97.418673, 32.7343332 ], [ 97.4212729, 32.7321221 ], [ 97.4239981, 32.7298042 ], [ 97.4252912, 32.7281537 ], [ 97.4251416, 32.725676 ], [ 97.4256316, 32.7226033 ], [ 97.4258587, 32.7211791 ], [ 97.4269858, 32.7180915 ], [ 97.4283523, 32.7159296 ], [ 97.4284168, 32.715203 ], [ 97.4286073, 32.7130571 ], [ 97.4285872, 32.7130211 ], [ 97.4280069, 32.71198 ], [ 97.4278802, 32.7117525 ], [ 97.4263172, 32.7106765 ], [ 97.4235362, 32.7090896 ], [ 97.4234213, 32.7088913 ], [ 97.4228149, 32.7078458 ], [ 97.4227143, 32.7076723 ], [ 97.4271312, 32.7024084 ], [ 97.4358646, 32.6987462 ], [ 97.4373213, 32.6976677 ], [ 97.4473797, 32.6902197 ], [ 97.4580003, 32.6791286 ], [ 97.4592762, 32.677796 ], [ 97.4618679, 32.6770217 ], [ 97.4646315, 32.6752257 ], [ 97.4672973, 32.6710369 ], [ 97.4688944, 32.667047 ], [ 97.4699255, 32.6662819 ], [ 97.470902, 32.6661899 ], [ 97.4731257, 32.6671435 ], [ 97.4758046, 32.6673872 ], [ 97.4768747, 32.6674845 ], [ 97.4799509, 32.666508 ], [ 97.4794891, 32.6630579 ], [ 97.4823046, 32.6563076 ], [ 97.4857744, 32.6547001 ], [ 97.4889693, 32.654308 ], [ 97.4912103, 32.653569 ], [ 97.4967019, 32.6499872 ], [ 97.5000518, 32.6491434 ], [ 97.5002921, 32.6490829 ], [ 97.5021443, 32.6489813 ], [ 97.5023132, 32.6489721 ], [ 97.5074344, 32.6497537 ], [ 97.510974, 32.6510544 ], [ 97.5138019, 32.6507708 ], [ 97.5166607, 32.6474277 ], [ 97.5169734, 32.6470621 ], [ 97.5176322, 32.6412079 ], [ 97.5185556, 32.6395538 ], [ 97.5218681, 32.6368427 ], [ 97.5239111, 32.6361829 ], [ 97.5255872, 32.6361084 ], [ 97.5268149, 32.6365986 ], [ 97.5270394, 32.6371909 ], [ 97.526114, 32.6396973 ], [ 97.5289809, 32.6416585 ], [ 97.5317857, 32.6416913 ], [ 97.5341222, 32.6409952 ], [ 97.5361139, 32.6395269 ], [ 97.539606, 32.6343844 ], [ 97.5405681, 32.6285087 ], [ 97.5437661, 32.6241307 ], [ 97.5478153, 32.622131 ], [ 97.5510824, 32.6220692 ], [ 97.5517162, 32.6220571 ], [ 97.5600044, 32.6240801 ], [ 97.5675102, 32.620836 ], [ 97.5699657, 32.6203387 ], [ 97.5745669, 32.6204059 ], [ 97.5810437, 32.6192404 ], [ 97.5839865, 32.6175343 ], [ 97.5852073, 32.6136284 ], [ 97.587281, 32.6116994 ], [ 97.5885205, 32.6118074 ], [ 97.5897304, 32.6126833 ], [ 97.5923234, 32.6160968 ], [ 97.598388, 32.6188108 ], [ 97.6027899, 32.6188896 ], [ 97.6065227, 32.6175634 ], [ 97.6081411, 32.6151433 ], [ 97.6096683, 32.600423 ], [ 97.6103502, 32.5987259 ], [ 97.6123106, 32.5957936 ], [ 97.6162101, 32.5899602 ], [ 97.619406, 32.5868626 ], [ 97.6240825, 32.5839142 ], [ 97.6247968, 32.5834638 ], [ 97.6270809, 32.5802975 ], [ 97.6300529, 32.5780703 ], [ 97.6310138, 32.5780015 ], [ 97.6330929, 32.5798378 ], [ 97.636313, 32.5797637 ], [ 97.6382435, 32.5790513 ], [ 97.639784, 32.5778093 ], [ 97.6420653, 32.5740084 ], [ 97.6463164, 32.5699611 ], [ 97.6539335, 32.565623 ], [ 97.6561201, 32.5643775 ], [ 97.6612587, 32.5631439 ], [ 97.6638577, 32.5615066 ], [ 97.6651544, 32.559496 ], [ 97.6647696, 32.5576213 ], [ 97.6658117, 32.556007 ], [ 97.6662417, 32.5557336 ], [ 97.6667429, 32.555415 ], [ 97.6668999, 32.5553152 ], [ 97.6748131, 32.5502845 ], [ 97.681986, 32.5487048 ], [ 97.6913216, 32.5476526 ], [ 97.6954425, 32.5463029 ], [ 97.6969352, 32.5446286 ], [ 97.6979018, 32.5396732 ], [ 97.6990069, 32.5384954 ], [ 97.7020633, 32.5366934 ], [ 97.7175884, 32.5318179 ], [ 97.7261329, 32.5315381 ], [ 97.7284442, 32.5306288 ], [ 97.729084, 32.5303771 ], [ 97.7304463, 32.5298411 ], [ 97.7306278, 32.5297697 ], [ 97.7309795, 32.5296313 ], [ 97.7377427, 32.5287512 ], [ 97.7467986, 32.5324841 ], [ 97.7469858, 32.5324957 ], [ 97.7497516, 32.5326673 ], [ 97.7581233, 32.5331863 ], [ 97.7611375, 32.5322548 ], [ 97.7632946, 32.5306544 ], [ 97.7667459, 32.5227562 ], [ 97.7679718, 32.5211465 ], [ 97.7692766, 32.5204109 ], [ 97.774116, 32.5192841 ], [ 97.780301, 32.5220739 ], [ 97.7835185, 32.5230369 ], [ 97.7891705, 32.5220045 ], [ 97.7892641, 32.5220563 ], [ 97.7923097, 32.5237452 ], [ 97.7953031, 32.5237262 ], [ 97.79763, 32.5226879 ], [ 97.8009565, 32.518247 ], [ 97.8012036, 32.5177898 ], [ 97.8013923, 32.5172778 ], [ 97.8014367, 32.516548 ], [ 97.8013403, 32.5149947 ], [ 97.8013087, 32.5137671 ], [ 97.8012517, 32.5115553 ], [ 97.8013127, 32.5112072 ], [ 97.8017956, 32.5102287 ], [ 97.8019206, 32.5100836 ], [ 97.8021575, 32.5096151 ], [ 97.8060016, 32.5030832 ], [ 97.8065693, 32.5021185 ], [ 97.8090936, 32.5014937 ], [ 97.8109007, 32.5017274 ], [ 97.8143458, 32.5042477 ], [ 97.8163682, 32.504201 ], [ 97.8232325, 32.5025295 ], [ 97.8264708, 32.5021175 ], [ 97.8273967, 32.5019996 ], [ 97.8295701, 32.5027171 ], [ 97.8311251, 32.5050362 ], [ 97.8327025, 32.5062986 ], [ 97.8350201, 32.5071644 ], [ 97.8368919, 32.5070905 ], [ 97.8372831, 32.507075 ], [ 97.8393563, 32.5061693 ], [ 97.8473279, 32.5005103 ], [ 97.8507539, 32.4993552 ], [ 97.8578737, 32.4957908 ], [ 97.8602385, 32.4941363 ], [ 97.8700208, 32.4936606 ], [ 97.8739313, 32.490775 ], [ 97.8811859, 32.48797 ], [ 97.8821073, 32.4881043 ], [ 97.882464, 32.4881562 ], [ 97.8851872, 32.4901701 ], [ 97.887719, 32.4902905 ], [ 97.8903493, 32.4904156 ], [ 97.8923437, 32.4905104 ], [ 97.895216, 32.4900708 ], [ 97.8971141, 32.4897803 ], [ 97.8980895, 32.489631 ], [ 97.8996023, 32.4893994 ], [ 97.8997568, 32.4893758 ], [ 97.9000335, 32.4895838 ], [ 97.9030753, 32.4918704 ], [ 97.9053039, 32.4925831 ], [ 97.9055156, 32.4925071 ], [ 97.906209, 32.4922585 ], [ 97.9062617, 32.4922396 ], [ 97.9102763, 32.4907996 ], [ 97.9134394, 32.4889218 ], [ 97.9156696, 32.486828 ], [ 97.91932, 32.4867087 ], [ 97.9239974, 32.4890517 ], [ 97.9252282, 32.4884322 ], [ 97.9257802, 32.4879071 ], [ 97.9262729, 32.4874385 ], [ 97.9266635, 32.4870669 ], [ 97.9277406, 32.4860423 ], [ 97.927843, 32.4859448 ], [ 97.9282324, 32.485859 ], [ 97.9285734, 32.4857838 ], [ 97.9315734, 32.4851228 ], [ 97.9327222, 32.4848696 ], [ 97.9364987, 32.4842235 ], [ 97.9412774, 32.481581 ], [ 97.9423267, 32.4779244 ], [ 97.943471, 32.4767704 ], [ 97.9514408, 32.4747726 ], [ 97.9530363, 32.4743725 ], [ 97.9540703, 32.4713149 ], [ 97.9546746, 32.4711306 ], [ 97.9552719, 32.4709485 ], [ 97.95547, 32.4708881 ], [ 97.9586828, 32.4699085 ], [ 97.9604902, 32.4698661 ], [ 97.9656582, 32.4729589 ], [ 97.9667547, 32.4736151 ], [ 97.9677046, 32.4741835 ], [ 97.9680429, 32.4740988 ], [ 97.9686772, 32.4739401 ], [ 97.9720425, 32.4730979 ], [ 97.9732971, 32.4726407 ], [ 97.9744423, 32.4722233 ], [ 97.9757249, 32.4717558 ], [ 97.9813838, 32.4669004 ], [ 97.9878958, 32.4670855 ], [ 97.9907584, 32.4667528 ], [ 97.9925016, 32.4653982 ], [ 97.9946284, 32.4620827 ], [ 97.9957797, 32.4602879 ], [ 97.9989685, 32.4594184 ], [ 98.0001992, 32.4590829 ], [ 98.0019659, 32.4581627 ], [ 98.0028067, 32.4574784 ], [ 98.0052922, 32.4554554 ], [ 98.0067694, 32.454253 ], [ 98.0067972, 32.4542304 ], [ 98.0096211, 32.4531243 ], [ 98.0127463, 32.4528261 ], [ 98.0151111, 32.4530807 ], [ 98.0211188, 32.4550885 ], [ 98.0216788, 32.4550348 ], [ 98.023127, 32.454896 ], [ 98.0244336, 32.4535326 ], [ 98.0253418, 32.451089 ], [ 98.0242556, 32.4469679 ], [ 98.0243843, 32.4455359 ], [ 98.0302061, 32.4408895 ], [ 98.035802, 32.4311115 ], [ 98.0390397, 32.4297052 ], [ 98.043219, 32.4303536 ], [ 98.0465726, 32.4308739 ], [ 98.051272, 32.4304636 ], [ 98.0572811, 32.4237459 ], [ 98.0585686, 32.420472 ], [ 98.0592928, 32.4201212 ], [ 98.0679065, 32.4186419 ], [ 98.0706812, 32.4187727 ], [ 98.0743494, 32.4196988 ], [ 98.0776839, 32.4192048 ], [ 98.0782705, 32.4176629 ], [ 98.077198, 32.4158199 ], [ 98.0738951, 32.4143741 ], [ 98.0732055, 32.4132377 ], [ 98.0738445, 32.4084676 ], [ 98.075464, 32.4059605 ], [ 98.0778894, 32.4040076 ], [ 98.0863149, 32.4006694 ], [ 98.0933181, 32.4015605 ], [ 98.0956974, 32.4048883 ], [ 98.0965498, 32.4053288 ], [ 98.0974111, 32.4052099 ], [ 98.09807, 32.4046163 ], [ 98.0983762, 32.4043404 ], [ 98.1020105, 32.3974167 ], [ 98.1062298, 32.3938364 ], [ 98.1081123, 32.3933072 ], [ 98.1115343, 32.3940638 ], [ 98.1183158, 32.3976219 ], [ 98.1197466, 32.40013 ], [ 98.1232012, 32.4028927 ], [ 98.1257722, 32.403316 ], [ 98.126901, 32.4029477 ], [ 98.1276058, 32.4019588 ], [ 98.1274109, 32.3988293 ], [ 98.1252052, 32.3949359 ], [ 98.1250684, 32.393834 ], [ 98.1266711, 32.3927589 ], [ 98.1286633, 32.3914225 ], [ 98.1324987, 32.3912342 ], [ 98.1372196, 32.3886238 ], [ 98.1387548, 32.3865601 ], [ 98.1385552, 32.3814098 ], [ 98.1443256, 32.3782202 ], [ 98.1449399, 32.3780217 ], [ 98.1503673, 32.3762675 ], [ 98.153537, 32.3761707 ], [ 98.1597618, 32.3775618 ], [ 98.162678, 32.377624 ], [ 98.1730365, 32.3738766 ], [ 98.17784, 32.370872 ], [ 98.1813874, 32.3686527 ], [ 98.182718, 32.3668273 ], [ 98.1851926, 32.3614081 ], [ 98.1863703, 32.3605095 ], [ 98.1892949, 32.3604599 ], [ 98.1923532, 32.3621044 ], [ 98.1947734, 32.362667 ], [ 98.1957824, 32.362588 ], [ 98.197327, 32.3616205 ], [ 98.1988461, 32.3585867 ], [ 98.1999221, 32.3535845 ], [ 98.2022723, 32.3503426 ], [ 98.2038152, 32.3491555 ], [ 98.2092807, 32.3473211 ], [ 98.2157131, 32.3468393 ], [ 98.2158724, 32.3468273 ], [ 98.2181044, 32.3454512 ], [ 98.2183498, 32.3444672 ], [ 98.217623, 32.3433788 ], [ 98.2171376, 32.3426517 ], [ 98.2164477, 32.3416184 ], [ 98.2159562, 32.3401896 ], [ 98.2131831, 32.3321267 ], [ 98.2092679, 32.3282253 ], [ 98.2084712, 32.3256089 ], [ 98.2081992, 32.3216964 ], [ 98.2186183, 32.2870747 ], [ 98.2243124, 32.2759683 ], [ 98.2294451, 32.2696056 ], [ 98.229762, 32.2645147 ], [ 98.225942, 32.2623295 ], [ 98.2212208, 32.2609952 ], [ 98.2197491, 32.2598302 ], [ 98.219259, 32.2586575 ], [ 98.2195598, 32.2556184 ], [ 98.2212362, 32.2537925 ], [ 98.2228977, 32.2504432 ], [ 98.2216923, 32.244473 ], [ 98.2216019, 32.2440256 ], [ 98.2186488, 32.2385023 ], [ 98.2184732, 32.2370967 ], [ 98.2189884, 32.2363636 ], [ 98.2222175, 32.234893 ], [ 98.2275449, 32.2312943 ], [ 98.2320831, 32.2301481 ], [ 98.2364702, 32.2300564 ], [ 98.2377265, 32.2300301 ], [ 98.2407941, 32.2289575 ], [ 98.2456073, 32.2242932 ], [ 98.2490604, 32.2187466 ], [ 98.2570398, 32.2134047 ], [ 98.2598779, 32.210797 ], [ 98.2682602, 32.1974882 ], [ 98.269522, 32.1946546 ], [ 98.2702969, 32.1894686 ], [ 98.2712557, 32.1864814 ], [ 98.2723519, 32.185308 ], [ 98.2744111, 32.1853974 ], [ 98.2770025, 32.1830529 ], [ 98.2789267, 32.175178 ], [ 98.2795015, 32.1742647 ], [ 98.2824713, 32.169545 ], [ 98.283069, 32.1685951 ], [ 98.2847429, 32.1659347 ], [ 98.2852914, 32.1653591 ], [ 98.2857291, 32.1648998 ], [ 98.2860329, 32.164581 ], [ 98.2865974, 32.1639582 ], [ 98.2868172, 32.1637157 ], [ 98.2870775, 32.1634285 ], [ 98.2872683, 32.162968 ], [ 98.2875277, 32.1623417 ], [ 98.288079, 32.1610107 ], [ 98.2884916, 32.1600147 ], [ 98.2885795, 32.1598024 ], [ 98.2928581, 32.156104 ], [ 98.2931841, 32.1555817 ], [ 98.2951236, 32.1524742 ], [ 98.2951575, 32.1491591 ], [ 98.2945894, 32.1462895 ], [ 98.2959134, 32.1435193 ], [ 98.299353, 32.1386302 ], [ 98.3012101, 32.1257206 ], [ 98.3029121, 32.1238487 ], [ 98.3059652, 32.1248151 ], [ 98.3102765, 32.1274779 ], [ 98.3118508, 32.1278297 ], [ 98.3125392, 32.1275476 ], [ 98.3130491, 32.1260402 ], [ 98.3115078, 32.1219007 ], [ 98.3110439, 32.1206548 ], [ 98.3108346, 32.1178609 ], [ 98.3112824, 32.1139048 ], [ 98.312711, 32.112881 ], [ 98.3173576, 32.1126262 ], [ 98.3224657, 32.1123458 ], [ 98.3251427, 32.1121988 ], [ 98.3279017, 32.1110745 ], [ 98.3432623, 32.0990793 ], [ 98.3446272, 32.0968236 ], [ 98.3449339, 32.0953907 ], [ 98.3424208, 32.0923811 ], [ 98.3424373, 32.0912025 ], [ 98.3432925, 32.0902266 ], [ 98.3452706, 32.0893879 ], [ 98.3547323, 32.0902302 ], [ 98.3579539, 32.0889796 ], [ 98.3595337, 32.0870746 ], [ 98.3604658, 32.0835245 ], [ 98.3630648, 32.0802716 ], [ 98.3674986, 32.0763969 ], [ 98.3698231, 32.0751434 ], [ 98.3721752, 32.0745496 ], [ 98.3794664, 32.0676027 ], [ 98.3884275, 32.0598253 ], [ 98.3888661, 32.0594446 ], [ 98.3913832, 32.0572595 ], [ 98.3918679, 32.0568388 ], [ 98.3921623, 32.0565832 ], [ 98.3927705, 32.0560552 ], [ 98.3928404, 32.0560047 ], [ 98.3932059, 32.0557402 ], [ 98.3932982, 32.0556735 ], [ 98.3935163, 32.0555157 ], [ 98.393651, 32.0554182 ], [ 98.3938566, 32.0552721 ], [ 98.394081, 32.0551127 ], [ 98.3980469, 32.052295 ], [ 98.3988249, 32.0517422 ], [ 98.3990106, 32.0516103 ], [ 98.4026435, 32.0490288 ], [ 98.405442, 32.045539 ], [ 98.4052442, 32.043796 ], [ 98.4025648, 32.0408074 ], [ 98.4009583, 32.0369456 ], [ 98.4018901, 32.0291195 ], [ 98.4033221, 32.0264971 ], [ 98.4045326, 32.025437 ], [ 98.4066778, 32.0258124 ], [ 98.4082279, 32.0256063 ], [ 98.4148459, 32.023673 ], [ 98.4169187, 32.0226706 ], [ 98.4174739, 32.0221792 ], [ 98.4176646, 32.0196746 ], [ 98.4187959, 32.018049 ], [ 98.4292601, 32.0145291 ], [ 98.4305875, 32.0132664 ], [ 98.4332968, 32.010689 ], [ 98.4333529, 32.0106356 ], [ 98.4348446, 32.0079391 ], [ 98.4359653, 32.0056258 ], [ 98.4359387, 32.0055181 ], [ 98.435268, 32.0028067 ], [ 98.4325707, 32.001028 ], [ 98.432553, 32.0010229 ], [ 98.4291909, 32.00005 ], [ 98.4291909, 32.0 ], [ 98.4273927, 31.9991153 ], [ 98.4271666, 31.9985133 ], [ 98.4279264, 31.9962977 ], [ 98.4294202, 31.995438 ], [ 98.4317393, 31.9900223 ], [ 98.4318632, 31.988318 ], [ 98.4304073, 31.9866578 ], [ 98.4304223, 31.9866465 ], [ 98.4277972, 31.9841266 ], [ 98.4273388, 31.9831583 ], [ 98.4277949, 31.9801896 ], [ 98.4280552, 31.9784959 ], [ 98.4298408, 31.9777077 ], [ 98.4306158, 31.9768322 ], [ 98.4334128, 31.9616962 ], [ 98.4317007, 31.9601053 ], [ 98.4295091, 31.9591979 ], [ 98.4237432, 31.9544663 ], [ 98.4207857, 31.9453609 ], [ 98.4209714, 31.9450809 ], [ 98.4230697, 31.941918 ], [ 98.4254691, 31.9407061 ], [ 98.4309896, 31.9402364 ], [ 98.4327432, 31.9397737 ], [ 98.4344896, 31.9386937 ], [ 98.4349217, 31.9361649 ], [ 98.4329164, 31.9258553 ], [ 98.4316486, 31.9246123 ], [ 98.4305108, 31.9240275 ], [ 98.4206333, 31.9189494 ], [ 98.4082333, 31.9149954 ], [ 98.4034467, 31.9134687 ], [ 98.3981859, 31.9021116 ], [ 98.3981088, 31.9011012 ], [ 98.3979907, 31.899555 ], [ 98.3984458, 31.8984114 ], [ 98.4060015, 31.8923183 ], [ 98.4067431, 31.8913886 ], [ 98.4103653, 31.886847 ], [ 98.4117488, 31.8777994 ], [ 98.4116163, 31.872784 ], [ 98.4133544, 31.8682261 ], [ 98.4165106, 31.8628954 ], [ 98.4231343, 31.8607003 ], [ 98.4249579, 31.8587139 ], [ 98.4244381, 31.8559813 ], [ 98.4224837, 31.8543486 ], [ 98.4181894, 31.8520258 ], [ 98.4145006, 31.845791 ], [ 98.414113, 31.8447171 ], [ 98.4139108, 31.8351229 ], [ 98.4150888, 31.832278 ], [ 98.4176395, 31.8312226 ], [ 98.4209185, 31.8325331 ], [ 98.4268804, 31.8324315 ], [ 98.4402655, 31.8311377 ], [ 98.4428936, 31.8301798 ], [ 98.4430417, 31.8293108 ], [ 98.4400765, 31.8250471 ], [ 98.4389065, 31.8224794 ], [ 98.4390533, 31.8224374 ], [ 98.4379654, 31.8196624 ], [ 98.4394579, 31.8163498 ], [ 98.4440321, 31.8101671 ], [ 98.4445165, 31.8097184 ], [ 98.4445086, 31.8097121 ], [ 98.4449724, 31.8092691 ], [ 98.4449882, 31.8092815 ], [ 98.4455301, 31.8087795 ], [ 98.4477361, 31.8068022 ], [ 98.4549742, 31.8054069 ], [ 98.4563802, 31.8046402 ], [ 98.4605787, 31.8023507 ], [ 98.4623139, 31.8007948 ], [ 98.4627317, 31.7977217 ], [ 98.4621609, 31.7971636 ], [ 98.4592983, 31.7967088 ], [ 98.4581276, 31.7959937 ], [ 98.4557857, 31.7915025 ], [ 98.4559606, 31.7900301 ], [ 98.4597335, 31.7839095 ], [ 98.4610122, 31.7833783 ], [ 98.468103, 31.7833149 ], [ 98.4766526, 31.7846319 ], [ 98.4934067, 31.7738805 ], [ 98.5025916, 31.7608241 ], [ 98.5129383, 31.7419848 ], [ 98.5194397, 31.7230091 ], [ 98.5224442, 31.7181419 ], [ 98.5368037, 31.7163446 ], [ 98.539613, 31.7198412 ], [ 98.541391, 31.7209416 ], [ 98.5435103, 31.721099 ], [ 98.5461172, 31.7194174 ], [ 98.547831, 31.7165602 ], [ 98.5480196, 31.7143729 ], [ 98.5473978, 31.7118118 ], [ 98.5456566, 31.7101045 ], [ 98.5441657, 31.7071437 ], [ 98.5449017, 31.7011057 ], [ 98.5471399, 31.6984596 ], [ 98.5502964, 31.6968727 ], [ 98.5567035, 31.6925144 ], [ 98.5577134, 31.6907058 ], [ 98.5573412, 31.6894345 ], [ 98.5555167, 31.6882581 ], [ 98.5491065, 31.6875316 ], [ 98.5482866, 31.6868486 ], [ 98.5478208, 31.685401 ], [ 98.5484918, 31.6835293 ], [ 98.5575653, 31.6791353 ], [ 98.5586429, 31.6764849 ], [ 98.558515, 31.6756362 ], [ 98.5584579, 31.6756454 ], [ 98.557946, 31.6733219 ], [ 98.5560528, 31.6720334 ], [ 98.5556156, 31.6709879 ], [ 98.5534854, 31.6620701 ], [ 98.5535425, 31.6593125 ], [ 98.5545664, 31.6577134 ], [ 98.5655972, 31.6476803 ], [ 98.5760889, 31.6413725 ], [ 98.5810106, 31.6388318 ], [ 98.584106, 31.6377794 ], [ 98.5847506, 31.6375603 ], [ 98.5872623, 31.6344919 ], [ 98.5873394, 31.6345381 ], [ 98.5880267, 31.633558 ], [ 98.5877005, 31.632428 ], [ 98.5867706, 31.6292067 ], [ 98.5872778, 31.6278409 ], [ 98.5932729, 31.6237191 ], [ 98.5967536, 31.6188229 ], [ 98.5977122, 31.6174743 ], [ 98.5980233, 31.6169955 ], [ 98.5998814, 31.6141352 ], [ 98.605601, 31.6098025 ], [ 98.6143497, 31.5992365 ], [ 98.6159309, 31.5973265 ], [ 98.6186515, 31.59404 ], [ 98.6205902, 31.5926871 ], [ 98.6223283, 31.5921335 ], [ 98.6254721, 31.5927698 ], [ 98.6289607, 31.5940753 ], [ 98.6335356, 31.5932289 ], [ 98.6391233, 31.5898082 ], [ 98.6432693, 31.5841882 ], [ 98.649807, 31.5779948 ], [ 98.6559392, 31.5704002 ], [ 98.661502, 31.5692924 ], [ 98.6836646, 31.5533841 ], [ 98.6955878, 31.5429394 ], [ 98.6962686, 31.5415225 ], [ 98.6965219, 31.5409954 ], [ 98.6964832, 31.5405043 ], [ 98.6964069, 31.5395344 ], [ 98.6953764, 31.5368473 ], [ 98.6951762, 31.5340431 ], [ 98.6960173, 31.5323151 ], [ 98.6984611, 31.5302924 ], [ 98.7017528, 31.5285503 ], [ 98.7111223, 31.5176577 ], [ 98.7435399, 31.4940302 ], [ 98.7442285, 31.4935281 ], [ 98.7612325, 31.4875377 ], [ 98.787542, 31.4759275 ], [ 98.7921954, 31.4721615 ], [ 98.7930703, 31.4709018 ], [ 98.7939877, 31.4659804 ], [ 98.7946433, 31.4648159 ], [ 98.797479, 31.459778 ], [ 98.8119475, 31.4482474 ], [ 98.8260589, 31.4421252 ], [ 98.8327455, 31.4408523 ], [ 98.8371999, 31.4389458 ], [ 98.8385864, 31.4376526 ], [ 98.8385904, 31.4376557 ], [ 98.8437754, 31.4328441 ], [ 98.8446191, 31.4313893 ], [ 98.8462167, 31.425186 ], [ 98.8457528, 31.4240258 ], [ 98.8438541, 31.4224293 ], [ 98.8428014, 31.4203101 ], [ 98.8428953, 31.4170066 ], [ 98.8505373, 31.4104018 ], [ 98.8538672, 31.4103033 ], [ 98.857706, 31.408852 ], [ 98.8594474, 31.4072764 ], [ 98.8594536, 31.4072814 ], [ 98.8631193, 31.4039499 ], [ 98.8633865, 31.4037071 ], [ 98.8680225, 31.3984119 ], [ 98.8738689, 31.3912505 ], [ 98.8782599, 31.3842828 ], [ 98.8817598, 31.3816031 ], [ 98.8817819, 31.3816247 ], [ 98.8837653, 31.3801276 ], [ 98.8862731, 31.3784723 ], [ 98.8866313, 31.3774812 ], [ 98.8834365, 31.3717866 ], [ 98.8816937, 31.3703294 ], [ 98.8702189, 31.3607331 ], [ 98.8671357, 31.3586713 ], [ 98.864857, 31.3560785 ], [ 98.8648591, 31.3560771 ], [ 98.8626522, 31.3535349 ], [ 98.8609113, 31.3473986 ], [ 98.8607133, 31.3461777 ], [ 98.8592334, 31.3451122 ], [ 98.8505225, 31.3418317 ], [ 98.8496715, 31.3415111 ], [ 98.8431959, 31.3400211 ], [ 98.8367812, 31.3345586 ], [ 98.8323533, 31.3267252 ], [ 98.8231987, 31.322115 ], [ 98.821296, 31.3217562 ], [ 98.8191128, 31.3202127 ], [ 98.8138181, 31.3145214 ], [ 98.8101963, 31.3095215 ], [ 98.8091546, 31.3065738 ], [ 98.8084618, 31.2895698 ], [ 98.8071114, 31.2852213 ], [ 98.8051793, 31.2812767 ], [ 98.8005273, 31.2764334 ], [ 98.7911856, 31.2679996 ], [ 98.7829732, 31.2612809 ], [ 98.7818499, 31.2598307 ], [ 98.7805181, 31.2550583 ], [ 98.7796937, 31.2536681 ], [ 98.7780108, 31.2519073 ], [ 98.7759871, 31.2509775 ], [ 98.7719908, 31.2518303 ], [ 98.7612014, 31.2599532 ], [ 98.7600436, 31.2604144 ], [ 98.7479342, 31.2652377 ], [ 98.7440812, 31.2676683 ], [ 98.7411492, 31.27038 ], [ 98.737283, 31.2775363 ], [ 98.7353428, 31.2819429 ], [ 98.734108, 31.2877487 ], [ 98.7331148, 31.2921853 ], [ 98.7276054, 31.296992 ], [ 98.7261764, 31.2982385 ], [ 98.7134618, 31.3075804 ], [ 98.7079504, 31.3165467 ], [ 98.707939, 31.3165415 ], [ 98.7030717, 31.3244373 ], [ 98.6930929, 31.3344095 ], [ 98.6923431, 31.3349835 ], [ 98.6904508, 31.335368 ], [ 98.679068, 31.336475 ], [ 98.6640934, 31.3401977 ], [ 98.6505631, 31.3412517 ], [ 98.6464249, 31.3415738 ], [ 98.6442852, 31.3413128 ], [ 98.6382153, 31.3389924 ], [ 98.6360211, 31.3373742 ], [ 98.6311824, 31.3335404 ], [ 98.626893, 31.3277503 ], [ 98.6257066, 31.3250709 ], [ 98.6262739, 31.3237726 ], [ 98.6259449, 31.3205877 ], [ 98.6203426, 31.3118621 ], [ 98.6181746, 31.3094973 ], [ 98.6146248, 31.2929397 ], [ 98.6091161, 31.2757101 ], [ 98.6058638, 31.2691117 ], [ 98.603076, 31.2588988 ], [ 98.6036286, 31.2392285 ], [ 98.6060255, 31.2321243 ], [ 98.6073532, 31.2307476 ], [ 98.6091533, 31.2301297 ], [ 98.6160761, 31.2305177 ], [ 98.618163, 31.2300713 ], [ 98.6202994, 31.2286623 ], [ 98.6227778, 31.2243311 ], [ 98.622159, 31.2150866 ], [ 98.6208443, 31.2065789 ], [ 98.6183315, 31.2021729 ], [ 98.6149401, 31.198547 ], [ 98.6089659, 31.1960122 ], [ 98.600886, 31.193869 ], [ 98.6023415, 31.1897716 ], [ 98.6044302, 31.1867534 ], [ 98.6126103, 31.1829546 ], [ 98.6185836, 31.1815132 ], [ 98.6268011, 31.18215 ], [ 98.6268009, 31.1821375 ], [ 98.6365833, 31.182004 ], [ 98.639853, 31.180951 ], [ 98.6428806, 31.177122 ], [ 98.6424944, 31.1741285 ], [ 98.6430832, 31.1725162 ], [ 98.6480224, 31.1707362 ], [ 98.6530724, 31.1689161 ], [ 98.6607508, 31.1647563 ], [ 98.669872, 31.1585935 ], [ 98.6770318, 31.1514658 ], [ 98.6807581, 31.1453229 ], [ 98.688989, 31.135174 ], [ 98.693607, 31.1340963 ], [ 98.7013184, 31.1281842 ], [ 98.7099069, 31.1204131 ], [ 98.7118499, 31.0852747 ], [ 98.7146252, 31.0813643 ], [ 98.7250172, 31.0723964 ], [ 98.7318124, 31.0703458 ], [ 98.7336738, 31.069053 ], [ 98.7352702, 31.0663501 ], [ 98.7355025, 31.0644901 ], [ 98.7347276, 31.062739 ], [ 98.7320695, 31.0603868 ], [ 98.7318718, 31.0587024 ], [ 98.7348525, 31.0531356 ], [ 98.7360468, 31.0521638 ], [ 98.7358517, 31.0520329 ], [ 98.7359424, 31.0519328 ], [ 98.7579803, 31.0357806 ], [ 98.7590627, 31.0355327 ], [ 98.7622627, 31.0365594 ], [ 98.7704879, 31.0350537 ], [ 98.7737268, 31.0339955 ], [ 98.7749652, 31.0322914 ], [ 98.7829457, 31.0213078 ], [ 98.7923739, 31.0165764 ], [ 98.7946401, 31.015439 ], [ 98.7967716, 31.0137196 ], [ 98.8059153, 30.9979236 ], [ 98.8068488, 30.9955419 ], [ 98.8070077, 30.9912869 ], [ 98.8058133, 30.9823106 ], [ 98.8035829, 30.9773525 ], [ 98.8007015, 30.973416 ], [ 98.7990612, 30.9695528 ], [ 98.7989944, 30.9691264 ], [ 98.7989905, 30.9691269 ], [ 98.7972984, 30.9589385 ], [ 98.7971453, 30.9546114 ], [ 98.7957771, 30.948692 ], [ 98.7902922, 30.9400185 ], [ 98.7875764, 30.9367511 ], [ 98.7846365, 30.9341907 ], [ 98.7817061, 30.9302976 ], [ 98.7797852, 30.927407 ], [ 98.7794546, 30.9248065 ], [ 98.7741002, 30.9116252 ], [ 98.774002, 30.9100813 ], [ 98.7761018, 30.9083273 ], [ 98.777984, 30.9057503 ], [ 98.7779631, 30.899641 ], [ 98.779709, 30.8961137 ], [ 98.7905793, 30.8868193 ], [ 98.7905706, 30.8868118 ], [ 98.7959628, 30.882193 ], [ 98.7992222, 30.8803335 ], [ 98.8050218, 30.8780642 ], [ 98.8082548, 30.876799 ], [ 98.811224, 30.8761148 ], [ 98.8327895, 30.860909 ], [ 98.8469579, 30.853864 ], [ 98.8499206, 30.8515203 ], [ 98.8522712, 30.8463558 ], [ 98.854785, 30.8408319 ], [ 98.8553894, 30.835949 ], [ 98.8569182, 30.8324354 ], [ 98.8627735, 30.8306734 ], [ 98.8700934, 30.8308688 ], [ 98.8720243, 30.8304463 ], [ 98.877264, 30.8262368 ], [ 98.8789345, 30.8238043 ], [ 98.8793837, 30.8216876 ], [ 98.877667, 30.8137422 ], [ 98.8798667, 30.8059688 ], [ 98.8809773, 30.8036015 ], [ 98.8827416, 30.80263 ], [ 98.8861432, 30.8028916 ], [ 98.8896518, 30.8009897 ], [ 98.8967392, 30.7946395 ], [ 98.9003102, 30.7892912 ], [ 98.9027793, 30.7865394 ], [ 98.9071998, 30.784289 ], [ 98.9142282, 30.7835361 ], [ 98.9254236, 30.7806422 ], [ 98.9265285, 30.780301 ], [ 98.9265246, 30.780292 ], [ 98.9530014, 30.771865 ], [ 98.9574267, 30.7673251 ], [ 98.9578975, 30.7593341 ], [ 98.9592373, 30.7470623 ], [ 98.9619362, 30.7416558 ], [ 98.9627795, 30.7380769 ], [ 98.9627851, 30.7380778 ], [ 98.9633136, 30.7358099 ], [ 98.9626942, 30.7310658 ], [ 98.9612526, 30.7280849 ], [ 98.9596722, 30.7265478 ], [ 98.9557882, 30.7246246 ], [ 98.9501171, 30.7232006 ], [ 98.9422999, 30.7229022 ], [ 98.9379363, 30.7212075 ], [ 98.936041, 30.7184846 ], [ 98.9370764, 30.7151144 ], [ 98.9365533, 30.712119 ], [ 98.935059, 30.7092793 ], [ 98.9319105, 30.7068142 ], [ 98.9283999, 30.7057148 ], [ 98.9232514, 30.7056728 ], [ 98.9204404, 30.705115 ], [ 98.9069578, 30.7009646 ], [ 98.9054069, 30.6993391 ], [ 98.9040668, 30.6959576 ], [ 98.904213, 30.6946995 ], [ 98.9041936, 30.6946981 ], [ 98.9046174, 30.6904912 ], [ 98.9055697, 30.6858245 ], [ 98.9122601, 30.6679485 ], [ 98.9128222, 30.6617505 ], [ 98.9131186, 30.658482 ], [ 98.9140119, 30.6547327 ], [ 98.9151628, 30.6527283 ], [ 98.9225132, 30.6437913 ], [ 98.923201, 30.6423318 ], [ 98.9247331, 30.6270726 ], [ 98.9242512, 30.6252429 ], [ 98.9198851, 30.6192004 ], [ 98.9213898, 30.6120136 ], [ 98.9249933, 30.6089241 ], [ 98.9250106, 30.6089393 ], [ 98.9306442, 30.6041555 ], [ 98.935526, 30.6035341 ], [ 98.9382967, 30.6022511 ], [ 98.9400766, 30.6004891 ], [ 98.9408432, 30.5989469 ], [ 98.9410496, 30.5990237 ], [ 98.9410615, 30.5990084 ], [ 98.9420097, 30.594232 ], [ 98.9405003, 30.5891275 ], [ 98.9368561, 30.583799 ], [ 98.9354774, 30.5817828 ], [ 98.9262374, 30.5740206 ], [ 98.9259336, 30.5729148 ], [ 98.9264695, 30.570943 ], [ 98.9277905, 30.5644393 ], [ 98.9278268, 30.5642606 ], [ 98.9290002, 30.5584833 ], [ 98.9361562, 30.5540075 ], [ 98.9374222, 30.5516996 ], [ 98.9361883, 30.5440749 ], [ 98.9358182, 30.5426905 ], [ 98.9343915, 30.5410208 ], [ 98.9333468, 30.5386818 ], [ 98.9310842, 30.5316745 ], [ 98.9308442, 30.5295208 ], [ 98.9316531, 30.5236146 ], [ 98.9326846, 30.5215114 ], [ 98.9324258, 30.5214162 ], [ 98.9367261, 30.5132699 ], [ 98.9413013, 30.5088709 ], [ 98.9450443, 30.5029417 ], [ 98.9451812, 30.4992149 ], [ 98.9427023, 30.4922637 ], [ 98.9437775, 30.4858781 ], [ 98.9446018, 30.4839348 ], [ 98.9451697, 30.4828677 ], [ 98.9466278, 30.4801273 ], [ 98.9627556, 30.4574449 ], [ 98.9645775, 30.4539332 ], [ 98.9651668, 30.4416636 ], [ 98.9647715, 30.4357315 ], [ 98.9644051, 30.4336122 ], [ 98.9622492, 30.4308606 ], [ 98.9623167, 30.4264731 ], [ 98.9656993, 30.4104594 ], [ 98.9731354, 30.4018417 ], [ 98.9746838, 30.3940343 ], [ 98.9731504, 30.3846009 ], [ 98.9728648, 30.3828434 ], [ 98.9717265, 30.3815378 ], [ 98.9685336, 30.3805258 ], [ 98.96652, 30.3787614 ], [ 98.9673042, 30.3745215 ], [ 98.9675859, 30.3729984 ], [ 98.966496, 30.3675709 ], [ 98.9669933, 30.3633962 ], [ 98.968149, 30.3613325 ], [ 98.9682868, 30.3610864 ], [ 98.9722824, 30.3572284 ], [ 98.9730014, 30.3553244 ], [ 98.9721219, 30.3520655 ], [ 98.971983, 30.3515508 ], [ 98.9685814, 30.3469097 ], [ 98.9668944, 30.3415546 ], [ 98.966792, 30.338639 ], [ 98.9667903, 30.3385915 ], [ 98.9667741, 30.33813 ], [ 98.9671488, 30.3372482 ], [ 98.9689502, 30.3351931 ], [ 98.9785806, 30.3274161 ], [ 98.980663, 30.3245996 ], [ 98.9810715, 30.3230729 ], [ 98.9794357, 30.3108908 ], [ 98.9782499, 30.3069809 ], [ 98.9781423, 30.304809 ], [ 98.979167, 30.3032214 ], [ 98.9797492, 30.3011067 ], [ 98.9798676, 30.3006768 ], [ 98.9794306, 30.2985406 ], [ 98.9791008, 30.2985914 ], [ 98.9790876, 30.2981874 ], [ 98.9789742, 30.2947311 ], [ 98.9803697, 30.2905683 ], [ 98.9832177, 30.2874375 ], [ 98.9832706, 30.287471 ], [ 98.9842756, 30.2862744 ], [ 98.9857137, 30.2838424 ], [ 98.985776, 30.2825009 ], [ 98.9847469, 30.2795078 ], [ 98.984404, 30.2775426 ], [ 98.984139, 30.2771899 ], [ 98.9791963, 30.2706113 ], [ 98.9781774, 30.269255 ], [ 98.9777936, 30.2687441 ], [ 98.9746275, 30.2658564 ], [ 98.9701754, 30.2635546 ], [ 98.969772, 30.2622709 ], [ 98.9688744, 30.2594147 ], [ 98.9727768, 30.2360883 ], [ 98.97402, 30.2333585 ], [ 98.9754834, 30.2312313 ], [ 98.9765383, 30.2296978 ], [ 98.9902601, 30.2199075 ], [ 98.993088, 30.2158689 ], [ 98.9928454, 30.2096747 ], [ 98.991625, 30.2074395 ], [ 98.9885225, 30.2041405 ], [ 98.9872375, 30.2027741 ], [ 98.9846947, 30.1978086 ], [ 98.9837272, 30.1940092 ], [ 98.9809194, 30.1869864 ], [ 98.9809848, 30.1833674 ], [ 98.9817062, 30.1804639 ], [ 98.9842579, 30.1768828 ], [ 98.9857698, 30.1759026 ], [ 98.988256, 30.1754572 ], [ 98.9900703, 30.1731799 ], [ 98.9901138, 30.1697486 ], [ 98.9858875, 30.1632231 ], [ 98.9854653, 30.1612648 ], [ 98.9857824, 30.1595819 ], [ 98.9873682, 30.1563769 ], [ 98.9878323, 30.155439 ], [ 98.989348, 30.1539614 ], [ 98.994889, 30.152558 ], [ 99.0011044, 30.1521523 ], [ 99.0038268, 30.1515656 ], [ 99.005538, 30.1504987 ], [ 99.0103206, 30.1456118 ], [ 99.0138908, 30.1385125 ], [ 99.0088735, 30.1284073 ], [ 99.0096434, 30.1230541 ], [ 99.0126822, 30.1205967 ], [ 99.0143529, 30.118594 ], [ 99.0143012, 30.1185628 ], [ 99.0201715, 30.1111875 ], [ 99.0258657, 30.1071435 ], [ 99.0301171, 30.0986856 ], [ 99.0301603, 30.0985995 ], [ 99.0313544, 30.095029 ], [ 99.0366906, 30.0898454 ], [ 99.0410925, 30.0871698 ], [ 99.0425789, 30.0853958 ], [ 99.0441069, 30.0818296 ], [ 99.0412227, 30.0682515 ], [ 99.0373009, 30.0604793 ], [ 99.0365248, 30.05799 ], [ 99.0358066, 30.0540181 ], [ 99.0362737, 30.0519713 ], [ 99.0362832, 30.0519729 ], [ 99.0363685, 30.0516069 ], [ 99.0375366, 30.0490766 ], [ 99.0374901, 30.0490612 ], [ 99.0404952, 30.0421881 ], [ 99.0412594, 30.0044519 ], [ 99.0416538, 30.0031015 ], [ 99.0424321, 30.0004362 ], [ 99.0539999, 29.9608061 ], [ 99.0527683, 29.9563166 ], [ 99.0505056, 29.9480674 ], [ 99.0503366, 29.9474514 ], [ 99.0502565, 29.9444548 ], [ 99.0508543, 29.942562 ], [ 99.0529926, 29.9399642 ], [ 99.0536688, 29.9391427 ], [ 99.0557743, 29.9373073 ], [ 99.0567647, 29.937015 ], [ 99.0567589, 29.937 ], [ 99.0612281, 29.9356054 ], [ 99.0622857, 29.9354606 ], [ 99.0622875, 29.9354703 ], [ 99.0660393, 29.9349465 ], [ 99.0670367, 29.9342315 ], [ 99.0675671, 29.9316241 ], [ 99.0669225, 29.9290753 ], [ 99.0655018, 29.9265076 ], [ 99.064983, 29.9260015 ], [ 99.0640377, 29.9250793 ], [ 99.0605791, 29.9252933 ], [ 99.0582952, 29.9248888 ], [ 99.056521, 29.9239047 ], [ 99.0560717, 29.9232418 ], [ 99.0560107, 29.9231517 ], [ 99.0565157, 29.9139978 ], [ 99.0562267, 29.9125689 ], [ 99.0514068, 29.9059462 ], [ 99.0511553, 29.9056005 ], [ 99.0520649, 29.9019395 ], [ 99.0522621, 29.8974205 ], [ 99.0518845, 29.8957888 ], [ 99.0482697, 29.8915416 ], [ 99.0412085, 29.8862623 ], [ 99.0406599, 29.8848317 ], [ 99.0399892, 29.8830828 ], [ 99.039983, 29.8830847 ], [ 99.039606, 29.8818266 ], [ 99.0395159, 29.8818531 ], [ 99.0371711, 29.8757974 ], [ 99.0367921, 29.8748184 ], [ 99.0364931, 29.8740463 ], [ 99.0347361, 29.8649232 ], [ 99.0347972, 29.8649143 ], [ 99.0341641, 29.8617958 ], [ 99.0335761, 29.8588997 ], [ 99.0294983, 29.85527 ], [ 99.0230253, 29.8511541 ], [ 99.022815, 29.8383155 ], [ 99.0214199, 29.8329585 ], [ 99.0178456, 29.8264845 ], [ 99.0151351, 29.8234763 ], [ 99.015063, 29.8235278 ], [ 99.0130386, 29.8213766 ], [ 99.0126327, 29.8203908 ], [ 99.0125364, 29.815114 ], [ 99.0125407, 29.8151139 ], [ 99.0125305, 29.8147916 ], [ 99.0170649, 29.802 ], [ 99.0182077, 29.7937783 ], [ 99.0171353, 29.789367 ], [ 99.0151467, 29.7842956 ], [ 99.0140473, 29.7829048 ], [ 99.0117581, 29.7814826 ], [ 99.0109789, 29.7802814 ], [ 99.0074287, 29.7571571 ], [ 99.0077856, 29.7516272 ], [ 99.0061074, 29.7474386 ], [ 99.0060992, 29.7474411 ], [ 99.0056381, 29.7462672 ], [ 99.0007566, 29.7403584 ], [ 99.0003861, 29.7394677 ], [ 98.9997474, 29.7379319 ], [ 99.0000938, 29.7274234 ], [ 98.9973608, 29.7028781 ], [ 98.9965682, 29.7004827 ], [ 98.9963578, 29.699847 ], [ 98.9971291, 29.6919174 ], [ 98.9944691, 29.6840516 ], [ 98.9933468, 29.6807324 ], [ 98.992319, 29.6776925 ], [ 98.9905844, 29.6644797 ], [ 98.9908503, 29.6619519 ], [ 98.9919161, 29.6599869 ], [ 98.9921191, 29.6599318 ], [ 98.9937389, 29.6594926 ], [ 98.9976172, 29.6584409 ], [ 98.9993538, 29.6573837 ], [ 98.9990835, 29.6550831 ], [ 98.9963289, 29.6516723 ], [ 98.9961536, 29.6498187 ], [ 98.9977955, 29.6466416 ], [ 99.0022425, 29.6434599 ], [ 99.0054825, 29.6400227 ], [ 99.0102932, 29.6317698 ], [ 99.0128665, 29.6246674 ], [ 99.0128641, 29.6238671 ], [ 99.0128467, 29.6238672 ], [ 99.0117616, 29.6213506 ], [ 99.0114806, 29.6177847 ], [ 99.0143847, 29.6099143 ], [ 99.0235029, 29.6027507 ], [ 99.0266934, 29.5997212 ], [ 99.0266712, 29.5997036 ], [ 99.0308807, 29.5956548 ], [ 99.0360073, 29.5889424 ], [ 99.0361923, 29.5865998 ], [ 99.0414433, 29.5765918 ], [ 99.0418907, 29.575739 ], [ 99.0412191, 29.57501 ], [ 99.0416867, 29.5731329 ], [ 99.0467546, 29.570579 ], [ 99.0501413, 29.5683131 ], [ 99.0508588, 29.5671368 ], [ 99.0511576, 29.5651191 ], [ 99.0509164, 29.5525458 ], [ 99.0508332, 29.5482062 ], [ 99.0456649, 29.5323737 ], [ 99.045561, 29.5310503 ], [ 99.0455928, 29.531049 ], [ 99.0453998, 29.5275069 ], [ 99.051207, 29.5080997 ], [ 99.0517288, 29.4976251 ], [ 99.0516777, 29.4976231 ], [ 99.0521795, 29.4885775 ], [ 99.0586474, 29.483566 ], [ 99.0615045, 29.4789237 ], [ 99.0613622, 29.4750531 ], [ 99.0608597, 29.4734236 ], [ 99.0571368, 29.4675632 ], [ 99.05578, 29.4586902 ], [ 99.0568406, 29.4567715 ], [ 99.058786, 29.4552349 ], [ 99.0614101, 29.4521808 ], [ 99.0624838, 29.4499735 ], [ 99.0622979, 29.4449167 ], [ 99.0610316, 29.4426048 ], [ 99.0586838, 29.440729 ], [ 99.0586235, 29.4397066 ], [ 99.0637239, 29.4307732 ], [ 99.0671814, 29.4265911 ], [ 99.0664668, 29.4244636 ], [ 99.065887, 29.4227373 ], [ 99.0597916, 29.4189988 ], [ 99.0571714, 29.4173916 ], [ 99.0568537, 29.4171967 ], [ 99.0604745, 29.4152482 ], [ 99.0637492, 29.3954714 ], [ 99.0635802, 29.39545 ], [ 99.0656004, 29.3872536 ], [ 99.0655864, 29.3859429 ], [ 99.063119, 29.381899 ], [ 99.0626246, 29.3786664 ], [ 99.0675916, 29.3349567 ], [ 99.0694893, 29.3290615 ], [ 99.0717448, 29.3257627 ], [ 99.0749548, 29.3188361 ], [ 99.0748789, 29.3179942 ], [ 99.0748683, 29.3178758 ], [ 99.0665207, 29.3048012 ], [ 99.0660923, 29.3041302 ], [ 99.0656966, 29.3035103 ], [ 99.0662004, 29.3026864 ], [ 99.0672394, 29.3009872 ], [ 99.0707161, 29.2987118 ], [ 99.0757897, 29.2963313 ], [ 99.0789837, 29.2959071 ], [ 99.0816031, 29.2949683 ], [ 99.0845968, 29.2932777 ], [ 99.0854489, 29.2927965 ], [ 99.095006, 29.2795882 ], [ 99.0947936, 29.2771136 ], [ 99.09281, 29.272887 ], [ 99.0936635, 29.2690659 ], [ 99.1045473, 29.2552765 ], [ 99.1059254, 29.2545368 ], [ 99.1059353, 29.254551 ], [ 99.1060989, 29.2543853 ], [ 99.1061055, 29.2543819 ], [ 99.1061351, 29.2544242 ], [ 99.1078593, 29.2534987 ], [ 99.1084589, 29.2527404 ], [ 99.1139819, 29.2454398 ], [ 99.1150961, 29.2414155 ], [ 99.1153093, 29.2301424 ], [ 99.1153412, 29.2301429 ], [ 99.1153513, 29.2279217 ], [ 99.1146503, 29.2262012 ], [ 99.1130874, 29.2242653 ], [ 99.1111235, 29.2216656 ], [ 99.1103958, 29.2195951 ], [ 99.1110881, 29.2138698 ], [ 99.1127579, 29.211494 ], [ 99.1173723, 29.2072319 ], [ 99.1179775, 29.205947 ], [ 99.1182902, 29.2026607 ], [ 99.1171919, 29.1993641 ], [ 99.1125628, 29.1934162 ], [ 99.1119223, 29.1921023 ], [ 99.1116643, 29.1852296 ], [ 99.1119535, 29.1807971 ], [ 99.111966, 29.1807978 ], [ 99.1140435, 29.1502629 ], [ 99.1130408, 29.1484064 ], [ 99.1093076, 29.1464142 ], [ 99.1073025, 29.1427326 ], [ 99.1096699, 29.1375856 ], [ 99.1102889, 29.1371905 ], [ 99.1108412, 29.1368379 ], [ 99.1120914, 29.1363349 ], [ 99.1137902, 29.1344386 ], [ 99.1143364, 29.1306985 ], [ 99.1139263, 29.1282329 ], [ 99.1123588, 29.1259189 ], [ 99.1119642, 29.1244949 ], [ 99.1119734, 29.113232 ], [ 99.1122938, 29.1121399 ], [ 99.1133765, 29.1109177 ], [ 99.1134267, 29.1109519 ], [ 99.1141849, 29.110005 ], [ 99.1168021, 29.1055415 ], [ 99.116804, 29.1055323 ], [ 99.1170721, 29.1042675 ], [ 99.1152369, 29.0915637 ], [ 99.1131916, 29.0787302 ], [ 99.1131743, 29.0787323 ], [ 99.1127762, 29.0761232 ], [ 99.1140874, 29.0719515 ], [ 99.1154096, 29.0677443 ], [ 99.1176335, 29.0575711 ], [ 99.1174947, 29.0358923 ], [ 99.118257, 29.0343857 ], [ 99.1226645, 29.0302969 ], [ 99.1264737, 29.0217096 ], [ 99.1260356, 29.0136659 ], [ 99.1218068, 28.9998318 ], [ 99.1240942, 28.9834449 ], [ 99.1245886, 28.9826471 ], [ 99.1244867, 28.9815762 ], [ 99.126522, 28.9712925 ], [ 99.1280264, 28.9636906 ], [ 99.1293787, 28.9539913 ], [ 99.1300521, 28.9491615 ], [ 99.1301884, 28.948184 ], [ 99.1282834, 28.9320547 ], [ 99.1282059, 28.923965 ], [ 99.1281916, 28.9224732 ], [ 99.1282793, 28.9116751 ], [ 99.1282876, 28.9106544 ], [ 99.1278092, 28.9089177 ], [ 99.1242539, 28.8960113 ], [ 99.1231482, 28.8919972 ], [ 99.1171615, 28.8776324 ], [ 99.1107488, 28.8657717 ], [ 99.1079573, 28.8589484 ], [ 99.1072031, 28.8517801 ], [ 99.1070464, 28.8216921 ], [ 99.1074722, 28.8030694 ], [ 99.1105387, 28.7956293 ], [ 99.1135581, 28.7883035 ], [ 99.1158051, 28.7787663 ], [ 99.1158246, 28.7783663 ], [ 99.116457, 28.7653981 ], [ 99.117599, 28.7583372 ], [ 99.1177563, 28.7579311 ], [ 99.1206995, 28.7503334 ], [ 99.1266296, 28.7408192 ], [ 99.1332058, 28.7316908 ], [ 99.1337914, 28.7291483 ], [ 99.135227, 28.7229158 ], [ 99.1326835, 28.7158316 ], [ 99.1326379, 28.7157263 ], [ 99.1292798, 28.7079777 ], [ 99.1286327, 28.7054511 ], [ 99.1278095, 28.7022373 ], [ 99.1287454, 28.6959985 ], [ 99.1291837, 28.6930761 ], [ 99.1346921, 28.6816483 ], [ 99.1390551, 28.6740871 ], [ 99.1393054, 28.6736534 ], [ 99.1412716, 28.6715642 ], [ 99.1425925, 28.6688978 ], [ 99.142522, 28.6662271 ], [ 99.1424261, 28.6625925 ], [ 99.1440228, 28.6524772 ], [ 99.1446296, 28.6515785 ], [ 99.1477482, 28.64696 ], [ 99.1539371, 28.6411009 ], [ 99.1551665, 28.639937 ], [ 99.1595421, 28.6342324 ], [ 99.1614785, 28.6319868 ], [ 99.1621642, 28.6311916 ], [ 99.1619745, 28.6277517 ], [ 99.1619953, 28.6250772 ], [ 99.1629879, 28.6230718 ], [ 99.1633151, 28.6224106 ], [ 99.1648499, 28.6199363 ], [ 99.168121, 28.6168994 ], [ 99.1694761, 28.6142712 ], [ 99.1693338, 28.6104877 ], [ 99.1678746, 28.6073852 ], [ 99.1674783, 28.6065425 ], [ 99.1664871, 28.6016947 ], [ 99.1664999, 28.6000304 ], [ 99.1673688, 28.5985226 ], [ 99.1685322, 28.5980448 ], [ 99.1706366, 28.5971805 ], [ 99.1745946, 28.5952372 ], [ 99.1773605, 28.5922275 ], [ 99.1787469, 28.5902688 ], [ 99.1796213, 28.5880043 ], [ 99.1794649, 28.5860364 ], [ 99.17914, 28.5849565 ], [ 99.1784618, 28.5827017 ], [ 99.1715271, 28.5705557 ], [ 99.1705396, 28.5652539 ], [ 99.1700557, 28.561317 ], [ 99.1701199, 28.5610434 ], [ 99.1712961, 28.5560286 ], [ 99.1737742, 28.5470606 ], [ 99.1770413, 28.5352376 ], [ 99.1800852, 28.5264277 ], [ 99.1813052, 28.5240087 ], [ 99.1879346, 28.5108618 ], [ 99.189294, 28.5067933 ], [ 99.1909226, 28.4989438 ], [ 99.1907884, 28.496995 ], [ 99.1874307, 28.4860493 ], [ 99.1845742, 28.479142 ], [ 99.1832837, 28.4713605 ], [ 99.1828187, 28.4541534 ], [ 99.1852961, 28.4479333 ], [ 99.1863136, 28.4434868 ], [ 99.1826852, 28.4391672 ], [ 99.1805101, 28.4374518 ], [ 99.1693347, 28.4338647 ], [ 99.1676743, 28.4325044 ], [ 99.167691, 28.4324885 ], [ 99.1646301, 28.4300101 ], [ 99.1642834, 28.428366 ], [ 99.1666692, 28.4252905 ], [ 99.1704277, 28.423562 ], [ 99.1731071, 28.4205654 ], [ 99.1744825, 28.4152679 ], [ 99.1745239, 28.4152766 ], [ 99.1747694, 28.4143604 ], [ 99.1736937, 28.4101063 ], [ 99.1735737, 28.4065362 ], [ 99.1747449, 28.4044142 ], [ 99.1775575, 28.4034224 ], [ 99.1782004, 28.4030375 ], [ 99.1781088, 28.4029178 ], [ 99.1782589, 28.4027804 ], [ 99.1783755, 28.4029327 ], [ 99.1818438, 28.4008562 ], [ 99.18492, 28.3966831 ], [ 99.2004318, 28.3850555 ], [ 99.2074716, 28.3664728 ], [ 99.2186124, 28.355456 ], [ 99.2202749, 28.3553266 ], [ 99.2202727, 28.3553038 ], [ 99.2206715, 28.3552672 ], [ 99.2206743, 28.3552956 ], [ 99.2259983, 28.3548813 ], [ 99.2298945, 28.3535858 ], [ 99.2295721, 28.3504434 ], [ 99.2293779, 28.3485501 ], [ 99.2291699, 28.3465231 ], [ 99.2292986, 28.3411593 ], [ 99.2365989, 28.3236798 ], [ 99.2373999, 28.3214762 ], [ 99.2384134, 28.3204517 ], [ 99.2430107, 28.3185856 ], [ 99.2541978, 28.3110649 ], [ 99.2547234, 28.310656 ], [ 99.2560494, 28.3096244 ], [ 99.2592214, 28.3071565 ], [ 99.2644726, 28.3058391 ], [ 99.2684675, 28.305515 ], [ 99.2739391, 28.303511 ], [ 99.2783971, 28.3026818 ], [ 99.2819616, 28.3009131 ], [ 99.2838111, 28.2989275 ], [ 99.2851949, 28.2974419 ], [ 99.2859907, 28.2965875 ], [ 99.2867186, 28.2943583 ], [ 99.2867931, 28.2942008 ], [ 99.287353, 28.2930184 ], [ 99.2888443, 28.2898687 ], [ 99.28763, 28.2765743 ], [ 99.2870955, 28.2748869 ], [ 99.2857287, 28.2730824 ], [ 99.2836878, 28.2736335 ], [ 99.2820695, 28.2724922 ], [ 99.2810173, 28.2707727 ], [ 99.2803782, 28.268891 ], [ 99.2810259, 28.2640908 ], [ 99.282417, 28.2627462 ], [ 99.285812, 28.2614239 ], [ 99.2874651, 28.2615153 ], [ 99.2894789, 28.2616266 ], [ 99.2901361, 28.2616629 ], [ 99.2989656, 28.2605551 ], [ 99.3049067, 28.2492103 ], [ 99.3049634, 28.2492336 ], [ 99.3052728, 28.2485112 ], [ 99.3062833, 28.2421173 ], [ 99.3054878, 28.2348439 ], [ 99.3053205, 28.2333149 ], [ 99.3075079, 28.2300345 ], [ 99.3193729, 28.2202032 ], [ 99.3243851, 28.2166234 ], [ 99.33787, 28.2113691 ], [ 99.3383743, 28.211293 ], [ 99.3404346, 28.210982 ], [ 99.3453117, 28.2078431 ], [ 99.3474974, 28.2054462 ], [ 99.3517658, 28.1993993 ], [ 99.3517456, 28.1993881 ], [ 99.3577411, 28.1909326 ], [ 99.3656998, 28.1879642 ], [ 99.3656541, 28.1878716 ], [ 99.3753983, 28.1841013 ], [ 99.3911668, 28.168986 ], [ 99.3919561, 28.1669027 ], [ 99.3919066, 28.1657076 ], [ 99.3917419, 28.1617297 ], [ 99.3928808, 28.1597886 ], [ 99.3939316, 28.1584965 ], [ 99.4010695, 28.1536711 ], [ 99.4011318, 28.1542733 ], [ 99.4019761, 28.162437 ], [ 99.401505, 28.1632693 ], [ 99.3971867, 28.170898 ], [ 99.3885415, 28.1846048 ], [ 99.3885342, 28.1846012 ], [ 99.3876938, 28.1859485 ], [ 99.3853125, 28.206295 ], [ 99.3855421, 28.2128199 ], [ 99.3867475, 28.217928 ], [ 99.3867332, 28.2179309 ], [ 99.3869266, 28.2186867 ], [ 99.3934274, 28.2389972 ], [ 99.3985258, 28.2511879 ], [ 99.4046043, 28.2636824 ], [ 99.4132311, 28.2688693 ], [ 99.4149282, 28.2693247 ], [ 99.414954, 28.2692492 ], [ 99.4153011, 28.2694078 ], [ 99.4167107, 28.2727091 ], [ 99.4173431, 28.2799622 ], [ 99.4149697, 28.2912642 ], [ 99.4108219, 28.2977663 ], [ 99.406953, 28.3024072 ], [ 99.4027217, 28.3043827 ], [ 99.4004934, 28.3062019 ], [ 99.3918907, 28.3224675 ], [ 99.3926686, 28.3232031 ], [ 99.3951107, 28.3239651 ], [ 99.4002609, 28.3250262 ], [ 99.4066735, 28.3314403 ], [ 99.4084035, 28.3395917 ], [ 99.407092, 28.3428606 ], [ 99.4074567, 28.3535393 ], [ 99.4091269, 28.361114 ], [ 99.4167138, 28.3669024 ], [ 99.421958, 28.3722802 ], [ 99.4216017, 28.3773672 ], [ 99.4210893, 28.378684 ], [ 99.4253577, 28.390553 ], [ 99.4304175, 28.3925256 ], [ 99.4354483, 28.3986162 ], [ 99.4369754, 28.4032732 ], [ 99.436597, 28.4113147 ], [ 99.4301271, 28.4202444 ], [ 99.4242629, 28.4220178 ], [ 99.4198151, 28.4200598 ], [ 99.4182933, 28.4200276 ], [ 99.4120057, 28.4220371 ], [ 99.4039177, 28.4345622 ], [ 99.4024934, 28.4374935 ], [ 99.4024099, 28.4467973 ], [ 99.4030819, 28.4476158 ], [ 99.413231, 28.4523613 ], [ 99.4207651, 28.4600263 ], [ 99.4185834, 28.4621985 ], [ 99.4123618, 28.4769843 ], [ 99.4126961, 28.4810381 ], [ 99.4059175, 28.4885133 ], [ 99.3994473, 28.4916372 ], [ 99.3946475, 28.495605 ], [ 99.3951465, 28.5067128 ], [ 99.3989977, 28.5309251 ], [ 99.4016944, 28.5325494 ], [ 99.4051598, 28.5363048 ], [ 99.4057265, 28.5376564 ], [ 99.4056655, 28.5400637 ], [ 99.4020098, 28.5478331 ], [ 99.4029328, 28.5506767 ], [ 99.408243, 28.5531711 ], [ 99.425538, 28.5593682 ], [ 99.4406014, 28.5582083 ], [ 99.4414503, 28.5569349 ], [ 99.4500619, 28.5541069 ], [ 99.4616376, 28.5523079 ], [ 99.4630611, 28.5540593 ], [ 99.4649328, 28.5673074 ], [ 99.4644883, 28.5753257 ], [ 99.46321, 28.5799125 ], [ 99.4642402, 28.5827957 ], [ 99.4677652, 28.583619 ], [ 99.4721067, 28.5872232 ], [ 99.47907, 28.594653 ], [ 99.4811254, 28.5961954 ], [ 99.4904904, 28.5995129 ], [ 99.4961426, 28.6041567 ], [ 99.4965443, 28.6049507 ], [ 99.4961738, 28.6107993 ], [ 99.4945457, 28.6172518 ], [ 99.4946345, 28.6189065 ], [ 99.4952234, 28.6199966 ], [ 99.4967401, 28.6207444 ], [ 99.5069719, 28.6231418 ], [ 99.5117291, 28.6215423 ], [ 99.5152623, 28.6177833 ], [ 99.5224377, 28.6175081 ], [ 99.5305808, 28.6201799 ], [ 99.5410178, 28.6294411 ], [ 99.5403971, 28.6315916 ], [ 99.5404496, 28.6534391 ], [ 99.5432964, 28.668529 ], [ 99.5405215, 28.6764921 ], [ 99.5394618, 28.6775136 ], [ 99.533531, 28.6803322 ], [ 99.5308589, 28.6821656 ], [ 99.5307365, 28.6840316 ], [ 99.5397976, 28.6925563 ], [ 99.5447088, 28.6948306 ], [ 99.5497065, 28.6995729 ], [ 99.5508908, 28.70596 ], [ 99.5511321, 28.7103364 ], [ 99.5550601, 28.715979 ], [ 99.5601022, 28.720891 ], [ 99.5635974, 28.7212942 ], [ 99.5642269, 28.7213668 ], [ 99.5679134, 28.7177001 ], [ 99.5694859, 28.7174433 ], [ 99.5808942, 28.7212691 ], [ 99.5986448, 28.728546 ], [ 99.6034803, 28.7317923 ], [ 99.6040985, 28.7331012 ], [ 99.6008325, 28.7365806 ], [ 99.6004578, 28.7373202 ], [ 99.6007349, 28.7384787 ], [ 99.6080419, 28.7411776 ], [ 99.6135151, 28.7421781 ], [ 99.616736, 28.7444922 ], [ 99.6167576, 28.7456535 ], [ 99.6092955, 28.7539255 ], [ 99.6075714, 28.7567811 ], [ 99.6052064, 28.7749793 ], [ 99.60541, 28.7809569 ], [ 99.6091664, 28.7903736 ], [ 99.6155764, 28.7924327 ], [ 99.6221021, 28.7995981 ], [ 99.6227285, 28.8029994 ], [ 99.6210743, 28.8108622 ], [ 99.621528, 28.8135916 ], [ 99.622804, 28.8158022 ], [ 99.6235318, 28.8163427 ], [ 99.6247842, 28.816482 ], [ 99.6514949, 28.8172848 ], [ 99.6609001, 28.8158831 ], [ 99.6825805, 28.8138321 ], [ 99.6883978, 28.8157494 ], [ 99.6907733, 28.8184183 ], [ 99.6939455, 28.8231274 ], [ 99.6941965, 28.8273164 ], [ 99.6954525, 28.83129 ], [ 99.6988735, 28.8363508 ], [ 99.7004508, 28.8371741 ], [ 99.704393, 28.837412 ], [ 99.7122675, 28.8403774 ], [ 99.7155729, 28.8475722 ], [ 99.7170297, 28.8493832 ], [ 99.7178287, 28.8486064 ], [ 99.7188386, 28.8453588 ], [ 99.7196783, 28.8320244 ], [ 99.722802, 28.8185089 ], [ 99.7237682, 28.8121038 ], [ 99.7232984, 28.7884123 ], [ 99.7210307, 28.7761728 ], [ 99.7214266, 28.7587861 ], [ 99.7265204, 28.7498827 ], [ 99.7307208, 28.7458804 ], [ 99.7352545, 28.7385871 ], [ 99.7341184, 28.7345154 ], [ 99.7323846, 28.7310596 ], [ 99.7311333, 28.7245658 ], [ 99.7321009, 28.7229426 ], [ 99.7525746, 28.7109367 ], [ 99.7535199, 28.7060043 ], [ 99.7545576, 28.7036844 ], [ 99.7609364, 28.7025513 ], [ 99.7759376, 28.7028429 ], [ 99.7928528, 28.7017107 ], [ 99.7934958, 28.6969612 ], [ 99.7968834, 28.6957722 ], [ 99.8014902, 28.6955532 ], [ 99.8029774, 28.6954825 ], [ 99.8274415, 28.6724041 ], [ 99.8355229, 28.6647804 ], [ 99.8385503, 28.6621172 ], [ 99.8419614, 28.6591165 ], [ 99.8409519, 28.6552349 ], [ 99.8338534, 28.6501522 ], [ 99.8333088, 28.6487045 ], [ 99.8331794, 28.6483604 ], [ 99.8331817, 28.6468679 ], [ 99.8332177, 28.6468498 ], [ 99.8355521, 28.6456768 ], [ 99.8413062, 28.6444895 ], [ 99.8413092, 28.6424001 ], [ 99.8375922, 28.6391123 ], [ 99.8325691, 28.6336429 ], [ 99.8324062, 28.6303272 ], [ 99.8335687, 28.6300456 ], [ 99.8429882, 28.6309163 ], [ 99.8485617, 28.6335349 ], [ 99.8546334, 28.6380924 ], [ 99.8590332, 28.6391169 ], [ 99.8607724, 28.6391244 ], [ 99.8663077, 28.6379474 ], [ 99.8663534, 28.6379491 ], [ 99.8697372, 28.6376538 ], [ 99.8699348, 28.637176 ], [ 99.8710945, 28.6343716 ], [ 99.869748, 28.6286989 ], [ 99.8697513, 28.6260125 ], [ 99.8720001, 28.6245983 ], [ 99.8721212, 28.6245222 ], [ 99.8761836, 28.6221379 ], [ 99.8755118, 28.6179583 ], [ 99.875177, 28.6149731 ], [ 99.8757506, 28.6141525 ], [ 99.8778876, 28.611095 ], [ 99.8873614, 28.608715 ], [ 99.8978492, 28.6066337 ], [ 99.902924, 28.6054434 ], [ 99.9063088, 28.6027592 ], [ 99.9120593, 28.602166 ], [ 99.9149282, 28.6024656 ], [ 99.9178088, 28.6027665 ], [ 99.9195002, 28.602469 ], [ 99.9211935, 28.599485 ], [ 99.921194, 28.5988977 ], [ 99.9211948, 28.597694 ], [ 99.9232263, 28.5947101 ], [ 99.9277209, 28.5936308 ], [ 99.9306681, 28.5929231 ], [ 99.9337128, 28.5914321 ], [ 99.9340519, 28.5899397 ], [ 99.9343465, 28.5889021 ], [ 99.9350687, 28.5863582 ], [ 99.9367605, 28.5848665 ], [ 99.9408193, 28.5836743 ], [ 99.9455543, 28.5824822 ], [ 99.9479311, 28.5812013 ], [ 99.9494708, 28.5794696 ], [ 99.9502916, 28.5762154 ], [ 99.9502941, 28.5708424 ], [ 99.950634, 28.566962 ], [ 99.9523258, 28.5642761 ], [ 99.9563833, 28.5639789 ], [ 99.9582344, 28.5641188 ], [ 99.9596623, 28.5635874 ], [ 99.9623034, 28.5519939 ], [ 99.9624362, 28.5451737 ], [ 99.9638763, 28.5409114 ], [ 99.9694169, 28.5357819 ], [ 99.9714643, 28.5365256 ], [ 99.9736374, 28.5386402 ], [ 99.9777821, 28.5393876 ], [ 99.9855435, 28.5310305 ], [ 99.9862246, 28.5166059 ], [ 99.9831859, 28.5078284 ], [ 99.9873628, 28.480995 ], [ 99.9881099, 28.4799386 ], [ 99.9950486, 28.4716182 ], [ 100.0009697, 28.4675874 ], [ 100.0028094, 28.4668432 ], [ 100.0074992, 28.4674507 ], [ 100.0159141, 28.4640322 ], [ 100.0346207, 28.4548249 ], [ 100.0417373, 28.4501651 ], [ 100.0590341, 28.4523401 ], [ 100.0641439, 28.4422514 ], [ 100.0645318, 28.4375201 ], [ 100.0651103, 28.435784 ], [ 100.073548, 28.4289669 ], [ 100.0691237, 28.4214442 ], [ 100.0605564, 28.4099811 ], [ 100.0605857, 28.4079701 ], [ 100.0644754, 28.4056133 ], [ 100.0650693, 28.4033292 ], [ 100.0600831, 28.3918821 ], [ 100.0569947, 28.3859801 ], [ 100.0548769, 28.3839666 ], [ 100.0562897, 28.3726296 ], [ 100.0674674, 28.3719674 ], [ 100.0933098, 28.36761 ], [ 100.0981189, 28.3628294 ], [ 100.1001175, 28.3619184 ], [ 100.1198353, 28.3583065 ], [ 100.133818, 28.3552553 ], [ 100.1488498, 28.3420062 ], [ 100.1559732, 28.3351442 ], [ 100.1668687, 28.332366 ], [ 100.1718817, 28.3262369 ], [ 100.1712022, 28.3252751 ], [ 100.169157, 28.3173236 ], [ 100.1672323, 28.2998084 ], [ 100.1659663, 28.2986071 ], [ 100.1640534, 28.2978289 ], [ 100.1559511, 28.298375 ], [ 100.1470525, 28.2937556 ], [ 100.1463625, 28.2925045 ], [ 100.1465235, 28.2906646 ], [ 100.1480359, 28.2863116 ], [ 100.1525615, 28.2800357 ], [ 100.1571171, 28.2765362 ], [ 100.1601917, 28.2780535 ], [ 100.1620886, 28.2779092 ], [ 100.1635665, 28.2771134 ], [ 100.1826869, 28.26007 ], [ 100.1865003, 28.2561087 ], [ 100.1859526, 28.254964 ], [ 100.1839206, 28.252972 ], [ 100.1718304, 28.2441974 ], [ 100.1678642, 28.241947 ], [ 100.1625264, 28.2365261 ], [ 100.1623016, 28.2349106 ], [ 100.1631366, 28.232544 ], [ 100.1669577, 28.2291835 ], [ 100.1676167, 28.2275914 ], [ 100.1666488, 28.2255364 ], [ 100.162059, 28.2197851 ], [ 100.1508893, 28.2098758 ], [ 100.1452081, 28.2092278 ], [ 100.136684, 28.209625 ], [ 100.1298518, 28.2089647 ], [ 100.1250795, 28.2076072 ], [ 100.1213068, 28.2054758 ], [ 100.1173452, 28.2046087 ], [ 100.1111047, 28.2048806 ], [ 100.1045705, 28.2066257 ], [ 100.0987738, 28.2034597 ], [ 100.0968575, 28.2013765 ], [ 100.0959147, 28.1952892 ], [ 100.090066, 28.1863867 ], [ 100.0882779, 28.1840566 ], [ 100.0866645, 28.1831458 ], [ 100.0782032, 28.1851513 ], [ 100.0772914, 28.1860492 ], [ 100.0750688, 28.1901872 ], [ 100.0688919, 28.1942962 ], [ 100.059849, 28.1965521 ], [ 100.0590367, 28.1964237 ], [ 100.0505673, 28.1882591 ], [ 100.0394346, 28.1875582 ], [ 100.0320591, 28.1883962 ], [ 100.030484, 28.1880039 ], [ 100.0287929, 28.1860854 ], [ 100.0266768, 28.1704749 ], [ 100.0234379, 28.1658772 ], [ 100.0222479, 28.1625775 ], [ 100.0199328, 28.1510903 ], [ 100.0202823, 28.1496087 ], [ 100.0194917, 28.1492331 ], [ 100.0209331, 28.1468495 ], [ 100.0308054, 28.1365545 ], [ 100.0380332, 28.1342201 ], [ 100.0424815, 28.1282764 ], [ 100.0420033, 28.124872 ], [ 100.0435206, 28.1207263 ], [ 100.0477539, 28.1117191 ], [ 100.0485435, 28.1107345 ], [ 100.0506515, 28.109822 ], [ 100.0526287, 28.10673 ], [ 100.0544257, 28.1022347 ], [ 100.0582699, 28.0889316 ], [ 100.0589204, 28.088084 ], [ 100.058956, 28.0880376 ], [ 100.0596093, 28.0871863 ], [ 100.0599421, 28.0867527 ], [ 100.0612919, 28.0849938 ], [ 100.0630229, 28.0817307 ], [ 100.0627391, 28.078201 ], [ 100.0632911, 28.0752504 ], [ 100.0651626, 28.0748955 ], [ 100.065583, 28.0741646 ], [ 100.0687443, 28.0640609 ], [ 100.0689843, 28.0632938 ], [ 100.0690536, 28.0631283 ], [ 100.0689466, 28.0631505 ], [ 100.0685383, 28.0616013 ], [ 100.0728201, 28.0558776 ], [ 100.0748902, 28.0522646 ], [ 100.0762426, 28.0459657 ], [ 100.0851162, 28.0339479 ], [ 100.0881595, 28.032472 ], [ 100.0928561, 28.0310379 ], [ 100.1139263, 28.0246015 ], [ 100.1195498, 28.022049 ], [ 100.1214415, 28.0205798 ], [ 100.1264308, 28.0146276 ], [ 100.1361476, 28.0 ], [ 100.1409121, 27.9955431 ], [ 100.1411719, 27.9953431 ], [ 100.1414323, 27.9951902 ], [ 100.1416761, 27.9951473 ], [ 100.1421432, 27.9951341 ], [ 100.1434844, 27.9950981 ], [ 100.1507863, 27.987033 ], [ 100.1627204, 27.9740501 ], [ 100.1774326, 27.96038 ], [ 100.1778117, 27.9600941 ], [ 100.1782974, 27.9598544 ], [ 100.1788925, 27.9595855 ], [ 100.1798999, 27.9591623 ], [ 100.1811469, 27.9586428 ], [ 100.1814855, 27.9585395 ], [ 100.1817926, 27.9584709 ], [ 100.1822699, 27.9584355 ], [ 100.1828505, 27.958462 ], [ 100.1833456, 27.9584327 ], [ 100.1837304, 27.9583478 ], [ 100.1840756, 27.9582097 ], [ 100.1857012, 27.957043 ], [ 100.185968, 27.9568491 ], [ 100.1862051, 27.9566396 ], [ 100.1863778, 27.9564623 ], [ 100.1882363, 27.9536221 ], [ 100.1907484, 27.9497333 ], [ 100.1908763, 27.9494589 ], [ 100.1941636, 27.9417492 ], [ 100.1930413, 27.9374859 ], [ 100.1927041, 27.9377055 ], [ 100.1926204, 27.9377572 ], [ 100.1925556, 27.9377377 ], [ 100.1923882, 27.9376844 ], [ 100.1911058, 27.93681 ], [ 100.1907843, 27.9365114 ], [ 100.1813168, 27.9262119 ], [ 100.1722451, 27.9147446 ], [ 100.1719364, 27.9143036 ], [ 100.1675565, 27.9058337 ], [ 100.1671305, 27.9045835 ], [ 100.1670512, 27.9042755 ], [ 100.1669917, 27.9037938 ], [ 100.1669657, 27.9032968 ], [ 100.1669508, 27.9030128 ], [ 100.1669507, 27.9030032 ], [ 100.1670251, 27.9028579 ], [ 100.1682406, 27.9007932 ], [ 100.1684874, 27.900521 ], [ 100.1687567, 27.9003258 ], [ 100.1700985, 27.8999093 ], [ 100.1707378, 27.8997978 ], [ 100.1725686, 27.8998348 ], [ 100.1737803, 27.9001071 ], [ 100.1759418, 27.901011 ], [ 100.1767611, 27.9014992 ], [ 100.177639, 27.9018947 ], [ 100.1783468, 27.9020976 ], [ 100.178935, 27.9021224 ], [ 100.179691, 27.902116 ], [ 100.180261, 27.9020066 ], [ 100.1808292, 27.9017331 ], [ 100.1998887, 27.8878207 ], [ 100.2005923, 27.8872344 ], [ 100.203481, 27.8847408 ], [ 100.2051435, 27.8827107 ], [ 100.2054557, 27.8821805 ], [ 100.2058136, 27.8819512 ], [ 100.2064263, 27.8817575 ], [ 100.2101678, 27.8807262 ], [ 100.2105493, 27.880704 ], [ 100.2105705, 27.8807038 ], [ 100.2121651, 27.8811043 ], [ 100.2139301, 27.8815598 ], [ 100.2214437, 27.882247 ], [ 100.2214649, 27.8822468 ], [ 100.2214861, 27.8822467 ], [ 100.2217193, 27.8822446 ], [ 100.2219517, 27.8821672 ], [ 100.2264164, 27.8794711 ], [ 100.2271934, 27.8788048 ], [ 100.2302546, 27.8757631 ], [ 100.231341, 27.8743403 ], [ 100.2318195, 27.8735259 ], [ 100.2322165, 27.8730137 ], [ 100.2324264, 27.8728234 ], [ 100.2326161, 27.8727275 ], [ 100.2326797, 27.872727 ], [ 100.2394009, 27.8727609 ], [ 100.2612937, 27.8703012 ], [ 100.2632808, 27.8715323 ], [ 100.264324, 27.8721672 ], [ 100.2652358, 27.872637 ], [ 100.2657195, 27.8728702 ], [ 100.2671295, 27.8734728 ], [ 100.2673742, 27.8735335 ], [ 100.2678172, 27.8735876 ], [ 100.2712842, 27.8737215 ], [ 100.2718814, 27.8737264 ], [ 100.2722955, 27.8737187 ], [ 100.2725847, 27.8735751 ], [ 100.2762327, 27.8714542 ], [ 100.2765673, 27.8712377 ], [ 100.2872785, 27.8705392 ], [ 100.2937655, 27.8724682 ], [ 100.2940333, 27.8724713 ], [ 100.2943949, 27.872409 ], [ 100.2946071, 27.8723488 ], [ 100.2949653, 27.8721562 ], [ 100.306224, 27.8658677 ], [ 100.3063065, 27.8657841 ], [ 100.3064772, 27.8654618 ], [ 100.3079114, 27.8623239 ], [ 100.30796, 27.8619611 ], [ 100.3079039, 27.8616982 ], [ 100.3059683, 27.8595594 ], [ 100.3034556, 27.856341 ], [ 100.3015764, 27.8516135 ], [ 100.3012719, 27.8507571 ], [ 100.3012616, 27.8506218 ], [ 100.3012891, 27.8501847 ], [ 100.3013522, 27.8499803 ], [ 100.3014801, 27.8497171 ], [ 100.301658, 27.8495261 ], [ 100.3018295, 27.8494093 ], [ 100.3053324, 27.8472201 ], [ 100.3071416, 27.837045 ], [ 100.3071462, 27.8370098 ], [ 100.3071112, 27.8363654 ], [ 100.3070511, 27.8358526 ], [ 100.3069376, 27.8351984 ], [ 100.3068517, 27.8349645 ], [ 100.30604, 27.8334843 ], [ 100.3059161, 27.833369 ], [ 100.2936799, 27.8239957 ], [ 100.2936229, 27.8239537 ], [ 100.293379, 27.8238412 ], [ 100.2924589, 27.8237208 ], [ 100.2921451, 27.8236781 ], [ 100.2919284, 27.8236093 ], [ 100.2915103, 27.8234291 ], [ 100.288944, 27.8219393 ], [ 100.2885617, 27.8216376 ], [ 100.2882771, 27.8213618 ], [ 100.2881265, 27.8211784 ], [ 100.287842, 27.8206404 ], [ 100.2875068, 27.8198347 ], [ 100.2856654, 27.8137591 ], [ 100.285389, 27.812528 ], [ 100.2853763, 27.8123534 ], [ 100.2856432, 27.8078574 ], [ 100.2856692, 27.8076273 ], [ 100.2857695, 27.8072006 ], [ 100.2859742, 27.8066877 ], [ 100.2862269, 27.8061915 ], [ 100.2864906, 27.8058144 ], [ 100.2880359, 27.8036711 ], [ 100.2919416, 27.7986873 ], [ 100.2921304, 27.7984641 ], [ 100.2924713, 27.7981373 ], [ 100.2927472, 27.79799 ], [ 100.2955224, 27.7971559 ], [ 100.2958013, 27.7972026 ], [ 100.2959736, 27.7972403 ], [ 100.2961856, 27.7973045 ], [ 100.296902, 27.79753 ], [ 100.2970726, 27.797588 ], [ 100.2972947, 27.7976863 ], [ 100.2974443, 27.7977571 ], [ 100.2975814, 27.7978452 ], [ 100.2977124, 27.7979164 ], [ 100.300494, 27.7971765 ], [ 100.3008568, 27.7970794 ], [ 100.3014579, 27.7969034 ], [ 100.3020397, 27.7967021 ], [ 100.3024971, 27.7965189 ], [ 100.3029539, 27.7962762 ], [ 100.303305, 27.7960089 ], [ 100.3036461, 27.7957077 ], [ 100.3039018, 27.7954668 ], [ 100.3040427, 27.7952441 ], [ 100.3042189, 27.7947571 ], [ 100.3043288, 27.7943388 ], [ 100.3043891, 27.7937762 ], [ 100.3046752, 27.7864673 ], [ 100.3029689, 27.7721842 ], [ 100.304791, 27.767396 ], [ 100.3048469, 27.7672157 ], [ 100.3063023, 27.756759 ], [ 100.3063168, 27.7563756 ], [ 100.3062999, 27.7561586 ], [ 100.306058, 27.7543317 ], [ 100.3060404, 27.7542001 ], [ 100.3049064, 27.7497697 ], [ 100.303487, 27.7457329 ], [ 100.3024152, 27.7400134 ], [ 100.3024295, 27.7399921 ], [ 100.3104427, 27.7280371 ], [ 100.3108842, 27.7274426 ], [ 100.3113997, 27.7268783 ], [ 100.3116541, 27.7266663 ], [ 100.3122905, 27.7261948 ], [ 100.3126652, 27.7259385 ], [ 100.3135021, 27.7255473 ], [ 100.3147831, 27.7250097 ], [ 100.3177365, 27.7243232 ], [ 100.3181998, 27.7242333 ], [ 100.3243425, 27.7239182 ], [ 100.3261548, 27.7239979 ], [ 100.3269594, 27.724064 ], [ 100.3283979, 27.7243882 ], [ 100.3292326, 27.7246501 ], [ 100.3296097, 27.7247946 ], [ 100.3351224, 27.7278913 ], [ 100.3368545, 27.7294836 ], [ 100.3371978, 27.7298328 ], [ 100.3395701, 27.7325233 ], [ 100.3398368, 27.7328425 ], [ 100.341532, 27.7351742 ], [ 100.3428852, 27.7375114 ], [ 100.3431117, 27.7379135 ], [ 100.3431899, 27.7381239 ], [ 100.3432361, 27.738335 ], [ 100.343315, 27.7391787 ], [ 100.3433232, 27.740019 ], [ 100.343321, 27.7402369 ], [ 100.3432883, 27.7404588 ], [ 100.3431021, 27.7407714 ], [ 100.3430745, 27.741616 ], [ 100.3430828, 27.7428768 ], [ 100.3432445, 27.7449383 ], [ 100.3439987, 27.7482798 ], [ 100.3442173, 27.7488596 ], [ 100.3486237, 27.7583089 ], [ 100.3494903, 27.7593935 ], [ 100.3509675, 27.7602378 ], [ 100.3559499, 27.7620354 ], [ 100.3563284, 27.7621716 ], [ 100.3571032, 27.7623895 ], [ 100.3588954, 27.7627508 ], [ 100.3590983, 27.762774 ], [ 100.3594995, 27.7627645 ], [ 100.3617098, 27.7623164 ], [ 100.3626471, 27.7619938 ], [ 100.3636056, 27.7614121 ], [ 100.364318, 27.7608767 ], [ 100.3651135, 27.7602464 ], [ 100.3657456, 27.7598758 ], [ 100.3701711, 27.7586253 ], [ 100.3707474, 27.7584665 ], [ 100.3725184, 27.7580883 ], [ 100.3749364, 27.7575995 ], [ 100.3749365, 27.7576 ], [ 100.3773504, 27.7694718 ], [ 100.3778936, 27.7725706 ], [ 100.3778867, 27.773295 ], [ 100.3777657, 27.7740122 ], [ 100.3774113, 27.7754411 ], [ 100.3772755, 27.7758485 ], [ 100.3811388, 27.7828434 ], [ 100.3869807, 27.7868739 ], [ 100.3878213, 27.7875035 ], [ 100.3906553, 27.7900025 ], [ 100.3913994, 27.7907242 ], [ 100.4046583, 27.8075927 ], [ 100.404832, 27.8078224 ], [ 100.4099446, 27.8185665 ], [ 100.4106127, 27.8200778 ], [ 100.4117509, 27.8234688 ], [ 100.4118133, 27.8236662 ], [ 100.4118224, 27.8237178 ], [ 100.4118222, 27.8237657 ], [ 100.4118071, 27.8240838 ], [ 100.4118019, 27.8241026 ], [ 100.4116897, 27.8243481 ], [ 100.4116555, 27.8243969 ], [ 100.4115791, 27.8244969 ], [ 100.4112848, 27.8248095 ], [ 100.4103003, 27.8259136 ], [ 100.4101349, 27.8261666 ], [ 100.4100259, 27.8264269 ], [ 100.4098201, 27.8292735 ], [ 100.4097706, 27.8309227 ], [ 100.4097663, 27.8311419 ], [ 100.4097692, 27.8313674 ], [ 100.410145, 27.8361549 ], [ 100.41022, 27.8368237 ], [ 100.410415, 27.8375455 ], [ 100.4132561, 27.8436874 ], [ 100.4133724, 27.8438759 ], [ 100.4136205, 27.8441811 ], [ 100.4140258, 27.8445331 ], [ 100.4147092, 27.8449392 ], [ 100.4201179, 27.8474033 ], [ 100.4203513, 27.847482 ], [ 100.4206114, 27.8475234 ], [ 100.4207943, 27.8475439 ], [ 100.4213748, 27.8475075 ], [ 100.4214504, 27.8475108 ], [ 100.4220362, 27.8476797 ], [ 100.42244, 27.8479158 ], [ 100.4286689, 27.8526062 ], [ 100.4288981, 27.852901 ], [ 100.4291096, 27.8532993 ], [ 100.429773, 27.8552472 ], [ 100.4316158, 27.8608607 ], [ 100.431734, 27.8612831 ], [ 100.4317121, 27.861688 ], [ 100.4316663, 27.8619941 ], [ 100.4311094, 27.8636501 ], [ 100.43095, 27.8639763 ], [ 100.4308297, 27.864201 ], [ 100.4305329, 27.8645329 ], [ 100.430237, 27.864788 ], [ 100.4290584, 27.8656631 ], [ 100.4287792, 27.8658936 ], [ 100.4285697, 27.8661047 ], [ 100.4288845, 27.866694 ], [ 100.4291444, 27.8671033 ], [ 100.4294113, 27.867359 ], [ 100.4296868, 27.8675662 ], [ 100.4300341, 27.867716 ], [ 100.4303904, 27.8678497 ], [ 100.4314222, 27.8682025 ], [ 100.4320425, 27.8683401 ], [ 100.4337126, 27.8686411 ], [ 100.4349641, 27.8687759 ], [ 100.4362381, 27.8689104 ], [ 100.4380366, 27.8689356 ], [ 100.4387939, 27.8689209 ], [ 100.4421411, 27.8687551 ], [ 100.4480749, 27.8682064 ], [ 100.4489731, 27.8680838 ], [ 100.4691399, 27.8637832 ], [ 100.4692411, 27.8637549 ], [ 100.4768229, 27.8612531 ], [ 100.4778651, 27.8607128 ], [ 100.4785174, 27.8603648 ], [ 100.4799022, 27.8593937 ], [ 100.4811164, 27.8585302 ], [ 100.481809, 27.8579121 ], [ 100.4818808, 27.857845 ], [ 100.4819255, 27.8577339 ], [ 100.4835446, 27.855624 ], [ 100.485571, 27.8535989 ], [ 100.48576, 27.8534676 ], [ 100.4876322, 27.8522598 ], [ 100.493458, 27.8486491 ], [ 100.4936709, 27.8486048 ], [ 100.4938327, 27.848607 ], [ 100.4939814, 27.8486374 ], [ 100.4941013, 27.848694 ], [ 100.4944396, 27.8491078 ], [ 100.4950844, 27.8502434 ], [ 100.4957574, 27.8514146 ], [ 100.4959132, 27.8516807 ], [ 100.4963455, 27.8520675 ], [ 100.4977182, 27.8526356 ], [ 100.5029799, 27.8547911 ], [ 100.503303, 27.854892 ], [ 100.5035259, 27.8549006 ], [ 100.5037609, 27.8548925 ], [ 100.5039277, 27.8548742 ], [ 100.5042476, 27.8547443 ], [ 100.5055384, 27.8534304 ], [ 100.5080867, 27.8399872 ], [ 100.5081587, 27.8395068 ], [ 100.5089752, 27.8321198 ], [ 100.5089289, 27.8313781 ], [ 100.5089831, 27.8306241 ], [ 100.5091957, 27.8302415 ], [ 100.5096945, 27.8295329 ], [ 100.5099001, 27.8293351 ], [ 100.5170322, 27.8243652 ], [ 100.5174809, 27.8241306 ], [ 100.5179099, 27.8240391 ], [ 100.5196331, 27.8239347 ], [ 100.5204932, 27.8242696 ], [ 100.5213022, 27.824596 ], [ 100.5222524, 27.8250693 ], [ 100.5240178, 27.826026 ], [ 100.5267342, 27.8276219 ], [ 100.5306714, 27.8282032 ], [ 100.531266, 27.8282686 ], [ 100.5318457, 27.8282381 ], [ 100.532424, 27.8280998 ], [ 100.5330182, 27.8278759 ], [ 100.5359371, 27.8263813 ], [ 100.5364891, 27.8258782 ], [ 100.5389623, 27.8229293 ], [ 100.5392532, 27.8225062 ], [ 100.5393047, 27.8223978 ], [ 100.5402191, 27.8194948 ], [ 100.5405041, 27.8182083 ], [ 100.5406671, 27.8172646 ], [ 100.5407481, 27.8162125 ], [ 100.5408238, 27.8156364 ], [ 100.5409921, 27.8148284 ], [ 100.5415639, 27.814023 ], [ 100.5423118, 27.8132512 ], [ 100.5430792, 27.8127277 ], [ 100.5437617, 27.8124111 ], [ 100.5439338, 27.81237 ], [ 100.5445297, 27.8122792 ], [ 100.5448399, 27.812257 ], [ 100.5453889, 27.8123184 ], [ 100.5526613, 27.8175563 ], [ 100.5527658, 27.8177434 ], [ 100.5528398, 27.8181704 ], [ 100.5529123, 27.8187751 ], [ 100.5529738, 27.8204328 ], [ 100.5533013, 27.8228119 ], [ 100.5533483, 27.823028 ], [ 100.5536397, 27.8235787 ], [ 100.5551403, 27.8257315 ], [ 100.5555483, 27.8261921 ], [ 100.5561594, 27.8267498 ], [ 100.5565656, 27.8270601 ], [ 100.5568213, 27.827219 ], [ 100.5576877, 27.8276105 ], [ 100.5585328, 27.8279197 ], [ 100.5723827, 27.8364542 ], [ 100.5817488, 27.8437397 ], [ 100.5920197, 27.8516592 ], [ 100.592808, 27.8521684 ], [ 100.5941533, 27.8528844 ], [ 100.6016376, 27.8568294 ], [ 100.6039804, 27.8577237 ], [ 100.6055832, 27.8587475 ], [ 100.6062329, 27.8592958 ], [ 100.6067333, 27.8599015 ], [ 100.6091849, 27.8636393 ], [ 100.6094112, 27.8641965 ], [ 100.6100549, 27.8684032 ], [ 100.6100864, 27.8687772 ], [ 100.6100882, 27.8688981 ], [ 100.6100246, 27.8692041 ], [ 100.6098672, 27.869733 ], [ 100.609297, 27.8706208 ], [ 100.6083105, 27.871623 ], [ 100.6077143, 27.8725083 ], [ 100.6073746, 27.8732034 ], [ 100.6073131, 27.8738693 ], [ 100.6071851, 27.8761718 ], [ 100.6071607, 27.8773758 ], [ 100.6072193, 27.8784867 ], [ 100.6072976, 27.8791856 ], [ 100.6075389, 27.8798351 ], [ 100.6078063, 27.8803082 ], [ 100.6194139, 27.899352 ], [ 100.6226779, 27.9045577 ], [ 100.6229382, 27.9047303 ], [ 100.6253366, 27.9058942 ], [ 100.6266749, 27.9065177 ], [ 100.6280743, 27.9073162 ], [ 100.6292895, 27.9081485 ], [ 100.6295141, 27.9083215 ], [ 100.6297817, 27.9086581 ], [ 100.6308888, 27.9101118 ], [ 100.6315107, 27.9110019 ], [ 100.6319324, 27.9116679 ], [ 100.632242, 27.9128536 ], [ 100.6324011, 27.9137358 ], [ 100.6323222, 27.9143069 ], [ 100.6319432, 27.9151955 ], [ 100.6316747, 27.9156652 ], [ 100.6316449, 27.9160514 ], [ 100.6318389, 27.9168814 ], [ 100.6320309, 27.9175789 ], [ 100.6322115, 27.9180436 ], [ 100.6323352, 27.9181973 ], [ 100.6325329, 27.91833 ], [ 100.6328707, 27.918453 ], [ 100.63347, 27.918636 ], [ 100.6342702, 27.9188108 ], [ 100.6356094, 27.9189389 ], [ 100.6370151, 27.9188459 ], [ 100.643668, 27.9180121 ], [ 100.6475071, 27.9173054 ], [ 100.6482843, 27.9170283 ], [ 100.648972, 27.9166313 ], [ 100.6493447, 27.916192 ], [ 100.649709, 27.9154187 ], [ 100.6503161, 27.9141991 ], [ 100.6511899, 27.9128178 ], [ 100.6515613, 27.9125081 ], [ 100.6519355, 27.9123913 ], [ 100.6520824, 27.9124558 ], [ 100.653928, 27.9142248 ], [ 100.6561036, 27.9168049 ], [ 100.6569063, 27.9177772 ], [ 100.6577607, 27.9191693 ], [ 100.6584392, 27.92029 ], [ 100.6590677, 27.9211118 ], [ 100.6596306, 27.9215957 ], [ 100.6599678, 27.9218828 ], [ 100.6604132, 27.9220675 ], [ 100.6644331, 27.923325 ], [ 100.6653297, 27.9235431 ], [ 100.6780813, 27.9266078 ], [ 100.6782956, 27.9266282 ], [ 100.6783808, 27.9265854 ], [ 100.6785431, 27.9264029 ], [ 100.6895341, 27.9126264 ], [ 100.6897103, 27.9122816 ], [ 100.6907614, 27.9087871 ], [ 100.6923334, 27.9031495 ], [ 100.6996663, 27.8935504 ], [ 100.7002371, 27.8935692 ], [ 100.7009993, 27.8934994 ], [ 100.7016694, 27.8933428 ], [ 100.7021168, 27.8931429 ], [ 100.7023928, 27.8929682 ], [ 100.7024637, 27.892861 ], [ 100.7025066, 27.8926803 ], [ 100.7027387, 27.8915658 ], [ 100.7028654, 27.8903433 ], [ 100.7032372, 27.8853798 ], [ 100.7032326, 27.8848154 ], [ 100.7032187, 27.8845795 ], [ 100.703123, 27.884333 ], [ 100.7022807, 27.882797 ], [ 100.7020563, 27.8824384 ], [ 100.7017616, 27.8819818 ], [ 100.6987385, 27.8776169 ], [ 100.6978384, 27.8764185 ], [ 100.6976904, 27.8762821 ], [ 100.6992632, 27.872646 ], [ 100.6994453, 27.8722375 ], [ 100.6998138, 27.8717607 ], [ 100.7001819, 27.8714026 ], [ 100.7064799, 27.8676482 ], [ 100.7096622, 27.8663172 ], [ 100.7192799, 27.8616171 ], [ 100.7193595, 27.8615776 ], [ 100.719414, 27.8614117 ], [ 100.719407, 27.8609435 ], [ 100.7151696, 27.8518373 ], [ 100.7149576, 27.8514354 ], [ 100.7115817, 27.8469072 ], [ 100.7113552, 27.8467171 ], [ 100.711104, 27.8466079 ], [ 100.7109676, 27.8465865 ], [ 100.71077, 27.846589 ], [ 100.710473, 27.8466531 ], [ 100.709891, 27.8467295 ], [ 100.7094956, 27.8467171 ], [ 100.7093936, 27.8466842 ], [ 100.7081731, 27.8460567 ], [ 100.7071683, 27.8452795 ], [ 100.7065976, 27.8447099 ], [ 100.7060732, 27.8441449 ], [ 100.7057703, 27.8436647 ], [ 100.7057012, 27.8431615 ], [ 100.7056318, 27.842454 ], [ 100.7058525, 27.8385434 ], [ 100.7048047, 27.8323813 ], [ 100.7032602, 27.8259274 ], [ 100.7031862, 27.8256386 ], [ 100.7030011, 27.8253165 ], [ 100.7018289, 27.8241377 ], [ 100.7013606, 27.8196436 ], [ 100.7021532, 27.8162867 ], [ 100.7047944, 27.8055924 ], [ 100.7048163, 27.8055087 ], [ 100.7049091, 27.8053191 ], [ 100.7075966, 27.8015968 ], [ 100.707747, 27.8014025 ], [ 100.707844, 27.8013308 ], [ 100.7080759, 27.8012329 ], [ 100.7083489, 27.8011573 ], [ 100.7085418, 27.8011432 ], [ 100.7186782, 27.7954922 ], [ 100.72563, 27.7909688 ], [ 100.7336456, 27.782161 ], [ 100.7434513, 27.777572 ], [ 100.7441416, 27.777456 ], [ 100.7450298, 27.7772527 ], [ 100.7481713, 27.7765029 ], [ 100.7484779, 27.7763483 ], [ 100.754339, 27.7730616 ], [ 100.7548518, 27.7726145 ], [ 100.7574474, 27.7678538 ], [ 100.7700698, 27.7510406 ], [ 100.7725168, 27.746741 ], [ 100.7739584, 27.7434094 ], [ 100.7741967, 27.7428336 ], [ 100.7743821, 27.7422356 ], [ 100.7744353, 27.7416673 ], [ 100.7744822, 27.7410276 ], [ 100.7749404, 27.7349464 ], [ 100.7767102, 27.7185338 ], [ 100.7786824, 27.701207 ], [ 100.7788555, 27.6997709 ], [ 100.7789523, 27.6993813 ], [ 100.7791442, 27.6989474 ], [ 100.7803999, 27.696724 ], [ 100.7806337, 27.6963258 ], [ 100.7816877, 27.6948543 ], [ 100.7840548, 27.6919636 ], [ 100.7858564, 27.6899707 ], [ 100.7862259, 27.6895827 ], [ 100.7892726, 27.6865429 ], [ 100.7895097, 27.6864904 ], [ 100.7916097, 27.6863361 ], [ 100.7923785, 27.6862838 ], [ 100.7941473, 27.6861726 ], [ 100.7960806, 27.6861475 ], [ 100.7992483, 27.6862229 ], [ 100.801098, 27.6862907 ], [ 100.8042986, 27.6864488 ], [ 100.8081414, 27.686658 ], [ 100.8096602, 27.6868642 ], [ 100.8102731, 27.6869833 ], [ 100.8113099, 27.6873155 ], [ 100.811932, 27.6875054 ], [ 100.8133404, 27.6877553 ], [ 100.8141748, 27.6878362 ], [ 100.8147147, 27.6878574 ], [ 100.8260688, 27.6869383 ], [ 100.8276273, 27.686764 ], [ 100.8287214, 27.6866209 ], [ 100.8293576, 27.6865282 ], [ 100.8308025, 27.6862897 ], [ 100.8311021, 27.6861798 ], [ 100.8344423, 27.6847641 ], [ 100.8366278, 27.683788 ], [ 100.8381109, 27.6830763 ], [ 100.8406202, 27.6817476 ], [ 100.8413087, 27.6813761 ], [ 100.841978, 27.6808716 ], [ 100.843972, 27.678889 ], [ 100.8454884, 27.6772644 ], [ 100.847223, 27.6751674 ], [ 100.8472695, 27.6749799 ], [ 100.8472962, 27.6747452 ], [ 100.8472936, 27.6745873 ], [ 100.8472922, 27.6745041 ], [ 100.8472576, 27.67426 ], [ 100.8471117, 27.6739766 ], [ 100.8470303, 27.6738961 ], [ 100.8448901, 27.672063 ], [ 100.8441974, 27.671488 ], [ 100.8428952, 27.6704561 ], [ 100.8427468, 27.6703499 ], [ 100.8423464, 27.6703057 ], [ 100.8419973, 27.6703014 ], [ 100.840032, 27.6694403 ], [ 100.839889, 27.6693335 ], [ 100.8386914, 27.6684254 ], [ 100.8385407, 27.6683085 ], [ 100.8333269, 27.6641413 ], [ 100.8317342, 27.6626763 ], [ 100.8311111, 27.661915 ], [ 100.831096, 27.6618521 ], [ 100.8308333, 27.6605877 ], [ 100.8307877, 27.6603684 ], [ 100.8304881, 27.6584806 ], [ 100.8305064, 27.6574607 ], [ 100.8306724, 27.6542174 ], [ 100.8309199, 27.6537876 ], [ 100.830958, 27.6537422 ], [ 100.8325791, 27.6526908 ], [ 100.8357454, 27.6507004 ], [ 100.8367199, 27.6503006 ], [ 100.8373454, 27.6501092 ], [ 100.8375276, 27.6500837 ], [ 100.8393996, 27.6498449 ], [ 100.8397505, 27.6498452 ], [ 100.8408484, 27.6498716 ], [ 100.8414236, 27.6499033 ], [ 100.8416584, 27.649919 ], [ 100.842005, 27.6499555 ], [ 100.8429158, 27.6500563 ], [ 100.8432029, 27.6500936 ], [ 100.8434729, 27.6501482 ], [ 100.8437334, 27.6502132 ], [ 100.8439538, 27.6502873 ], [ 100.8442344, 27.6504016 ], [ 100.8444796, 27.6504651 ], [ 100.8447707, 27.6505212 ], [ 100.8451261, 27.6505062 ], [ 100.8454656, 27.6504623 ], [ 100.8464653, 27.6502453 ], [ 100.8467575, 27.6501319 ], [ 100.8472421, 27.6499132 ], [ 100.8475048, 27.6497591 ], [ 100.8479906, 27.6493813 ], [ 100.8495113, 27.6481339 ], [ 100.8502184, 27.647546 ], [ 100.8503788, 27.6473625 ], [ 100.8505815, 27.647074 ], [ 100.8506601, 27.6469429 ], [ 100.8506873, 27.6467286 ], [ 100.8506713, 27.6463488 ], [ 100.85059, 27.6460864 ], [ 100.8505213, 27.6458836 ], [ 100.850381, 27.645651 ], [ 100.8502133, 27.6453948 ], [ 100.8500261, 27.6451167 ], [ 100.8495439, 27.6445566 ], [ 100.8493253, 27.6443524 ], [ 100.849078, 27.6441606 ], [ 100.8488056, 27.6439606 ], [ 100.8485745, 27.6438182 ], [ 100.8449637, 27.6422455 ], [ 100.8408306, 27.6404572 ], [ 100.8405532, 27.6403069 ], [ 100.8403067, 27.6401561 ], [ 100.8400479, 27.6399696 ], [ 100.8395808, 27.639613 ], [ 100.8393645, 27.6394344 ], [ 100.8392542, 27.6392733 ], [ 100.8325049, 27.629301 ], [ 100.825812, 27.6177395 ], [ 100.8257918, 27.6175716 ], [ 100.8258464, 27.617493 ], [ 100.8313608, 27.6160595 ], [ 100.8318573, 27.6160021 ], [ 100.8322511, 27.6160416 ], [ 100.8430049, 27.6195895 ], [ 100.8448806, 27.6237953 ], [ 100.8449301, 27.6249481 ], [ 100.8449759, 27.6251859 ], [ 100.8451777, 27.6257495 ], [ 100.8453397, 27.6259336 ], [ 100.8457105, 27.6262509 ], [ 100.8460339, 27.6264235 ], [ 100.8469971, 27.6266709 ], [ 100.848527, 27.6269416 ], [ 100.8517984, 27.6274717 ], [ 100.8524422, 27.6274556 ], [ 100.853932, 27.6273433 ], [ 100.8542289, 27.6272769 ], [ 100.8543085, 27.627238 ], [ 100.8543648, 27.6270447 ], [ 100.8544293, 27.6261014 ], [ 100.8544872, 27.6204633 ], [ 100.8544825, 27.620319 ], [ 100.8544745, 27.6201916 ], [ 100.8544553, 27.6198883 ], [ 100.8538039, 27.6098848 ], [ 100.8525345, 27.6043926 ], [ 100.8531363, 27.5999715 ], [ 100.8536232, 27.5997021 ], [ 100.8538728, 27.5996242 ], [ 100.8565809, 27.5993791 ], [ 100.8575275, 27.5993977 ], [ 100.8590373, 27.5995648 ], [ 100.8600009, 27.5995519 ], [ 100.8606829, 27.5994647 ], [ 100.8608976, 27.5993565 ], [ 100.8610932, 27.5991863 ], [ 100.8777952, 27.5804538 ], [ 100.8785686, 27.5795691 ], [ 100.8788939, 27.5791276 ], [ 100.8814399, 27.5753464 ], [ 100.8821402, 27.5742909 ], [ 100.882772, 27.5733301 ], [ 100.8869006, 27.5640411 ], [ 100.8875424, 27.5610826 ], [ 100.8875494, 27.5610481 ], [ 100.8875706, 27.5608569 ], [ 100.8875779, 27.5607329 ], [ 100.8873315, 27.5595123 ], [ 100.8873107, 27.5594506 ], [ 100.8988512, 27.539162 ], [ 100.8992416, 27.5385416 ], [ 100.9002194, 27.5370044 ], [ 100.9004103, 27.5367165 ], [ 100.9005474, 27.5365511 ], [ 100.9028394, 27.5344482 ], [ 100.9030897, 27.5342399 ], [ 100.9034428, 27.5339621 ], [ 100.9048567, 27.5329424 ], [ 100.9057743, 27.5323936 ], [ 100.9059827, 27.5322563 ], [ 100.9061241, 27.5321598 ], [ 100.9065362, 27.5316239 ], [ 100.9066371, 27.5314918 ], [ 100.9087163, 27.5281476 ], [ 100.9090262, 27.5275286 ], [ 100.9098191, 27.5258066 ], [ 100.91238, 27.5202245 ], [ 100.9125806, 27.5196809 ], [ 100.912643, 27.5192432 ], [ 100.9127126, 27.518736 ], [ 100.91272, 27.5186489 ], [ 100.9127164, 27.5184432 ], [ 100.90913, 27.5010841 ], [ 100.9075487, 27.4962613 ], [ 100.9075273, 27.4962037 ], [ 100.9074238, 27.4959619 ], [ 100.9073833, 27.495878 ], [ 100.9073436, 27.4958117 ], [ 100.9072995, 27.4957485 ], [ 100.9071618, 27.4955513 ], [ 100.9071022, 27.4954704 ], [ 100.9070412, 27.4953949 ], [ 100.9069687, 27.4953126 ], [ 100.9064345, 27.4947391 ], [ 100.906371, 27.4946748 ], [ 100.9027548, 27.483088 ], [ 100.9003071, 27.4621379 ], [ 100.8998261, 27.4577519 ], [ 100.8998397, 27.4575308 ], [ 100.8999117, 27.4573887 ], [ 100.9002431, 27.4572016 ], [ 100.9005373, 27.4571097 ], [ 100.9007381, 27.4570784 ], [ 100.9009251, 27.4571441 ], [ 100.9011077, 27.4572221 ], [ 100.9057715, 27.4594516 ], [ 100.9059428, 27.4595536 ], [ 100.9059765, 27.4595751 ], [ 100.9060316, 27.4596101 ], [ 100.9102514, 27.4626434 ], [ 100.9109808, 27.4632363 ], [ 100.911216, 27.4634808 ], [ 100.9112311, 27.4635013 ], [ 100.9113737, 27.4643295 ], [ 100.9127116, 27.4672162 ], [ 100.9146779, 27.4710888 ], [ 100.9152992, 27.4720416 ], [ 100.9154194, 27.4722111 ], [ 100.9155391, 27.4723586 ], [ 100.9162391, 27.4731871 ], [ 100.9164138, 27.4733798 ], [ 100.916537, 27.4734983 ], [ 100.9166699, 27.4736067 ], [ 100.9168085, 27.4736976 ], [ 100.9169045, 27.47375 ], [ 100.9171055, 27.4738429 ], [ 100.9171167, 27.4738473 ], [ 100.9201912, 27.4749724 ], [ 100.9205433, 27.4750754 ], [ 100.9207831, 27.47513 ], [ 100.9210253, 27.4751753 ], [ 100.9213736, 27.4752271 ], [ 100.9217238, 27.4752646 ], [ 100.9225643, 27.4753008 ], [ 100.922833, 27.4752956 ], [ 100.9231002, 27.4752773 ], [ 100.9233639, 27.4752415 ], [ 100.9355651, 27.4728249 ], [ 100.9457513, 27.4623373 ], [ 100.9459008, 27.4621006 ], [ 100.9540585, 27.4488684 ], [ 100.9555081, 27.4457147 ], [ 100.9557233, 27.4451091 ], [ 100.9558221, 27.4444691 ], [ 100.9537343, 27.4386773 ], [ 100.953284, 27.4376305 ], [ 100.9528233, 27.436989 ], [ 100.9523393, 27.4365941 ], [ 100.9522083, 27.4365257 ], [ 100.9517259, 27.4362963 ], [ 100.9512484, 27.435997 ], [ 100.9510039, 27.4357955 ], [ 100.9507959, 27.4356229 ], [ 100.9504968, 27.4353469 ], [ 100.9502918, 27.4351379 ], [ 100.9502121, 27.4350436 ], [ 100.9496252, 27.4343139 ], [ 100.949583, 27.4341435 ], [ 100.9495627, 27.433925 ], [ 100.9495971, 27.4336524 ], [ 100.9497015, 27.4333788 ], [ 100.9620148, 27.4058366 ], [ 100.9628851, 27.4045659 ], [ 100.9632437, 27.4042441 ], [ 100.9636529, 27.4039495 ], [ 100.9640413, 27.4037483 ], [ 100.9670045, 27.4023379 ], [ 100.9672823, 27.4022293 ], [ 100.9801331, 27.3861085 ], [ 100.9826612, 27.38325 ], [ 100.9828867, 27.3830504 ], [ 100.9831754, 27.3829572 ], [ 100.9836636, 27.3828652 ], [ 100.984034, 27.3827749 ], [ 100.9843439, 27.3826005 ], [ 100.9849299, 27.3821406 ], [ 100.9856268, 27.3815354 ], [ 100.9905333, 27.3767456 ], [ 100.9924263, 27.3745329 ], [ 100.9926069, 27.3741495 ], [ 100.9951662, 27.3679464 ], [ 100.9953116, 27.3674412 ], [ 100.9956927, 27.3657713 ], [ 100.9957317, 27.3651302 ], [ 100.9957598, 27.3637946 ], [ 100.9954984, 27.3622727 ], [ 100.9953988, 27.3619725 ], [ 100.9953437, 27.3614614 ], [ 100.9955165, 27.3602883 ], [ 100.9955371, 27.3602066 ], [ 100.9969269, 27.3566653 ], [ 100.997214, 27.3562758 ], [ 100.9973873, 27.356047 ], [ 101.0004544, 27.353725 ], [ 101.0008173, 27.3534709 ], [ 101.0043121, 27.3511589 ], [ 101.0055802, 27.3505205 ], [ 101.0065608, 27.3501981 ], [ 101.0092702, 27.3495522 ], [ 101.0095232, 27.3495255 ], [ 101.0097821, 27.3495403 ], [ 101.0100285, 27.3495783 ], [ 101.0103746, 27.3496957 ], [ 101.0107786, 27.3497255 ], [ 101.0108023, 27.3497254 ], [ 101.0113247, 27.3497067 ], [ 101.0121347, 27.3494879 ], [ 101.0128317, 27.349274 ], [ 101.0166751, 27.3476938 ], [ 101.0179165, 27.3471805 ], [ 101.0189145, 27.346751 ], [ 101.0189487, 27.3463936 ], [ 101.0197469, 27.3350643 ], [ 101.0172725, 27.3321005 ], [ 101.0151784, 27.3297091 ], [ 101.0115992, 27.3244282 ], [ 101.0079512, 27.3174609 ], [ 101.006919, 27.3148504 ], [ 101.0068985, 27.3147947 ], [ 101.0068825, 27.314733 ], [ 101.0068707, 27.3146599 ], [ 101.006856, 27.3145189 ], [ 101.0068547, 27.3144661 ], [ 101.0068635, 27.3144176 ], [ 101.0068853, 27.3143814 ], [ 101.0069219, 27.3143561 ], [ 101.0069803, 27.3143348 ], [ 101.007082, 27.3143083 ], [ 101.0071716, 27.314296 ], [ 101.0073003, 27.3142964 ], [ 101.0088933, 27.3146631 ], [ 101.009282, 27.3146377 ], [ 101.0136389, 27.3127079 ], [ 101.0169895, 27.3110904 ], [ 101.0173187, 27.3108474 ], [ 101.0294129, 27.2990398 ], [ 101.0304409, 27.2843479 ], [ 101.0304299, 27.2841759 ], [ 101.0303956, 27.2840135 ], [ 101.0303438, 27.2838579 ], [ 101.0302634, 27.2836636 ], [ 101.0301742, 27.2834793 ], [ 101.030067, 27.2832831 ], [ 101.0299384, 27.2830706 ], [ 101.0297252, 27.2827416 ], [ 101.0264524, 27.277758 ], [ 101.0263261, 27.2775778 ], [ 101.0261257, 27.2773239 ], [ 101.0259725, 27.2771421 ], [ 101.0258166, 27.2769694 ], [ 101.0256551, 27.2768025 ], [ 101.0254919, 27.2766456 ], [ 101.0253402, 27.2765096 ], [ 101.0249367, 27.2761642 ], [ 101.0242814, 27.275615 ], [ 101.0330869, 27.2619835 ], [ 101.0401454, 27.2528232 ], [ 101.0402684, 27.252688 ], [ 101.0403978, 27.2525348 ], [ 101.0405186, 27.2523816 ], [ 101.0406183, 27.2522441 ], [ 101.0407027, 27.252116 ], [ 101.0407721, 27.2519978 ], [ 101.040838, 27.2518698 ], [ 101.0409267, 27.2516658 ], [ 101.0421715, 27.2483956 ], [ 101.0422319, 27.2482285 ], [ 101.042272, 27.2480709 ], [ 101.0435923, 27.2418553 ], [ 101.0435963, 27.2417752 ], [ 101.0435886, 27.2417291 ], [ 101.043573, 27.2416864 ], [ 101.0435504, 27.2416485 ], [ 101.0435168, 27.2416085 ], [ 101.04334, 27.2414572 ], [ 101.0432597, 27.2413982 ], [ 101.0407103, 27.2396641 ], [ 101.0406259, 27.2396113 ], [ 101.0405216, 27.2395556 ], [ 101.0404138, 27.2395086 ], [ 101.0403069, 27.2394721 ], [ 101.0401985, 27.239445 ], [ 101.0400053, 27.2394154 ], [ 101.0394648, 27.239369 ], [ 101.0391584, 27.2393308 ], [ 101.0390166, 27.2393053 ], [ 101.038894, 27.2392766 ], [ 101.0387867, 27.2392437 ], [ 101.038699, 27.2392083 ], [ 101.0386172, 27.2391635 ], [ 101.0384096, 27.2390193 ], [ 101.0382747, 27.2389183 ], [ 101.0370751, 27.2379847 ], [ 101.037055, 27.2379619 ], [ 101.0370439, 27.2379405 ], [ 101.0370235, 27.2378628 ], [ 101.037024, 27.2378004 ], [ 101.038678, 27.2275881 ], [ 101.0388806, 27.22703 ], [ 101.0396043, 27.2254159 ], [ 101.0400188, 27.2245001 ], [ 101.0401361, 27.2243083 ], [ 101.0443802, 27.2192536 ], [ 101.0444485, 27.2191959 ], [ 101.0445341, 27.2191461 ], [ 101.045956, 27.2183621 ], [ 101.0466783, 27.218018 ], [ 101.0500729, 27.217708 ], [ 101.0535443, 27.2173978 ], [ 101.0538326, 27.2172959 ], [ 101.0540491, 27.2171799 ], [ 101.0544953, 27.2167266 ], [ 101.0550818, 27.2159622 ], [ 101.0551679, 27.215828 ], [ 101.0552232, 27.2157033 ], [ 101.0552561, 27.2155713 ], [ 101.0562211, 27.210197 ], [ 101.0550701, 27.2052366 ], [ 101.055148, 27.2047844 ], [ 101.0572783, 27.2023166 ], [ 101.0573802, 27.2022119 ], [ 101.057474, 27.2021317 ], [ 101.05755, 27.2020809 ], [ 101.0576479, 27.202031 ], [ 101.0577677, 27.2019827 ], [ 101.05791, 27.201935 ], [ 101.0741428, 27.1965111 ], [ 101.0762138, 27.1959885 ], [ 101.0804421, 27.1982621 ], [ 101.0807361, 27.1984291 ], [ 101.0829467, 27.2001376 ], [ 101.0832743, 27.2003923 ], [ 101.0835473, 27.2006884 ], [ 101.083705, 27.2009448 ], [ 101.0838209, 27.2012876 ], [ 101.0839294, 27.201565 ], [ 101.0841259, 27.2017995 ], [ 101.0845765, 27.2020856 ], [ 101.085187, 27.2024118 ], [ 101.0877714, 27.2034352 ], [ 101.0880507, 27.203541 ], [ 101.0991232, 27.2077257 ], [ 101.1047353, 27.2093199 ], [ 101.1138358, 27.2101681 ], [ 101.1218197, 27.2096954 ], [ 101.137611, 27.2069252 ], [ 101.1385919, 27.2067291 ], [ 101.1395655, 27.2064778 ], [ 101.140268, 27.2062075 ], [ 101.1406617, 27.2058837 ], [ 101.1427863, 27.2041529 ], [ 101.1462809, 27.2018339 ], [ 101.1470073, 27.201517 ], [ 101.1478181, 27.2013429 ], [ 101.1503115, 27.2010996 ], [ 101.1509067, 27.2010517 ], [ 101.1515876, 27.2010578 ], [ 101.1616993, 27.2015733 ], [ 101.1622214, 27.2017269 ], [ 101.1625336, 27.2018967 ], [ 101.1685889, 27.194256 ], [ 101.1688292, 27.1785314 ], [ 101.1688432, 27.1761054 ], [ 101.1688399, 27.1759896 ], [ 101.1687989, 27.1757711 ], [ 101.1664785, 27.1686247 ], [ 101.1655001, 27.1656112 ], [ 101.1621391, 27.1582938 ], [ 101.158119, 27.1435226 ], [ 101.1542398, 27.1332522 ], [ 101.1550617, 27.1308391 ], [ 101.1551197, 27.1305152 ], [ 101.1550632, 27.1300782 ], [ 101.1549493, 27.1297138 ], [ 101.1544968, 27.1282828 ], [ 101.1544068, 27.1280497 ], [ 101.1543689, 27.1279554 ], [ 101.1459411, 27.1128199 ], [ 101.145715, 27.1125504 ], [ 101.1439285, 27.1104548 ], [ 101.1432828, 27.1098991 ], [ 101.1430645, 27.1096497 ], [ 101.1431078, 27.1095326 ], [ 101.1431365, 27.1094573 ], [ 101.1432787, 27.1092142 ], [ 101.1458372, 27.1055316 ], [ 101.146561, 27.1046041 ], [ 101.1470125, 27.1040687 ], [ 101.1487757, 27.1027949 ], [ 101.14998, 27.1021306 ], [ 101.1507247, 27.101758 ], [ 101.1522517, 27.101026 ], [ 101.1534634, 27.1005449 ], [ 101.1550447, 27.0998835 ], [ 101.155331, 27.0996891 ], [ 101.1556229, 27.0994368 ], [ 101.1556869, 27.0993391 ], [ 101.1557403, 27.0992332 ], [ 101.1557746, 27.0987677 ], [ 101.1557557, 27.0952021 ], [ 101.1557529, 27.0951389 ], [ 101.1557398, 27.0950656 ], [ 101.1535961, 27.0841956 ], [ 101.1533147, 27.0832653 ], [ 101.1515244, 27.0814662 ], [ 101.1460365, 27.0781281 ], [ 101.1437835, 27.0770635 ], [ 101.1429865, 27.0760009 ], [ 101.1430698, 27.0742119 ], [ 101.1424053, 27.072945 ], [ 101.1411978, 27.0716122 ], [ 101.1409202, 27.070884 ], [ 101.1415926, 27.0699432 ], [ 101.1436207, 27.0679134 ], [ 101.1439445, 27.0648597 ], [ 101.1447175, 27.0628917 ], [ 101.1434121, 27.0521989 ], [ 101.1433837, 27.0520154 ], [ 101.1420171, 27.0476186 ], [ 101.1418553, 27.047149 ], [ 101.1412491, 27.0462225 ], [ 101.1406194, 27.0454923 ], [ 101.13888, 27.0435529 ], [ 101.1359484, 27.0402876 ], [ 101.1358418, 27.0401902 ], [ 101.1357612, 27.0401091 ], [ 101.1356899, 27.0400287 ], [ 101.1352762, 27.0395134 ], [ 101.1336789, 27.0269045 ], [ 101.1336728, 27.0268451 ], [ 101.1336832, 27.0267076 ], [ 101.1337012, 27.0266239 ], [ 101.1337674, 27.026503 ], [ 101.1338816, 27.0264104 ], [ 101.1506078, 27.0164186 ], [ 101.1521404, 27.0155409 ], [ 101.1543339, 27.0143627 ], [ 101.1552793, 27.0139048 ], [ 101.1554378, 27.0138358 ], [ 101.1555467, 27.0137967 ], [ 101.1556606, 27.0137636 ], [ 101.156393, 27.0135831 ], [ 101.1575518, 27.0133087 ], [ 101.1584007, 27.0131369 ], [ 101.161678, 27.0125079 ], [ 101.1740422, 27.0099706 ], [ 101.1797914, 27.0086237 ], [ 101.1820579, 27.0080807 ], [ 101.1822508, 27.0079715 ], [ 101.1826209, 27.0075692 ], [ 101.1831322, 27.0069525 ], [ 101.1847635, 27.0049283 ], [ 101.1864566, 27.0029274 ], [ 101.1865254, 27.0028494 ], [ 101.1865925, 27.0027871 ], [ 101.1866819, 27.0027171 ], [ 101.1878597, 27.0019718 ], [ 101.1879529, 27.0019236 ], [ 101.2002037, 26.9963125 ], [ 101.2003049, 26.9962839 ], [ 101.2057267, 26.9953621 ], [ 101.2061441, 26.9953067 ], [ 101.2070263, 26.9952679 ], [ 101.2073491, 26.9953639 ], [ 101.2094068, 26.9966363 ], [ 101.2096524, 26.9968644 ], [ 101.2131052, 26.9958332 ], [ 101.2189594, 26.9928071 ], [ 101.2194811, 26.9925055 ], [ 101.220074, 26.9921212 ], [ 101.2249673, 26.9883602 ], [ 101.2252886, 26.9880455 ], [ 101.2257694, 26.9875163 ], [ 101.2261564, 26.9868419 ], [ 101.2264876, 26.9861032 ], [ 101.226512, 26.9859844 ], [ 101.2265537, 26.9852899 ], [ 101.2263342, 26.9813254 ], [ 101.2263212, 26.9812025 ], [ 101.2262614, 26.9810864 ], [ 101.2260942, 26.9809097 ], [ 101.2257241, 26.9805896 ], [ 101.2251292, 26.979947 ], [ 101.2248949, 26.9796523 ], [ 101.2248506, 26.9795488 ], [ 101.2248272, 26.9794555 ], [ 101.2245013, 26.9766125 ], [ 101.2241743, 26.9698962 ], [ 101.2241762, 26.9647869 ], [ 101.2242004, 26.9641671 ], [ 101.2242349, 26.9640241 ], [ 101.2242833, 26.9638532 ], [ 101.2243655, 26.9636432 ], [ 101.2244319, 26.9635107 ], [ 101.2245233, 26.9633314 ], [ 101.2247054, 26.9630181 ], [ 101.2247993, 26.9628864 ], [ 101.2292662, 26.9581632 ], [ 101.2295458, 26.9579522 ], [ 101.2301167, 26.957673 ], [ 101.2308591, 26.9573134 ], [ 101.231031, 26.9572457 ], [ 101.2313319, 26.9571724 ], [ 101.231635, 26.9571346 ], [ 101.2318006, 26.9571319 ], [ 101.2378145, 26.9571871 ], [ 101.2408895, 26.9572361 ], [ 101.2432556, 26.9573125 ], [ 101.2527258, 26.9576854 ], [ 101.2531822, 26.9579477 ], [ 101.2538453, 26.9582923 ], [ 101.2547383, 26.9585108 ], [ 101.2557126, 26.9586913 ], [ 101.2593616, 26.9593066 ], [ 101.2599644, 26.9593705 ], [ 101.2602787, 26.9593655 ], [ 101.2623046, 26.9588444 ], [ 101.2630023, 26.9586522 ], [ 101.2633602, 26.958475 ], [ 101.2636512, 26.9581465 ], [ 101.263929, 26.9577927 ], [ 101.2640569, 26.9575529 ], [ 101.2642807, 26.9571205 ], [ 101.264369, 26.9567515 ], [ 101.2644407, 26.9562358 ], [ 101.2645595, 26.9553396 ], [ 101.2645526, 26.9549967 ], [ 101.2644892, 26.9545566 ], [ 101.2643407, 26.953761 ], [ 101.2634123, 26.9515676 ], [ 101.2633792, 26.9514926 ], [ 101.2631761, 26.9513449 ], [ 101.2630705, 26.9513277 ], [ 101.2614473, 26.9494232 ], [ 101.2582196, 26.9430256 ], [ 101.2558329, 26.9376171 ], [ 101.2535504, 26.9298487 ], [ 101.2532518, 26.9278255 ], [ 101.2532366, 26.927638 ], [ 101.255066, 26.9244959 ], [ 101.2583008, 26.9201562 ], [ 101.2617649, 26.9175388 ], [ 101.2625282, 26.9135218 ], [ 101.2622666, 26.9101431 ], [ 101.2633703, 26.9080277 ], [ 101.2636161, 26.9077707 ], [ 101.2640054, 26.9074215 ], [ 101.2643408, 26.9071098 ], [ 101.264746, 26.9068705 ], [ 101.2685586, 26.9055047 ], [ 101.2688392, 26.9054687 ], [ 101.2700878, 26.9054371 ], [ 101.2708275, 26.9053989 ], [ 101.2709564, 26.9053784 ], [ 101.2714927, 26.9053042 ], [ 101.2718193, 26.9052377 ], [ 101.2720927, 26.9052455 ], [ 101.2725706, 26.9052256 ], [ 101.2731044, 26.905266 ], [ 101.2735174, 26.9054186 ], [ 101.2738477, 26.9055358 ], [ 101.2740534, 26.9055693 ], [ 101.2741624, 26.9055552 ], [ 101.2744195, 26.9054286 ], [ 101.2747415, 26.9051294 ], [ 101.2753869, 26.9046044 ], [ 101.2759334, 26.904491 ], [ 101.2762556, 26.9044193 ], [ 101.2766517, 26.9043459 ], [ 101.2773285, 26.9043024 ], [ 101.2783045, 26.9042347 ], [ 101.2788046, 26.9042591 ], [ 101.2794523, 26.9044304 ], [ 101.2801777, 26.9044998 ], [ 101.280444, 26.9044241 ], [ 101.2805508, 26.9043315 ], [ 101.2806998, 26.9041798 ], [ 101.2808823, 26.9038978 ], [ 101.2810354, 26.9035689 ], [ 101.2810502, 26.9035452 ], [ 101.2813062, 26.9026835 ], [ 101.281529, 26.9022143 ], [ 101.2819544, 26.9016194 ], [ 101.2822604, 26.9012101 ], [ 101.2824565, 26.9010711 ], [ 101.2832738, 26.9007625 ], [ 101.2839133, 26.9005469 ], [ 101.2842097, 26.9003433 ], [ 101.2845977, 26.9000676 ], [ 101.2848652, 26.8998516 ], [ 101.2852345, 26.8994832 ], [ 101.2855287, 26.899295 ], [ 101.2861235, 26.8989791 ], [ 101.2862126, 26.8989482 ], [ 101.2864759, 26.8988711 ], [ 101.2869134, 26.8988418 ], [ 101.287145, 26.8988529 ], [ 101.2873606, 26.8988864 ], [ 101.2941273, 26.9002059 ], [ 101.3020606, 26.9034615 ], [ 101.3025183, 26.9037187 ], [ 101.3027923, 26.9039962 ], [ 101.3036809, 26.9049786 ], [ 101.3039614, 26.9053293 ], [ 101.3041514, 26.9059387 ], [ 101.3042445, 26.9064885 ], [ 101.3043183, 26.9067568 ], [ 101.3044862, 26.9069501 ], [ 101.3047505, 26.9071786 ], [ 101.3050557, 26.9074064 ], [ 101.305592, 26.9075691 ], [ 101.3063192, 26.9077165 ], [ 101.3066754, 26.9077597 ], [ 101.3074548, 26.9077837 ], [ 101.3078227, 26.9077286 ], [ 101.3083368, 26.9074752 ], [ 101.3094979, 26.9067824 ], [ 101.3098478, 26.9065194 ], [ 101.310236, 26.906121 ], [ 101.318079, 26.8973922 ], [ 101.3182903, 26.8970335 ], [ 101.3189042, 26.8949775 ], [ 101.3190571, 26.8944359 ], [ 101.3192462, 26.893661 ], [ 101.3193197, 26.8932432 ], [ 101.319431, 26.8928104 ], [ 101.3196875, 26.8924089 ], [ 101.3203475, 26.8914713 ], [ 101.3207511, 26.8909881 ], [ 101.32113, 26.8907435 ], [ 101.3212973, 26.8906651 ], [ 101.3214391, 26.8906479 ], [ 101.3375258, 26.8889124 ], [ 101.3380169, 26.8888798 ], [ 101.3414129, 26.8886563 ], [ 101.3509845, 26.8894863 ], [ 101.3630959, 26.8879477 ], [ 101.3639523, 26.8877374 ], [ 101.3645362, 26.8875683 ], [ 101.3651055, 26.8873505 ], [ 101.365466, 26.8871195 ], [ 101.365644, 26.8869373 ], [ 101.3657506, 26.8868215 ], [ 101.3658737, 26.8866239 ], [ 101.3659598, 26.8863943 ], [ 101.3660691, 26.8857295 ], [ 101.3659759, 26.8851921 ], [ 101.3657125, 26.8843512 ], [ 101.3653519, 26.8834384 ], [ 101.3650699, 26.8828305 ], [ 101.3649975, 26.8826471 ], [ 101.3649018, 26.8819 ], [ 101.3648976, 26.8816949 ], [ 101.3651243, 26.8799475 ], [ 101.3653894, 26.8794754 ], [ 101.3708513, 26.8700417 ], [ 101.3712348, 26.869435 ], [ 101.3714896, 26.8690413 ], [ 101.3718342, 26.8687021 ], [ 101.372374, 26.8683868 ], [ 101.3853402, 26.8600584 ], [ 101.3883092, 26.854719 ], [ 101.3909907, 26.8514119 ], [ 101.3972612, 26.8469444 ], [ 101.3975429, 26.8467069 ], [ 101.397876, 26.8463092 ], [ 101.3981755, 26.8456181 ], [ 101.3984215, 26.8449768 ], [ 101.3984952, 26.8445836 ], [ 101.3985008, 26.8442037 ], [ 101.3977659, 26.8391443 ], [ 101.397709, 26.8390351 ], [ 101.3975833, 26.8389024 ], [ 101.3970563, 26.8385194 ], [ 101.3963619, 26.8379676 ], [ 101.3958202, 26.8375358 ], [ 101.3951945, 26.8370073 ], [ 101.3946799, 26.8365627 ], [ 101.3943309, 26.8362011 ], [ 101.3940934, 26.8359479 ], [ 101.3935566, 26.8350994 ], [ 101.3899195, 26.8291135 ], [ 101.3817913, 26.8149688 ], [ 101.3815462, 26.8151189 ], [ 101.3814768, 26.8150276 ], [ 101.3810866, 26.8143721 ], [ 101.3809304, 26.8141045 ], [ 101.3808489, 26.8138086 ], [ 101.3805792, 26.813151 ], [ 101.3803892, 26.8127083 ], [ 101.3802285, 26.8122246 ], [ 101.3800227, 26.8117416 ], [ 101.3797719, 26.8112729 ], [ 101.3795396, 26.810966 ], [ 101.3792736, 26.810484 ], [ 101.3788538, 26.809856 ], [ 101.3784671, 26.8093626 ], [ 101.378143, 26.8089897 ], [ 101.3777583, 26.8085908 ], [ 101.3772832, 26.8081934 ], [ 101.3767314, 26.8077297 ], [ 101.3759834, 26.8072423 ], [ 101.3752694, 26.8069436 ], [ 101.374329, 26.8066215 ], [ 101.3734966, 26.8064193 ], [ 101.372711, 26.8062973 ], [ 101.3719712, 26.8062017 ], [ 101.3714875, 26.8061152 ], [ 101.3706833, 26.8058179 ], [ 101.3702729, 26.8056356 ], [ 101.3697248, 26.8053475 ], [ 101.3695249, 26.8051481 ], [ 101.3693548, 26.8049348 ], [ 101.3694111, 26.8047447 ], [ 101.3695713, 26.8044854 ], [ 101.3695714, 26.8044853 ], [ 101.3697355, 26.8041395 ], [ 101.3697589, 26.8040903 ], [ 101.3698401, 26.8039765 ], [ 101.3701511, 26.8038925 ], [ 101.3706422, 26.8035606 ], [ 101.3710148, 26.8032048 ], [ 101.3714653, 26.8029165 ], [ 101.3718943, 26.8028176 ], [ 101.3725602, 26.8027549 ], [ 101.3730795, 26.8025485 ], [ 101.3733781, 26.8023229 ], [ 101.3736965, 26.8021285 ], [ 101.3739958, 26.8019343 ], [ 101.3742507, 26.8016035 ], [ 101.3743204, 26.80127 ], [ 101.374561, 26.8010224 ], [ 101.3749632, 26.8008638 ], [ 101.3755008, 26.8007717 ], [ 101.3761528, 26.8004972 ], [ 101.3769545, 26.8000568 ], [ 101.377469, 26.7996185 ], [ 101.3781742, 26.7989906 ], [ 101.3788003, 26.7985475 ], [ 101.3791338, 26.7983156 ], [ 101.3791769, 26.7983039 ], [ 101.3791953, 26.7978581 ], [ 101.3792233, 26.7975457 ], [ 101.3792497, 26.7968541 ], [ 101.3791593, 26.7964173 ], [ 101.3789491, 26.7959432 ], [ 101.3786469, 26.795406 ], [ 101.3783893, 26.7949045 ], [ 101.3782099, 26.7942529 ], [ 101.3782072, 26.7936657 ], [ 101.3782284, 26.7931765 ], [ 101.3781237, 26.7925011 ], [ 101.3780804, 26.7921197 ], [ 101.3781659, 26.7921118 ], [ 101.3779492, 26.7911722 ], [ 101.3778229, 26.790663 ], [ 101.3767291, 26.7890826 ], [ 101.3743307, 26.7857032 ], [ 101.373485, 26.784844 ], [ 101.372756, 26.7843247 ], [ 101.3724621, 26.7841863 ], [ 101.3715206, 26.7839126 ], [ 101.3706265, 26.7835116 ], [ 101.3686183, 26.7825111 ], [ 101.3679895, 26.7821534 ], [ 101.3679991, 26.7821405 ], [ 101.3678431, 26.7820472 ], [ 101.3672533, 26.7817331 ], [ 101.3667472, 26.7813228 ], [ 101.3663487, 26.7810471 ], [ 101.3661024, 26.7809496 ], [ 101.3658428, 26.78082 ], [ 101.365311, 26.7805856 ], [ 101.3648232, 26.7802965 ], [ 101.3642733, 26.7799138 ], [ 101.3640277, 26.7796882 ], [ 101.3637669, 26.7794494 ], [ 101.3635344, 26.7791289 ], [ 101.363378, 26.7788478 ], [ 101.3631924, 26.7786077 ], [ 101.3629769, 26.7783816 ], [ 101.3623618, 26.7777567 ], [ 101.3620391, 26.7774378 ], [ 101.3616433, 26.7772282 ], [ 101.3609438, 26.7768886 ], [ 101.3601866, 26.7766715 ], [ 101.3594007, 26.7765224 ], [ 101.3587209, 26.7764121 ], [ 101.3577815, 26.776117 ], [ 101.3568854, 26.77574 ], [ 101.3562467, 26.7754264 ], [ 101.3556383, 26.7751257 ], [ 101.3553016, 26.7748611 ], [ 101.3551464, 26.774634 ], [ 101.3550812, 26.7743918 ], [ 101.3550767, 26.7741757 ], [ 101.3551757, 26.7738632 ], [ 101.3555536, 26.7732084 ], [ 101.3561675, 26.7723198 ], [ 101.3564882, 26.7718145 ], [ 101.3567789, 26.7713098 ], [ 101.3569837, 26.7710226 ], [ 101.3573226, 26.7706656 ], [ 101.3575589, 26.7704455 ], [ 101.3578114, 26.7702791 ], [ 101.3583194, 26.770095 ], [ 101.3589623, 26.7698816 ], [ 101.3594711, 26.769738 ], [ 101.3598897, 26.7695959 ], [ 101.3602639, 26.7694951 ], [ 101.3606683, 26.7693938 ], [ 101.3610147, 26.7694015 ], [ 101.3614976, 26.769461 ], [ 101.3621645, 26.7696796 ], [ 101.3628339, 26.7700198 ], [ 101.3635189, 26.7703867 ], [ 101.3641727, 26.7707001 ], [ 101.3646588, 26.7709081 ], [ 101.3649764, 26.7709839 ], [ 101.3652473, 26.7709794 ], [ 101.3655324, 26.7709341 ], [ 101.3657562, 26.7708496 ], [ 101.3659635, 26.7707434 ], [ 101.3662017, 26.7705446 ], [ 101.3664104, 26.7703213 ], [ 101.3664809, 26.7702113 ], [ 101.3666362, 26.7699823 ], [ 101.3668105, 26.7694129 ], [ 101.367057, 26.7682332 ], [ 101.3672386, 26.7675545 ], [ 101.3675091, 26.7668068 ], [ 101.3677245, 26.7663032 ], [ 101.3679131, 26.7659623 ], [ 101.3683121, 26.7656043 ], [ 101.368591, 26.7652618 ], [ 101.3690181, 26.7648088 ], [ 101.3696832, 26.7642166 ], [ 101.3703781, 26.7636104 ], [ 101.3706879, 26.763308 ], [ 101.3713093, 26.7627841 ], [ 101.3720212, 26.7622722 ], [ 101.3731178, 26.7614431 ], [ 101.374035, 26.7606711 ], [ 101.3744326, 26.7602455 ], [ 101.374831, 26.7598605 ], [ 101.3750806, 26.759559 ], [ 101.3753268, 26.7590955 ], [ 101.3755149, 26.7587275 ], [ 101.3757455, 26.7582372 ], [ 101.3759307, 26.7577341 ], [ 101.3760554, 26.7572186 ], [ 101.3761506, 26.7567305 ], [ 101.3761993, 26.7561757 ], [ 101.3761747, 26.7557167 ], [ 101.3760996, 26.7550018 ], [ 101.3760001, 26.7545576 ], [ 101.3759383, 26.7537614 ], [ 101.3759322, 26.7534642 ], [ 101.3759589, 26.7533016 ], [ 101.3759999, 26.7532302 ], [ 101.3760344, 26.7531913 ], [ 101.3760526, 26.7531822 ], [ 101.3760963, 26.7531776 ], [ 101.3761341, 26.7531886 ], [ 101.3762136, 26.7532242 ], [ 101.3763117, 26.7532562 ], [ 101.3764782, 26.7532912 ], [ 101.3765179, 26.7532955 ], [ 101.3765721, 26.7533024 ], [ 101.376626, 26.7533107 ], [ 101.3766795, 26.7533203 ], [ 101.3767325, 26.7533313 ], [ 101.3767851, 26.7533439 ], [ 101.376837, 26.753358 ], [ 101.3768884, 26.7533739 ], [ 101.3769391, 26.7533914 ], [ 101.3769803, 26.7534072 ], [ 101.3770211, 26.7534237 ], [ 101.3770617, 26.7534408 ], [ 101.3771022, 26.753458 ], [ 101.3771428, 26.753475 ], [ 101.3771835, 26.7534914 ], [ 101.3772246, 26.7535068 ], [ 101.3772661, 26.7535209 ], [ 101.3773317, 26.7535396 ], [ 101.3773986, 26.7535548 ], [ 101.3774664, 26.7535671 ], [ 101.3775351, 26.7535769 ], [ 101.3776043, 26.753585 ], [ 101.377674, 26.7535918 ], [ 101.3777438, 26.753598 ], [ 101.3778136, 26.753604 ], [ 101.3779278, 26.7536147 ], [ 101.3780414, 26.7536267 ], [ 101.3781545, 26.75364 ], [ 101.3782671, 26.7536548 ], [ 101.3783793, 26.753671 ], [ 101.3784912, 26.7536888 ], [ 101.3786028, 26.7537081 ], [ 101.378714, 26.7537291 ], [ 101.3788082, 26.7537482 ], [ 101.3789024, 26.753768 ], [ 101.3789966, 26.7537881 ], [ 101.3790908, 26.7538077 ], [ 101.3791853, 26.7538266 ], [ 101.3792799, 26.753844 ], [ 101.379375, 26.7538595 ], [ 101.3794704, 26.7538726 ], [ 101.379539, 26.7538803 ], [ 101.3796078, 26.7538868 ], [ 101.3796767, 26.7538924 ], [ 101.3797457, 26.7538974 ], [ 101.3798147, 26.7539022 ], [ 101.3798836, 26.7539071 ], [ 101.3799525, 26.7539124 ], [ 101.3800211, 26.7539184 ], [ 101.3800803, 26.7539244 ], [ 101.3801393, 26.7539311 ], [ 101.3801983, 26.7539386 ], [ 101.3802572, 26.7539468 ], [ 101.3803161, 26.7539558 ], [ 101.380375, 26.7539654 ], [ 101.380434, 26.7539758 ], [ 101.3804932, 26.7539868 ], [ 101.3805567, 26.7539994 ], [ 101.3806202, 26.754013 ], [ 101.3806832, 26.7540277 ], [ 101.3807456, 26.7540436 ], [ 101.380807, 26.7540611 ], [ 101.3808672, 26.7540802 ], [ 101.3809258, 26.7541012 ], [ 101.3809825, 26.7541242 ], [ 101.3810633, 26.7541623 ], [ 101.3811408, 26.7542043 ], [ 101.3812167, 26.7542496 ], [ 101.3812924, 26.7542971 ], [ 101.3813696, 26.7543461 ], [ 101.3814497, 26.7543957 ], [ 101.3815343, 26.7544451 ], [ 101.381625, 26.7544933 ], [ 101.3816604, 26.7545109 ], [ 101.3816958, 26.7545286 ], [ 101.3817299, 26.7545468 ], [ 101.3817617, 26.7545659 ], [ 101.3817899, 26.7545861 ], [ 101.3818135, 26.7546081 ], [ 101.3818312, 26.754632 ], [ 101.3825272, 26.755029 ], [ 101.3834426, 26.7556216 ], [ 101.3838696, 26.7558847 ], [ 101.3846398, 26.756394 ], [ 101.385042, 26.7565271 ], [ 101.3855118, 26.7566813 ], [ 101.3858439, 26.7567297 ], [ 101.3864617, 26.7567599 ], [ 101.3866865, 26.7567156 ], [ 101.3870579, 26.7564796 ], [ 101.3873816, 26.7561228 ], [ 101.3873853, 26.7561164 ], [ 101.3873838, 26.7560454 ], [ 101.3874072, 26.756045 ], [ 101.3887562, 26.7516507 ], [ 101.3888378, 26.751291 ], [ 101.3899012, 26.7411075 ], [ 101.3903961, 26.7340179 ], [ 101.3903875, 26.7336018 ], [ 101.3901535, 26.7320815 ], [ 101.3896477, 26.7291816 ], [ 101.3895822, 26.7289259 ], [ 101.3894573, 26.7287118 ], [ 101.3892419, 26.7284858 ], [ 101.3889212, 26.7282615 ], [ 101.3884796, 26.7280121 ], [ 101.3879628, 26.7277641 ], [ 101.387582, 26.7275408 ], [ 101.3871535, 26.7271967 ], [ 101.3869531, 26.7269704 ], [ 101.3868511, 26.7267798 ], [ 101.3868158, 26.7266155 ], [ 101.3868352, 26.7265515 ], [ 101.3868928, 26.7264982 ], [ 101.3871461, 26.7263695 ], [ 101.3875387, 26.7261903 ], [ 101.3884339, 26.7258239 ], [ 101.3891804, 26.7255411 ], [ 101.3897492, 26.7253964 ], [ 101.3941892, 26.7247269 ], [ 101.3951499, 26.7246161 ], [ 101.3954803, 26.7245835 ], [ 101.4130876, 26.7246768 ], [ 101.4135099, 26.7247236 ], [ 101.414386, 26.7248843 ], [ 101.4148702, 26.7250112 ], [ 101.4154938, 26.7253249 ], [ 101.4200986, 26.7281168 ], [ 101.4204397, 26.7286591 ], [ 101.4204631, 26.7290506 ], [ 101.4203027, 26.7292965 ], [ 101.4200672, 26.7295438 ], [ 101.4196378, 26.7298754 ], [ 101.4189247, 26.7303064 ], [ 101.4187482, 26.7304986 ], [ 101.418694, 26.7307833 ], [ 101.419264, 26.7341841 ], [ 101.4202614, 26.7358721 ], [ 101.422814, 26.7398607 ], [ 101.4236628, 26.7408596 ], [ 101.4290918, 26.7435096 ], [ 101.4309245, 26.7440591 ], [ 101.4312259, 26.744081 ], [ 101.434124, 26.7437745 ], [ 101.4345293, 26.743727 ], [ 101.4347972, 26.7435873 ], [ 101.4388938, 26.7402064 ], [ 101.4396032, 26.7395997 ], [ 101.4459765, 26.7364361 ], [ 101.4478997, 26.7355922 ], [ 101.4500641, 26.7347711 ], [ 101.4511733, 26.7344391 ], [ 101.4523373, 26.7341102 ], [ 101.4525918, 26.7340517 ], [ 101.4531768, 26.7339606 ], [ 101.4540186, 26.7339189 ], [ 101.4547721, 26.7339735 ], [ 101.4550293, 26.7340366 ], [ 101.4552133, 26.7341955 ], [ 101.455358, 26.7346254 ], [ 101.4555435, 26.7355545 ], [ 101.4573939, 26.7450557 ], [ 101.4580612, 26.7490633 ], [ 101.4581302, 26.7501701 ], [ 101.4581341, 26.7510483 ], [ 101.4580731, 26.7517114 ], [ 101.4563359, 26.7560725 ], [ 101.4517695, 26.7663056 ], [ 101.4498722, 26.7686218 ], [ 101.4495512, 26.7689237 ], [ 101.4481463, 26.770109 ], [ 101.447641, 26.7704778 ], [ 101.4472653, 26.7705991 ], [ 101.445999, 26.7708847 ], [ 101.4458015, 26.7710129 ], [ 101.4457443, 26.7710508 ], [ 101.4444783, 26.7733091 ], [ 101.4444164, 26.7738044 ], [ 101.444432, 26.7748342 ], [ 101.4447826, 26.7796699 ], [ 101.445194, 26.7813358 ], [ 101.4455247, 26.7819744 ], [ 101.4461772, 26.782895 ], [ 101.4466207, 26.7834478 ], [ 101.4490985, 26.7858393 ], [ 101.4493788, 26.7861064 ], [ 101.4573548, 26.7883163 ], [ 101.4646743, 26.7892855 ], [ 101.4723612, 26.7867022 ], [ 101.4746269, 26.7858225 ], [ 101.4827546, 26.7824677 ], [ 101.4829338, 26.7821847 ], [ 101.4830243, 26.7820084 ], [ 101.4832277, 26.7815564 ], [ 101.4834144, 26.7812281 ], [ 101.4836606, 26.780868 ], [ 101.4838496, 26.7806237 ], [ 101.483955, 26.780511 ], [ 101.4841916, 26.7803136 ], [ 101.4843217, 26.7802258 ], [ 101.4896022, 26.7768838 ], [ 101.4898857, 26.7767158 ], [ 101.4903751, 26.7764596 ], [ 101.4967334, 26.7732038 ], [ 101.4975418, 26.7728275 ], [ 101.4980692, 26.7727129 ], [ 101.4981779, 26.7726904 ], [ 101.4982877, 26.7726693 ], [ 101.4985274, 26.7726615 ], [ 101.4988745, 26.7727054 ], [ 101.4991944, 26.7727987 ], [ 101.4995199, 26.7729167 ], [ 101.4997053, 26.7729937 ], [ 101.5010262, 26.7736641 ], [ 101.5010933, 26.7737004 ], [ 101.5060143, 26.7746833 ], [ 101.5114892, 26.7743393 ], [ 101.5115722, 26.7742619 ], [ 101.5116531, 26.7740894 ], [ 101.5117912, 26.7733988 ], [ 101.5120372, 26.7713466 ], [ 101.5121246, 26.770509 ], [ 101.5121863, 26.769463 ], [ 101.5121974, 26.7690067 ], [ 101.5107367, 26.7612996 ], [ 101.510279, 26.7598833 ], [ 101.5099012, 26.7589204 ], [ 101.5094991, 26.7579585 ], [ 101.5092763, 26.7574494 ], [ 101.5072905, 26.7576176 ], [ 101.5046762, 26.7580819 ], [ 101.5041502, 26.7582242 ], [ 101.5036703, 26.7585367 ], [ 101.5031335, 26.7591542 ], [ 101.5019894, 26.7600674 ], [ 101.501529, 26.7603035 ], [ 101.4985545, 26.7607395 ], [ 101.4978751, 26.7607874 ], [ 101.497368, 26.7607844 ], [ 101.497032, 26.7606706 ], [ 101.4967341, 26.7604722 ], [ 101.4964888, 26.760237 ], [ 101.4961438, 26.759716 ], [ 101.4905419, 26.7512388 ], [ 101.4904983, 26.7510719 ], [ 101.4904507, 26.7507253 ], [ 101.4902406, 26.7478185 ], [ 101.4902372, 26.7476629 ], [ 101.4903734, 26.7471814 ], [ 101.4905965, 26.7463989 ], [ 101.4909346, 26.7453869 ], [ 101.4911695, 26.7451432 ], [ 101.4917473, 26.7447258 ], [ 101.4936127, 26.7433994 ], [ 101.4951045, 26.7426784 ], [ 101.4961875, 26.7421803 ], [ 101.4965169, 26.7419948 ], [ 101.4971353, 26.7416006 ], [ 101.4981451, 26.7408043 ], [ 101.4984455, 26.7405115 ], [ 101.4986923, 26.7402077 ], [ 101.4989504, 26.7398079 ], [ 101.4990631, 26.7394706 ], [ 101.499135, 26.739098 ], [ 101.4991453, 26.7388383 ], [ 101.4991522, 26.7386665 ], [ 101.4990594, 26.7380813 ], [ 101.4989182, 26.7377244 ], [ 101.4987242, 26.7373925 ], [ 101.4984632, 26.7370497 ], [ 101.4918578, 26.7321857 ], [ 101.491708, 26.7321489 ], [ 101.4913403, 26.7321031 ], [ 101.4909854, 26.7321217 ], [ 101.4904414, 26.7323116 ], [ 101.4902671, 26.7323819 ], [ 101.4728708, 26.7262516 ], [ 101.4724795, 26.7260429 ], [ 101.4721943, 26.7258083 ], [ 101.4718796, 26.7254425 ], [ 101.471509, 26.7249578 ], [ 101.4698846, 26.7220037 ], [ 101.4696899, 26.7216358 ], [ 101.4694788, 26.7211244 ], [ 101.4689335, 26.7187264 ], [ 101.4686186, 26.7164921 ], [ 101.4685077, 26.7156795 ], [ 101.4683894, 26.7151426 ], [ 101.4682483, 26.7147857 ], [ 101.4680967, 26.7145608 ], [ 101.4679734, 26.7144072 ], [ 101.4676508, 26.7142931 ], [ 101.4569727, 26.7105232 ], [ 101.4549571, 26.7105663 ], [ 101.454789, 26.7105129 ], [ 101.453287, 26.7075312 ], [ 101.4531208, 26.7071789 ], [ 101.4530336, 26.706845 ], [ 101.4514681, 26.6993989 ], [ 101.4514427, 26.6991738 ], [ 101.4514639, 26.6989664 ], [ 101.451554, 26.6986289 ], [ 101.4516069, 26.6984669 ], [ 101.4531275, 26.6944224 ], [ 101.4533282, 26.6939135 ], [ 101.4536207, 26.6934575 ], [ 101.4538655, 26.6931679 ], [ 101.4544091, 26.6926276 ], [ 101.4555583, 26.6914937 ], [ 101.4559648, 26.6911753 ], [ 101.4566702, 26.690646 ], [ 101.4576507, 26.6901998 ], [ 101.4616519, 26.6883817 ], [ 101.4620367, 26.6882912 ], [ 101.4690726, 26.6851546 ], [ 101.4762653, 26.6797072 ], [ 101.4788706, 26.6762994 ], [ 101.4789103, 26.6762474 ], [ 101.4706224, 26.6575308 ], [ 101.4597897, 26.6455855 ], [ 101.4593175, 26.6448671 ], [ 101.4589664, 26.6441396 ], [ 101.4589533, 26.643531 ], [ 101.4590819, 26.6430448 ], [ 101.4595705, 26.6413408 ], [ 101.4617126, 26.6361152 ], [ 101.462401, 26.6353094 ], [ 101.4628634, 26.6348324 ], [ 101.463138, 26.634521 ], [ 101.4635043, 26.6336279 ], [ 101.4636976, 26.6327883 ], [ 101.4642798, 26.6286352 ], [ 101.4642839, 26.628287 ], [ 101.4642614, 26.627508 ], [ 101.4637841, 26.6202629 ], [ 101.4636934, 26.6194794 ], [ 101.4622089, 26.6138932 ], [ 101.4618937, 26.6129621 ], [ 101.4615505, 26.6123436 ], [ 101.4611919, 26.6118191 ], [ 101.4607108, 26.6112498 ], [ 101.4604778, 26.6109104 ], [ 101.4604023, 26.6106307 ], [ 101.460413, 26.6103183 ], [ 101.4605409, 26.609801 ], [ 101.4606697, 26.6093304 ], [ 101.4606137, 26.6092185 ], [ 101.4605472, 26.6091441 ], [ 101.4605103, 26.6091364 ], [ 101.4604037, 26.6091669 ], [ 101.4602213, 26.6092241 ], [ 101.4598201, 26.6094491 ], [ 101.4593537, 26.6095093 ], [ 101.4589181, 26.6094388 ], [ 101.4579175, 26.608941 ], [ 101.4566713, 26.6083225 ], [ 101.4559676, 26.6078975 ], [ 101.4544213, 26.6070501 ], [ 101.4531915, 26.6063844 ], [ 101.4525739, 26.6059268 ], [ 101.4523262, 26.6057125 ], [ 101.4521306, 26.6054973 ], [ 101.4520712, 26.6051549 ], [ 101.451903, 26.6045958 ], [ 101.4517234, 26.6043179 ], [ 101.4516173, 26.6042261 ], [ 101.4515285, 26.604134 ], [ 101.4487951, 26.6037814 ], [ 101.4444211, 26.6049484 ], [ 101.4441493, 26.6050373 ], [ 101.4439754, 26.6051103 ], [ 101.4437677, 26.6052208 ], [ 101.4435309, 26.6053758 ], [ 101.4432088, 26.6056074 ], [ 101.4430136, 26.6057659 ], [ 101.4417329, 26.6063516 ], [ 101.4375472, 26.6073091 ], [ 101.432918, 26.6081373 ], [ 101.4327388, 26.6081352 ], [ 101.4326212, 26.6081337 ], [ 101.4306633, 26.607845 ], [ 101.4304808, 26.607778 ], [ 101.4303283, 26.6076724 ], [ 101.4302729, 26.6076049 ], [ 101.4301663, 26.6072127 ], [ 101.4293907, 26.604908 ], [ 101.4291356, 26.6043944 ], [ 101.4288511, 26.6042265 ], [ 101.4285544, 26.6041535 ], [ 101.4215572, 26.6042103 ], [ 101.4207934, 26.6042234 ], [ 101.4202739, 26.6042946 ], [ 101.414222, 26.6055371 ], [ 101.4088978, 26.6067045 ], [ 101.406812, 26.6074423 ], [ 101.401838, 26.6087596 ], [ 101.400536, 26.6087816 ], [ 101.3996644, 26.6086246 ], [ 101.3988973, 26.6084815 ], [ 101.3981806, 26.6082594 ], [ 101.3976884, 26.6079711 ], [ 101.3972829, 26.6076813 ], [ 101.3969279, 26.6073126 ], [ 101.3966715, 26.6066769 ], [ 101.3960609, 26.6048764 ], [ 101.3959247, 26.6041762 ], [ 101.3944121, 26.5961637 ], [ 101.3943724, 26.5959294 ], [ 101.3973647, 26.582453 ], [ 101.3943209, 26.5671744 ], [ 101.4014559, 26.5596012 ], [ 101.4002087, 26.5499913 ], [ 101.3998107, 26.55006 ], [ 101.3988152, 26.5501881 ], [ 101.3986215, 26.5501818 ], [ 101.3983501, 26.5501431 ], [ 101.3978841, 26.5499406 ], [ 101.3975004, 26.5497493 ], [ 101.3962337, 26.5488936 ], [ 101.3961125, 26.5487172 ], [ 101.3960784, 26.5485567 ], [ 101.3960917, 26.5483048 ], [ 101.396095, 26.5482635 ], [ 101.3961196, 26.5482038 ], [ 101.3980537, 26.5446788 ], [ 101.3982567, 26.5444256 ], [ 101.3995695, 26.5441226 ], [ 101.3999686, 26.5441158 ], [ 101.4002298, 26.5441583 ], [ 101.4008278, 26.5445384 ], [ 101.4064667, 26.5485958 ], [ 101.4084561, 26.5500713 ], [ 101.4104969, 26.5520713 ], [ 101.4108721, 26.5525801 ], [ 101.4111972, 26.5531834 ], [ 101.4115225, 26.5538023 ], [ 101.4119579, 26.5546276 ], [ 101.4138429, 26.5545333 ], [ 101.4144765, 26.554446 ], [ 101.4171477, 26.5530801 ], [ 101.4152864, 26.5470415 ], [ 101.4151754, 26.5467156 ], [ 101.4147298, 26.5456443 ], [ 101.4142725, 26.5446712 ], [ 101.4190969, 26.5367362 ], [ 101.4202586, 26.5350306 ], [ 101.4208364, 26.5344432 ], [ 101.4211454, 26.5342068 ], [ 101.4212671, 26.5341549 ], [ 101.4214377, 26.534152 ], [ 101.4269089, 26.5351828 ], [ 101.4274523, 26.535439 ], [ 101.4318055, 26.5377688 ], [ 101.4322275, 26.5380269 ], [ 101.4327457, 26.5387362 ], [ 101.4330902, 26.5394328 ], [ 101.4338088, 26.5408506 ], [ 101.4340723, 26.5412947 ], [ 101.4341973, 26.5413757 ], [ 101.4343968, 26.5414312 ], [ 101.4359503, 26.5417255 ], [ 101.4369606, 26.5418955 ], [ 101.4377815, 26.5419968 ], [ 101.4433704, 26.5327245 ], [ 101.4441155, 26.5309975 ], [ 101.4439655, 26.5309743 ], [ 101.4434363, 26.5309042 ], [ 101.4421812, 26.5305839 ], [ 101.442079, 26.5305411 ], [ 101.4420059, 26.530469 ], [ 101.4412975, 26.5295552 ], [ 101.4396425, 26.5270998 ], [ 101.4395261, 26.5269263 ], [ 101.4379591, 26.523874 ], [ 101.4377219, 26.5233985 ], [ 101.4375029, 26.5217853 ], [ 101.4374668, 26.5210008 ], [ 101.4375712, 26.5198024 ], [ 101.4378539, 26.5175582 ], [ 101.4381383, 26.5164033 ], [ 101.4383891, 26.5158499 ], [ 101.4385639, 26.5156048 ], [ 101.4541134, 26.5015944 ], [ 101.4545933, 26.5011663 ], [ 101.4557766, 26.5001261 ], [ 101.4567563, 26.4995069 ], [ 101.4571478, 26.4993045 ], [ 101.4571658, 26.4992869 ], [ 101.4712193, 26.5006783 ], [ 101.4873725, 26.5021391 ], [ 101.4883457, 26.5022158 ], [ 101.4893529, 26.5022607 ], [ 101.4923387, 26.5023334 ], [ 101.4981089, 26.5019983 ], [ 101.4993548, 26.5018516 ], [ 101.5077479, 26.5008224 ], [ 101.5084248, 26.5005593 ], [ 101.5087289, 26.5002748 ], [ 101.5088887, 26.5000997 ], [ 101.5164581, 26.4882649 ], [ 101.5250811, 26.4742159 ], [ 101.5256542, 26.4721668 ], [ 101.5259051, 26.4713211 ], [ 101.5261346, 26.4706304 ], [ 101.5261987, 26.4705649 ], [ 101.5263113, 26.4705415 ], [ 101.5437688, 26.4689627 ], [ 101.5453025, 26.4664638 ], [ 101.5490147, 26.4606724 ], [ 101.5490808, 26.460595 ], [ 101.554947, 26.457986 ], [ 101.5551658, 26.4579178 ], [ 101.5554268, 26.4578702 ], [ 101.5666925, 26.4535735 ], [ 101.5750542, 26.4456591 ], [ 101.5780724, 26.4420023 ], [ 101.58346, 26.4330512 ], [ 101.5988988, 26.4246642 ], [ 101.6126648, 26.416835 ], [ 101.6308991, 26.4004373 ], [ 101.631295, 26.4004478 ], [ 101.6323201, 26.4002864 ], [ 101.6335155, 26.4000186 ], [ 101.6351337, 26.3996111 ], [ 101.635643, 26.3993879 ], [ 101.6358178, 26.3992239 ], [ 101.6359614, 26.3990123 ], [ 101.6360483, 26.3987516 ], [ 101.6360903, 26.3985586 ], [ 101.6360836, 26.3983916 ], [ 101.634948, 26.3886768 ], [ 101.634467, 26.3882787 ], [ 101.6338922, 26.3876435 ], [ 101.6337054, 26.3872459 ], [ 101.6312068, 26.3818185 ], [ 101.6311558, 26.3816739 ], [ 101.6310762, 26.3814479 ], [ 101.6278389, 26.37162 ], [ 101.627611, 26.3615943 ], [ 101.6335647, 26.3601252 ], [ 101.6338511, 26.3600912 ], [ 101.6341483, 26.3600569 ], [ 101.6345311, 26.3600499 ], [ 101.6349487, 26.3601668 ], [ 101.6352712, 26.3603142 ], [ 101.6356067, 26.3605668 ], [ 101.6358999, 26.3608298 ], [ 101.636212, 26.360987 ], [ 101.6364152, 26.3610311 ], [ 101.6367238, 26.361035 ], [ 101.6413415, 26.3600304 ], [ 101.6514873, 26.3576229 ], [ 101.6593212, 26.353567 ], [ 101.6610508, 26.352605 ], [ 101.6611706, 26.3524275 ], [ 101.6611647, 26.3521726 ], [ 101.6605235, 26.3490618 ], [ 101.6604844, 26.3488936 ], [ 101.6583776, 26.3438844 ], [ 101.6575821, 26.3424011 ], [ 101.6521287, 26.3338605 ], [ 101.6444217, 26.3315628 ], [ 101.6440822, 26.3315618 ], [ 101.6426955, 26.3315473 ], [ 101.6419452, 26.3314191 ], [ 101.6413929, 26.3312496 ], [ 101.6397896, 26.3305486 ], [ 101.6393394, 26.3303356 ], [ 101.6391008, 26.3301342 ], [ 101.6389364, 26.3299015 ], [ 101.6383341, 26.328458 ], [ 101.6379638, 26.3267951 ], [ 101.6378485, 26.325993 ], [ 101.6378111, 26.3254145 ], [ 101.6378132, 26.3249752 ], [ 101.6381035, 26.3230772 ], [ 101.638294, 26.3220353 ], [ 101.6383438, 26.3218454 ], [ 101.6384486, 26.3216931 ], [ 101.638595, 26.3215888 ], [ 101.6388493, 26.3214662 ], [ 101.6441528, 26.3193628 ], [ 101.6479756, 26.3181949 ], [ 101.6490819, 26.3179728 ], [ 101.6503925, 26.3176767 ], [ 101.65498, 26.3161307 ], [ 101.6590945, 26.3142727 ], [ 101.6592433, 26.3141661 ], [ 101.6592886, 26.3140268 ], [ 101.6593018, 26.3138955 ], [ 101.6590999, 26.3127291 ], [ 101.6588656, 26.311805 ], [ 101.6585419, 26.3108506 ], [ 101.6582515, 26.3100248 ], [ 101.6581144, 26.3097689 ], [ 101.6579603, 26.3095192 ], [ 101.6579045, 26.3094547 ], [ 101.6577531, 26.3093601 ], [ 101.6575378, 26.3092777 ], [ 101.6571733, 26.309151 ], [ 101.6501163, 26.3079843 ], [ 101.6482576, 26.3077114 ], [ 101.6475815, 26.3076598 ], [ 101.6461097, 26.3076942 ], [ 101.6340668, 26.3139394 ], [ 101.629112, 26.3174569 ], [ 101.6257238, 26.3199162 ], [ 101.6256143, 26.319969 ], [ 101.6254681, 26.3199846 ], [ 101.6252484, 26.3199711 ], [ 101.6212148, 26.3188553 ], [ 101.6063209, 26.3138888 ], [ 101.5955023, 26.3081514 ], [ 101.5953255, 26.3080382 ], [ 101.5952682, 26.3079506 ], [ 101.5945226, 26.2925667 ], [ 101.5918265, 26.2920413 ], [ 101.5913351, 26.2919415 ], [ 101.5910395, 26.2918443 ], [ 101.5908148, 26.2917663 ], [ 101.5903708, 26.2915468 ], [ 101.5894143, 26.2907889 ], [ 101.5890159, 26.2904701 ], [ 101.5884136, 26.2899495 ], [ 101.5855264, 26.2871 ], [ 101.585343, 26.2869142 ], [ 101.5852892, 26.2868366 ], [ 101.5851444, 26.2866161 ], [ 101.5850025, 26.2863945 ], [ 101.5842112, 26.2847184 ], [ 101.5841481, 26.2843351 ], [ 101.5841121, 26.2839869 ], [ 101.5841341, 26.2836881 ], [ 101.58419, 26.2836215 ], [ 101.5842905, 26.2835338 ], [ 101.5844306, 26.2834758 ], [ 101.5847607, 26.2834403 ], [ 101.5863039, 26.2833219 ], [ 101.5868496, 26.2833759 ], [ 101.5872588, 26.2834478 ], [ 101.5882847, 26.2836797 ], [ 101.5883612, 26.2837098 ], [ 101.5941682, 26.2819118 ], [ 101.5945651, 26.2817739 ], [ 101.5948486, 26.2816636 ], [ 101.5951337, 26.281496 ], [ 101.5955156, 26.281251 ], [ 101.5957907, 26.2810693 ], [ 101.5960659, 26.2808832 ], [ 101.5964399, 26.2806225 ], [ 101.5966359, 26.280471 ], [ 101.5968105, 26.2802845 ], [ 101.5968572, 26.2802266 ], [ 101.5968943, 26.2801769 ], [ 101.597053, 26.2799411 ], [ 101.5972078, 26.2797036 ], [ 101.5973023, 26.2794839 ], [ 101.5973033, 26.2793934 ], [ 101.5963369, 26.2677469 ], [ 101.5963001, 26.2674837 ], [ 101.6041082, 26.2625303 ], [ 101.6063829, 26.2620033 ], [ 101.6087619, 26.2602625 ], [ 101.6090559, 26.2600444 ], [ 101.6151142, 26.2543699 ], [ 101.6151575, 26.2541881 ], [ 101.6151558, 26.2540293 ], [ 101.6151533, 26.2539194 ], [ 101.614592, 26.2509046 ], [ 101.6142839, 26.2495192 ], [ 101.6136346, 26.2482184 ], [ 101.6135782, 26.2481243 ], [ 101.6135358, 26.2480179 ], [ 101.613519, 26.2479083 ], [ 101.613517, 26.2478151 ], [ 101.6135829, 26.2474647 ], [ 101.6136947, 26.2471522 ], [ 101.6138198, 26.2468438 ], [ 101.6152295, 26.2440594 ], [ 101.6161818, 26.2425083 ], [ 101.6164228, 26.2421263 ], [ 101.616632, 26.2418266 ], [ 101.62454, 26.231081 ], [ 101.6246995, 26.2308878 ], [ 101.6248636, 26.2307428 ], [ 101.6284382, 26.227935 ], [ 101.6286597, 26.2278589 ], [ 101.628876, 26.2278199 ], [ 101.6292319, 26.2277986 ], [ 101.6295716, 26.2278043 ], [ 101.6300385, 26.2278201 ], [ 101.6303777, 26.2278367 ], [ 101.6306373, 26.2278637 ], [ 101.6308962, 26.2278956 ], [ 101.6310647, 26.227927 ], [ 101.6379949, 26.2297984 ], [ 101.6380401, 26.2298243 ], [ 101.6380817, 26.2298552 ], [ 101.6383015, 26.2300959 ], [ 101.6385086, 26.2303459 ], [ 101.6388127, 26.2307873 ], [ 101.6389305, 26.2310431 ], [ 101.6390982, 26.2314198 ], [ 101.6392681, 26.2317956 ], [ 101.63939, 26.2320505 ], [ 101.6394943, 26.232225 ], [ 101.6396839, 26.232481 ], [ 101.6430443, 26.2350877 ], [ 101.6434335, 26.2353632 ], [ 101.6436495, 26.2354853 ], [ 101.6454061, 26.2360409 ], [ 101.6523266, 26.2375777 ], [ 101.6525366, 26.2376218 ], [ 101.6548119, 26.2378042 ], [ 101.6549088, 26.2377972 ], [ 101.6549708, 26.2377874 ], [ 101.6550654, 26.2377712 ], [ 101.655259, 26.2377184 ], [ 101.6571051, 26.2370173 ], [ 101.6573008, 26.2369306 ], [ 101.6574803, 26.2368072 ], [ 101.6596199, 26.2352382 ], [ 101.6604471, 26.2344822 ], [ 101.6607089, 26.2342619 ], [ 101.6608362, 26.2342111 ], [ 101.6628858, 26.2336947 ], [ 101.6631859, 26.2336303 ], [ 101.6634872, 26.2335716 ], [ 101.6637803, 26.2335486 ], [ 101.6640741, 26.2335326 ], [ 101.6644478, 26.2335249 ], [ 101.6649618, 26.2335199 ], [ 101.6653356, 26.2335212 ], [ 101.6668621, 26.2336018 ], [ 101.6676039, 26.2338264 ], [ 101.6739105, 26.2359231 ], [ 101.6741872, 26.2360205 ], [ 101.6745553, 26.2361937 ], [ 101.6746387, 26.2362337 ], [ 101.6892666, 26.2449374 ], [ 101.6915786, 26.2472152 ], [ 101.6954909, 26.2395442 ], [ 101.6973074, 26.2340493 ], [ 101.6974001, 26.2312323 ], [ 101.6974549, 26.2309894 ], [ 101.6984039, 26.2299111 ], [ 101.7005053, 26.2275684 ], [ 101.7006201, 26.2274539 ], [ 101.7009354, 26.2272478 ], [ 101.7010854, 26.2271794 ], [ 101.7012689, 26.2271436 ], [ 101.7016945, 26.2271024 ], [ 101.7021213, 26.2270722 ], [ 101.7024902, 26.2270726 ], [ 101.7120746, 26.2271719 ], [ 101.7124033, 26.2272687 ], [ 101.713132, 26.2275038 ], [ 101.7133523, 26.2275785 ], [ 101.713713, 26.2278018 ], [ 101.7146548, 26.2284282 ], [ 101.722943, 26.2269534 ], [ 101.7234503, 26.2268209 ], [ 101.7239494, 26.2266905 ], [ 101.7343032, 26.2234997 ], [ 101.7343367, 26.2234865 ], [ 101.7378772, 26.2215273 ], [ 101.7380679, 26.2214193 ], [ 101.7418189, 26.2187976 ], [ 101.7418861, 26.2187487 ], [ 101.7510017, 26.2093752 ], [ 101.7542714, 26.2058759 ], [ 101.7543599, 26.2057671 ], [ 101.7646591, 26.190737 ], [ 101.7648043, 26.1904495 ], [ 101.7648587, 26.1903186 ], [ 101.7648651, 26.1902087 ], [ 101.764865, 26.1893668 ], [ 101.7648124, 26.1886566 ], [ 101.7648792, 26.1881089 ], [ 101.7651548, 26.187629 ], [ 101.7693022, 26.1825037 ], [ 101.7696959, 26.1821777 ], [ 101.7768219, 26.178215 ], [ 101.7971287, 26.1696264 ], [ 101.8074219, 26.1653871 ], [ 101.8073663, 26.1656694 ], [ 101.8074022, 26.1658656 ], [ 101.8075037, 26.1662011 ], [ 101.8078379, 26.1664899 ], [ 101.8079655, 26.1665904 ], [ 101.8080663, 26.1666697 ], [ 101.8089007, 26.1673244 ], [ 101.8095932, 26.1678404 ], [ 101.8097859, 26.1679305 ], [ 101.8099595, 26.1679427 ], [ 101.8101323, 26.1679237 ], [ 101.8103198, 26.167795 ], [ 101.8109509, 26.1666697 ], [ 101.8103771, 26.1585396 ], [ 101.810333, 26.158171 ], [ 101.8102855, 26.1578875 ], [ 101.8102416, 26.1576904 ], [ 101.8101857, 26.1575118 ], [ 101.8101155, 26.1573469 ], [ 101.8100365, 26.1572103 ], [ 101.8093816, 26.1562523 ], [ 101.8092577, 26.1560972 ], [ 101.8091203, 26.1559613 ], [ 101.8089641, 26.1558389 ], [ 101.8087749, 26.1557184 ], [ 101.8085011, 26.1555727 ], [ 101.8081894, 26.1554305 ], [ 101.8079169, 26.1553254 ], [ 101.807659, 26.1552478 ], [ 101.8073245, 26.1551709 ], [ 101.8068455, 26.1550794 ], [ 101.806222, 26.1549734 ], [ 101.8057396, 26.1549024 ], [ 101.8052568, 26.1548582 ], [ 101.803924, 26.1547944 ], [ 101.8037224, 26.1547688 ], [ 101.8035496, 26.1547237 ], [ 101.8033205, 26.1546263 ], [ 101.8030187, 26.1544599 ], [ 101.8027114, 26.1542699 ], [ 101.801842, 26.1537107 ], [ 101.8015476, 26.1534997 ], [ 101.8012264, 26.1532412 ], [ 101.8009132, 26.1529629 ], [ 101.8005881, 26.1526502 ], [ 101.8003699, 26.1524218 ], [ 101.799662, 26.1515866 ], [ 101.7987884, 26.1502529 ], [ 101.7978789, 26.148723 ], [ 101.7976752, 26.1480235 ], [ 101.7966207, 26.1443108 ], [ 101.7963393, 26.1170547 ], [ 101.7963427, 26.1168285 ], [ 101.7963729, 26.1166584 ], [ 101.7964256, 26.1164869 ], [ 101.796906, 26.1152139 ], [ 101.8053162, 26.1052513 ], [ 101.8157079, 26.0938027 ], [ 101.821948, 26.0889148 ], [ 101.8221424, 26.0887663 ], [ 101.8236263, 26.0877542 ], [ 101.8239694, 26.0875603 ], [ 101.8244021, 26.087348 ], [ 101.8248665, 26.0871517 ], [ 101.8267086, 26.086403 ], [ 101.8267394, 26.0864 ], [ 101.8270574, 26.0863691 ], [ 101.8273534, 26.0863557 ], [ 101.8276976, 26.0863594 ], [ 101.8313349, 26.0864075 ], [ 101.8384157, 26.0865113 ], [ 101.8390344, 26.0846649 ], [ 101.8390944, 26.0844266 ], [ 101.8396271, 26.0696008 ], [ 101.8396172, 26.0693556 ], [ 101.8395151, 26.0681262 ], [ 101.8394824, 26.0678831 ], [ 101.8394307, 26.067642 ], [ 101.839341, 26.0674053 ], [ 101.8392338, 26.0671743 ], [ 101.8390996, 26.0669558 ], [ 101.8378452, 26.0650634 ], [ 101.8366041, 26.0637425 ], [ 101.835732, 26.0629077 ], [ 101.8355429, 26.0627369 ], [ 101.8351415, 26.0624281 ], [ 101.834474, 26.0619778 ], [ 101.8340559, 26.0616473 ], [ 101.8338767, 26.061462 ], [ 101.8337232, 26.0612551 ], [ 101.8322456, 26.0590431 ], [ 101.8318349, 26.0579987 ], [ 101.8317766, 26.057821 ], [ 101.8315322, 26.0565805 ], [ 101.8314348, 26.0558296 ], [ 101.83143, 26.0553262 ], [ 101.8314803, 26.0548248 ], [ 101.8315361, 26.0545786 ], [ 101.8319035, 26.0533629 ], [ 101.8319974, 26.0531274 ], [ 101.8344841, 26.0482074 ], [ 101.8371228, 26.051218 ], [ 101.8372031, 26.0513027 ], [ 101.8374439, 26.0514745 ], [ 101.844461, 26.0560807 ], [ 101.8445319, 26.0561164 ], [ 101.8446032, 26.0561263 ], [ 101.8458947, 26.0562063 ], [ 101.8460809, 26.0562052 ], [ 101.8463295, 26.0561781 ], [ 101.8466437, 26.0561105 ], [ 101.8526543, 26.0547231 ], [ 101.8529139, 26.0546394 ], [ 101.8531543, 26.0546014 ], [ 101.8537727, 26.054572 ], [ 101.8540453, 26.0545808 ], [ 101.8566007, 26.0548362 ], [ 101.8594213, 26.055161 ], [ 101.8623821, 26.0560329 ], [ 101.8624852, 26.0560698 ], [ 101.8625945, 26.0561263 ], [ 101.8626851, 26.0561901 ], [ 101.8627846, 26.0562858 ], [ 101.8628946, 26.0564223 ], [ 101.8630118, 26.0565961 ], [ 101.8631253, 26.0567904 ], [ 101.8640208, 26.0585983 ], [ 101.8640873, 26.0587336 ], [ 101.8641423, 26.0588739 ], [ 101.8641862, 26.0590178 ], [ 101.86422, 26.0591636 ], [ 101.8642651, 26.0594931 ], [ 101.8710174, 26.0707112 ], [ 101.8778395, 26.0785983 ], [ 101.8852734, 26.0896075 ], [ 101.8891652, 26.095931 ], [ 101.8953827, 26.1046366 ], [ 101.8955597, 26.1048119 ], [ 101.8957503, 26.1049581 ], [ 101.8990684, 26.1072402 ], [ 101.8991933, 26.1073173 ], [ 101.8993191, 26.1073814 ], [ 101.8995064, 26.1074602 ], [ 101.8997905, 26.1075659 ], [ 101.9136411, 26.1126643 ], [ 101.9142594, 26.1127888 ], [ 101.9156702, 26.1129754 ], [ 101.9159399, 26.1129993 ], [ 101.9161271, 26.1129678 ], [ 101.9164141, 26.1128821 ], [ 101.9166929, 26.1127813 ], [ 101.9336275, 26.1065676 ], [ 101.9372645, 26.1045702 ], [ 101.93781, 26.1038689 ], [ 101.9403142, 26.1008114 ], [ 101.9404171, 26.1006865 ], [ 101.9405394, 26.1005579 ], [ 101.9406821, 26.1004247 ], [ 101.9408474, 26.1002867 ], [ 101.9548671, 26.0893336 ], [ 101.9549423, 26.0892811 ], [ 101.9550318, 26.0892308 ], [ 101.955248, 26.0891414 ], [ 101.9554983, 26.0890724 ], [ 101.9556724, 26.0890414 ], [ 101.9587561, 26.0886673 ], [ 101.9588698, 26.0886563 ], [ 101.9814541, 26.0918156 ], [ 101.9879055, 26.0915113 ], [ 101.9917967, 26.0922194 ], [ 101.9920299, 26.0922621 ], [ 102.0, 26.0939584 ], [ 102.0009832, 26.0937172 ], [ 102.0042024, 26.0946375 ], [ 102.0135229, 26.0977275 ], [ 102.0152596, 26.0987356 ], [ 102.0175529, 26.0996193 ], [ 102.0196404, 26.0998945 ], [ 102.0213116, 26.1001148 ], [ 102.0220603, 26.1000238 ], [ 102.0237773, 26.0998151 ], [ 102.0238334, 26.0998083 ], [ 102.0254776, 26.0995286 ], [ 102.0254385, 26.0993416 ], [ 102.0263611, 26.0978892 ], [ 102.0265694, 26.0949536 ], [ 102.0268196, 26.0946197 ], [ 102.0269332, 26.0945707 ], [ 102.0270744, 26.0936946 ], [ 102.0304522, 26.0888176 ], [ 102.039744, 26.0823413 ], [ 102.0588694, 26.0724803 ], [ 102.0685011, 26.0681836 ], [ 102.0760443, 26.0669981 ], [ 102.0776772, 26.067118 ], [ 102.0821371, 26.069155 ], [ 102.0875698, 26.0695419 ], [ 102.0881159, 26.0694569 ], [ 102.0895003, 26.0681401 ], [ 102.0937366, 26.0658082 ], [ 102.0941048, 26.0658308 ], [ 102.0965471, 26.0684225 ], [ 102.0980809, 26.0694213 ], [ 102.104237, 26.0708035 ], [ 102.1059188, 26.0707473 ], [ 102.1060415, 26.0737415 ], [ 102.1092349, 26.0779761 ], [ 102.1103639, 26.0800898 ], [ 102.110538, 26.0810116 ], [ 102.111279, 26.0849333 ], [ 102.1128986, 26.0876117 ], [ 102.1144505, 26.0891474 ], [ 102.1182804, 26.0899504 ], [ 102.1231608, 26.0894343 ], [ 102.1266717, 26.0890629 ], [ 102.1295212, 26.090019 ], [ 102.1299591, 26.0909097 ], [ 102.1297402, 26.0933803 ], [ 102.129272, 26.0986639 ], [ 102.1299438, 26.1001619 ], [ 102.132268, 26.1022489 ], [ 102.1325142, 26.1033796 ], [ 102.1325023, 26.1033816 ], [ 102.1333746, 26.1075988 ], [ 102.1348893, 26.1106133 ], [ 102.1373517, 26.1129342 ], [ 102.1399585, 26.1136605 ], [ 102.1406719, 26.1136994 ], [ 102.1419481, 26.1137691 ], [ 102.1475471, 26.1123514 ], [ 102.149244, 26.1123053 ], [ 102.1504781, 26.1127621 ], [ 102.151969, 26.1151143 ], [ 102.1531534, 26.1169829 ], [ 102.1532819, 26.1194178 ], [ 102.1541555, 26.1214821 ], [ 102.1628139, 26.1333553 ], [ 102.1654683, 26.1377373 ], [ 102.1676446, 26.1428302 ], [ 102.1725236, 26.1496958 ], [ 102.1728967, 26.1502208 ], [ 102.1848948, 26.1596671 ], [ 102.1861875, 26.160627 ], [ 102.1878012, 26.1612638 ], [ 102.1888344, 26.1613524 ], [ 102.1904157, 26.1614879 ], [ 102.1943746, 26.1612711 ], [ 102.1974659, 26.1618329 ], [ 102.2010084, 26.1635621 ], [ 102.2148996, 26.1743389 ], [ 102.2185663, 26.1764461 ], [ 102.2207777, 26.1770365 ], [ 102.2216374, 26.177266 ], [ 102.224867, 26.1791457 ], [ 102.231257, 26.1841275 ], [ 102.2328774, 26.1870662 ], [ 102.2329686, 26.187163 ], [ 102.2345988, 26.1888929 ], [ 102.2387649, 26.1901489 ], [ 102.2402577, 26.1919986 ], [ 102.2415686, 26.1951765 ], [ 102.2428508, 26.1992508 ], [ 102.24316, 26.2073685 ], [ 102.243227, 26.2091271 ], [ 102.2433533, 26.2124423 ], [ 102.2439637, 26.2159465 ], [ 102.2472105, 26.2188218 ], [ 102.2529776, 26.2223502 ], [ 102.255044, 26.2236435 ], [ 102.2606939, 26.2247754 ], [ 102.2659844, 26.2239462 ], [ 102.2665818, 26.2239185 ], [ 102.272136, 26.2236604 ], [ 102.2751805, 26.2235189 ], [ 102.2796515, 26.2238463 ], [ 102.2862718, 26.2243309 ], [ 102.2925489, 26.2259122 ], [ 102.2982321, 26.2278591 ], [ 102.2982614, 26.2278692 ], [ 102.2994908, 26.2288118 ], [ 102.300493, 26.2305651 ], [ 102.3058801, 26.2310738 ], [ 102.3098768, 26.2300829 ], [ 102.3110199, 26.2302506 ], [ 102.3125687, 26.2314185 ], [ 102.3145196, 26.2347464 ], [ 102.3159657, 26.2358497 ], [ 102.3237797, 26.2383622 ], [ 102.3285698, 26.2409853 ], [ 102.3304154, 26.240931 ], [ 102.3325142, 26.2412574 ], [ 102.3379248, 26.2443459 ], [ 102.3408633, 26.2465842 ], [ 102.3436545, 26.2476471 ], [ 102.3460222, 26.2474947 ], [ 102.3462952, 26.2475663 ], [ 102.3481647, 26.2480568 ], [ 102.3538882, 26.2535356 ], [ 102.3594097, 26.2607094 ], [ 102.3618657, 26.2623727 ], [ 102.362602, 26.2644979 ], [ 102.3664611, 26.2701486 ], [ 102.3691897, 26.2727151 ], [ 102.3720012, 26.2753593 ], [ 102.3722215, 26.2755128 ], [ 102.3731578, 26.2762391 ], [ 102.3759566, 26.2788657 ], [ 102.3769603, 26.2804287 ], [ 102.3800078, 26.2859545 ], [ 102.3820801, 26.292012 ], [ 102.3846421, 26.294607 ], [ 102.3890901, 26.2987607 ], [ 102.392926, 26.3008056 ], [ 102.4138631, 26.3034043 ], [ 102.4177605, 26.3035368 ], [ 102.4180932, 26.303514 ], [ 102.42693, 26.3029101 ], [ 102.4299868, 26.3027011 ], [ 102.4394062, 26.3045624 ], [ 102.4420447, 26.3056 ], [ 102.4465758, 26.3073816 ], [ 102.4556647, 26.3111311 ], [ 102.476611, 26.3202296 ], [ 102.4780175, 26.3209207 ], [ 102.4920198, 26.3277988 ], [ 102.5002431, 26.3275918 ], [ 102.5039229, 26.3281062 ], [ 102.5060892, 26.3293138 ], [ 102.507425, 26.3300583 ], [ 102.5270639, 26.3353621 ], [ 102.5295173, 26.3363696 ], [ 102.5295096, 26.3363849 ], [ 102.5303119, 26.3367061 ], [ 102.5303162, 26.3366977 ], [ 102.5312885, 26.337097 ], [ 102.5355336, 26.3396389 ], [ 102.5355871, 26.3396599 ], [ 102.5355959, 26.3396633 ], [ 102.5356587, 26.339688 ], [ 102.5358613, 26.3397674 ], [ 102.5359895, 26.3398177 ], [ 102.5360555, 26.3398436 ], [ 102.5364854, 26.3400122 ], [ 102.5375466, 26.3404284 ], [ 102.541084, 26.3430969 ], [ 102.5421545, 26.3474836 ], [ 102.542479, 26.3488132 ], [ 102.5430889, 26.3513125 ], [ 102.5434159, 26.3569942 ], [ 102.543589, 26.3600037 ], [ 102.5471323, 26.363933 ], [ 102.5499986, 26.366031 ], [ 102.5536218, 26.3669383 ], [ 102.5540863, 26.3669569 ], [ 102.5627416, 26.3673028 ], [ 102.5642537, 26.3673632 ], [ 102.568238, 26.3669868 ], [ 102.5688372, 26.3667269 ], [ 102.5714161, 26.365608 ], [ 102.5793478, 26.3597099 ], [ 102.5797439, 26.3595122 ], [ 102.5800289, 26.35937 ], [ 102.5805341, 26.3591178 ], [ 102.5845231, 26.3571268 ], [ 102.5856443, 26.3565672 ], [ 102.5861515, 26.356314 ], [ 102.5873181, 26.3557317 ], [ 102.5887525, 26.3550157 ], [ 102.5887706, 26.3550066 ], [ 102.5896342, 26.3545755 ], [ 102.5910588, 26.3538643 ], [ 102.5916184, 26.3535849 ], [ 102.5932509, 26.3527232 ], [ 102.6057227, 26.3487395 ], [ 102.609276, 26.3476043 ], [ 102.6159165, 26.3479442 ], [ 102.6196545, 26.3471324 ], [ 102.6256481, 26.3433346 ], [ 102.6273965, 26.3411181 ], [ 102.6278683, 26.34052 ], [ 102.6302634, 26.3353584 ], [ 102.630568, 26.334534 ], [ 102.634997, 26.3225461 ], [ 102.6373279, 26.312277 ], [ 102.6370122, 26.3104063 ], [ 102.6355395, 26.3080915 ], [ 102.6331776, 26.3067343 ], [ 102.6323555, 26.3062619 ], [ 102.6319009, 26.3060006 ], [ 102.6272938, 26.3025831 ], [ 102.6123674, 26.2888164 ], [ 102.6106777, 26.2868718 ], [ 102.6103584, 26.2865043 ], [ 102.6089576, 26.2839188 ], [ 102.6076257, 26.2798941 ], [ 102.6066613, 26.2707277 ], [ 102.6051921, 26.2651067 ], [ 102.6041351, 26.2628739 ], [ 102.6039245, 26.262429 ], [ 102.6021214, 26.2609585 ], [ 102.6006908, 26.2566605 ], [ 102.6007197, 26.256504 ], [ 102.6007478, 26.2563521 ], [ 102.6014181, 26.2527232 ], [ 102.6015453, 26.252035 ], [ 102.6015827, 26.2518323 ], [ 102.6027118, 26.2511403 ], [ 102.6048525, 26.2498283 ], [ 102.607444, 26.2491389 ], [ 102.6139252, 26.2492755 ], [ 102.615644, 26.2493117 ], [ 102.6160289, 26.2493198 ], [ 102.6170117, 26.2493405 ], [ 102.6198995, 26.248987 ], [ 102.6225295, 26.2439299 ], [ 102.6324956, 26.2373527 ], [ 102.6355184, 26.2354898 ], [ 102.6428868, 26.2323639 ], [ 102.6471393, 26.2311821 ], [ 102.6540627, 26.2280247 ], [ 102.6563768, 26.2259928 ], [ 102.658287, 26.2243154 ], [ 102.6599575, 26.2206469 ], [ 102.6616976, 26.2134964 ], [ 102.6624608, 26.2129943 ], [ 102.6638179, 26.2121012 ], [ 102.6690791, 26.2097391 ], [ 102.6690801, 26.2097408 ], [ 102.6692218, 26.209675 ], [ 102.6709586, 26.2094121 ], [ 102.674224, 26.2089177 ], [ 102.6859368, 26.211669 ], [ 102.6897622, 26.2148241 ], [ 102.6962636, 26.2183644 ], [ 102.6976127, 26.218327 ], [ 102.699189, 26.217384 ], [ 102.6994647, 26.2168335 ], [ 102.7009603, 26.2138465 ], [ 102.7057822, 26.2136048 ], [ 102.7079856, 26.2140532 ], [ 102.7091552, 26.2146403 ], [ 102.7116541, 26.2158946 ], [ 102.7133628, 26.2177136 ], [ 102.7181016, 26.2249236 ], [ 102.7215304, 26.2316965 ], [ 102.7215656, 26.2339168 ], [ 102.7209778, 26.2354467 ], [ 102.7208622, 26.2357476 ], [ 102.7207493, 26.2455579 ], [ 102.7231543, 26.2507856 ], [ 102.7237066, 26.2518292 ], [ 102.7285579, 26.2587762 ], [ 102.728873, 26.2590303 ], [ 102.7308667, 26.2606384 ], [ 102.7355461, 26.2644125 ], [ 102.737417, 26.2665319 ], [ 102.7389121, 26.2698026 ], [ 102.7385758, 26.2729617 ], [ 102.7399346, 26.2744827 ], [ 102.7463919, 26.2771701 ], [ 102.751103, 26.2775398 ], [ 102.7532515, 26.2772994 ], [ 102.7547513, 26.2771316 ], [ 102.7579208, 26.2779584 ], [ 102.7601268, 26.2790724 ], [ 102.7632211, 26.2813231 ], [ 102.7665978, 26.2863417 ], [ 102.7688618, 26.2906953 ], [ 102.7711301, 26.2935806 ], [ 102.7735035, 26.2956456 ], [ 102.7749707, 26.2969222 ], [ 102.7835691, 26.3020214 ], [ 102.785066, 26.3026707 ], [ 102.7906061, 26.3040521 ], [ 102.7988549, 26.3061084 ], [ 102.8024277, 26.3061214 ], [ 102.8079327, 26.3081366 ], [ 102.8113999, 26.3094057 ], [ 102.8252369, 26.3082777 ], [ 102.8333909, 26.3107305 ], [ 102.8339878, 26.3138356 ], [ 102.8365584, 26.3171947 ], [ 102.8381628, 26.3182811 ], [ 102.8442962, 26.3207656 ], [ 102.8462196, 26.3221248 ], [ 102.8498161, 26.3246663 ], [ 102.8520471, 26.3284755 ], [ 102.8527419, 26.3320303 ], [ 102.8601884, 26.3375902 ], [ 102.8648467, 26.3419671 ], [ 102.8655035, 26.3425842 ], [ 102.8665904, 26.3441807 ], [ 102.8677311, 26.3488723 ], [ 102.8688566, 26.3533355 ], [ 102.8744726, 26.3610199 ], [ 102.8773503, 26.3673463 ], [ 102.877829, 26.3683986 ], [ 102.8783166, 26.3694705 ], [ 102.8794182, 26.3698673 ], [ 102.8795212, 26.3699044 ], [ 102.8811455, 26.3686422 ], [ 102.8815255, 26.3683469 ], [ 102.883113, 26.3663233 ], [ 102.884313, 26.3647936 ], [ 102.8872794, 26.363199 ], [ 102.8892636, 26.3609369 ], [ 102.887441, 26.35739 ], [ 102.8857002, 26.3540019 ], [ 102.8852458, 26.3512125 ], [ 102.8865813, 26.3480139 ], [ 102.8889802, 26.3451724 ], [ 102.891043, 26.3427289 ], [ 102.8930239, 26.3421274 ], [ 102.8986586, 26.3429773 ], [ 102.9005245, 26.3434199 ], [ 102.9026501, 26.343924 ], [ 102.9061385, 26.3447512 ], [ 102.9151441, 26.3455653 ], [ 102.9164329, 26.3451017 ], [ 102.918748, 26.3442689 ], [ 102.9246745, 26.3383169 ], [ 102.9268286, 26.3393422 ], [ 102.9280233, 26.3399107 ], [ 102.9298426, 26.3407765 ], [ 102.9361586, 26.3423014 ], [ 102.9362818, 26.3423311 ], [ 102.938261, 26.3434608 ], [ 102.9419629, 26.3441471 ], [ 102.9448077, 26.3446745 ], [ 102.9579428, 26.3438444 ], [ 102.9614006, 26.3439118 ], [ 102.9690744, 26.3440609 ], [ 102.9726833, 26.3444968 ], [ 102.974657, 26.3447351 ], [ 102.976589, 26.345452 ], [ 102.9777903, 26.3458977 ], [ 102.9829471, 26.3489742 ], [ 102.9880144, 26.3547411 ], [ 102.9891792, 26.359998 ], [ 102.9893979, 26.3652936 ], [ 102.9899107, 26.3673554 ], [ 102.9899263, 26.3673772 ], [ 102.9929549, 26.3716308 ], [ 102.9961, 26.3750883 ], [ 102.9968058, 26.3772763 ], [ 102.9932927, 26.3844715 ], [ 102.9924386, 26.3888477 ], [ 102.9910783, 26.3958174 ], [ 102.9872248, 26.4077785 ], [ 102.9865232, 26.4120079 ], [ 102.9871888, 26.4190552 ], [ 102.9890942, 26.4332934 ], [ 102.9895588, 26.4359681 ], [ 102.991827, 26.442477 ], [ 102.9954207, 26.4485997 ], [ 102.9964185, 26.4511806 ], [ 102.9965186, 26.4521442 ], [ 102.9966988, 26.4538803 ], [ 102.9960915, 26.4632297 ], [ 102.9951839, 26.4647462 ], [ 102.9925627, 26.4713079 ], [ 102.9907345, 26.4745401 ], [ 102.9887309, 26.4780822 ], [ 102.9880158, 26.4838006 ], [ 102.9883911, 26.4848571 ], [ 102.9892687, 26.4854979 ], [ 102.9919019, 26.4866816 ], [ 102.9922622, 26.4868436 ], [ 102.9924438, 26.4869252 ], [ 103.0002572, 26.4889896 ], [ 103.0027453, 26.4885224 ], [ 103.0046268, 26.4875097 ], [ 103.005311, 26.4871415 ], [ 103.0128711, 26.4860788 ], [ 103.0173116, 26.4859823 ], [ 103.0200956, 26.4867585 ], [ 103.0202617, 26.4868048 ], [ 103.0302317, 26.4898315 ], [ 103.0312628, 26.4903439 ], [ 103.0322927, 26.4916558 ], [ 103.039031, 26.50268 ], [ 103.038984, 26.5027033 ], [ 103.0403793, 26.5048855 ], [ 103.0405516, 26.5108136 ], [ 103.0420823, 26.5151331 ], [ 103.0439407, 26.5162332 ], [ 103.0482502, 26.5177046 ], [ 103.050377, 26.5190846 ], [ 103.0519527, 26.5221907 ], [ 103.0531846, 26.5246189 ], [ 103.0535966, 26.5264974 ], [ 103.0547618, 26.5343119 ], [ 103.0546915, 26.5364602 ], [ 103.0538765, 26.5391298 ], [ 103.0524512, 26.5437984 ], [ 103.052475, 26.5452099 ], [ 103.0529424, 26.5460445 ], [ 103.0540525, 26.5480266 ], [ 103.054629, 26.5502758 ], [ 103.0517875, 26.5568075 ], [ 103.0505512, 26.5582615 ], [ 103.0496974, 26.5592658 ], [ 103.047638, 26.5599131 ], [ 103.0456246, 26.5598547 ], [ 103.0398475, 26.5582709 ], [ 103.035855, 26.5581545 ], [ 103.0348962, 26.5583255 ], [ 103.0338554, 26.5592936 ], [ 103.0315292, 26.5635599 ], [ 103.0308902, 26.5651737 ], [ 103.0293525, 26.5690563 ], [ 103.0288241, 26.5759879 ], [ 103.0270467, 26.5800774 ], [ 103.0225572, 26.5869846 ], [ 103.0181382, 26.5917435 ], [ 103.0161964, 26.5954314 ], [ 103.016736, 26.5978031 ], [ 103.0187431, 26.5982609 ], [ 103.0216746, 26.5998214 ], [ 103.0236362, 26.6008655 ], [ 103.0246657, 26.6014135 ], [ 103.0265215, 26.6027287 ], [ 103.0280827, 26.6052987 ], [ 103.0281141, 26.6058701 ], [ 103.0282129, 26.6076646 ], [ 103.0265893, 26.6127081 ], [ 103.0253075, 26.6197212 ], [ 103.0252559, 26.6207336 ], [ 103.0271332, 26.6287731 ], [ 103.0264389, 26.6314039 ], [ 103.0242374, 26.636255 ], [ 103.0222735, 26.6431664 ], [ 103.0225055, 26.6455645 ], [ 103.0232112, 26.6462497 ], [ 103.025229, 26.6481199 ], [ 103.0256866, 26.6493237 ], [ 103.025822, 26.6518161 ], [ 103.026222, 26.6591803 ], [ 103.026491, 26.6641335 ], [ 103.026491, 26.6641338 ], [ 103.0261839, 26.6660942 ], [ 103.016988, 26.6731374 ], [ 103.0168098, 26.6732424 ], [ 103.0137946, 26.6750183 ], [ 103.0109213, 26.6759589 ], [ 103.0084382, 26.6767716 ], [ 103.0062906, 26.6782586 ], [ 103.0042782, 26.680681 ], [ 103.0036376, 26.6826558 ], [ 103.0048828, 26.700204 ], [ 103.0057011, 26.7018237 ], [ 103.0088653, 26.7038054 ], [ 103.0086627, 26.7061573 ], [ 103.0083162, 26.7101802 ], [ 103.0074944, 26.7128019 ], [ 103.0063091, 26.7145046 ], [ 103.0025335, 26.7184013 ], [ 102.999184, 26.7201065 ], [ 102.9983735, 26.7209802 ], [ 102.9972862, 26.7221521 ], [ 102.995739, 26.7251447 ], [ 102.9951176, 26.7276793 ], [ 102.9953648, 26.729326 ], [ 102.9994599, 26.7305863 ], [ 103.0005547, 26.7315545 ], [ 103.0010104, 26.7353309 ], [ 103.0008485, 26.7367998 ], [ 103.0006924, 26.7382155 ], [ 102.9996393, 26.7402842 ], [ 102.99538, 26.7408093 ], [ 102.9938036, 26.7414894 ], [ 102.9928157, 26.7428098 ], [ 102.9920196, 26.7457614 ], [ 102.9916291, 26.7472095 ], [ 102.9908175, 26.7502187 ], [ 102.9896078, 26.7547039 ], [ 102.9866495, 26.7622545 ], [ 102.9857245, 26.7638785 ], [ 102.9825372, 26.769474 ], [ 102.983184, 26.770983 ], [ 102.9875794, 26.7731327 ], [ 102.9891801, 26.7749949 ], [ 102.9898053, 26.7767496 ], [ 102.9900668, 26.7774835 ], [ 102.9894661, 26.7797851 ], [ 102.989075, 26.7800729 ], [ 102.9818945, 26.785356 ], [ 102.9815465, 26.7858379 ], [ 102.9793007, 26.7889477 ], [ 102.9783092, 26.7919067 ], [ 102.9783372, 26.7947398 ], [ 102.9805318, 26.8033862 ], [ 102.9806232, 26.8055881 ], [ 102.9800402, 26.8075697 ], [ 102.9792229, 26.8095245 ], [ 102.9764985, 26.8129807 ], [ 102.9756462, 26.8140619 ], [ 102.9696795, 26.8190819 ], [ 102.9660731, 26.8263324 ], [ 102.9659525, 26.8273333 ], [ 102.9665527, 26.8287387 ], [ 102.9684223, 26.830806 ], [ 102.9690276, 26.8321748 ], [ 102.9692252, 26.834879 ], [ 102.9681626, 26.8368425 ], [ 102.9672733, 26.8378754 ], [ 102.9635734, 26.8421721 ], [ 102.9612691, 26.843835 ], [ 102.9577419, 26.8449272 ], [ 102.953781, 26.8449928 ], [ 102.9518531, 26.8453747 ], [ 102.9512371, 26.8454967 ], [ 102.9462714, 26.8473297 ], [ 102.942127, 26.8537466 ], [ 102.9401711, 26.8574669 ], [ 102.9401817, 26.8574714 ], [ 102.9372178, 26.8631461 ], [ 102.9346824, 26.8660391 ], [ 102.9286749, 26.8708305 ], [ 102.9222963, 26.8794016 ], [ 102.9193569, 26.8842376 ], [ 102.9183731, 26.8867205 ], [ 102.9128172, 26.8960507 ], [ 102.9115794, 26.8980552 ], [ 102.9048627, 26.907257 ], [ 102.9032653, 26.9086514 ], [ 102.9031461, 26.9087555 ], [ 102.8985583, 26.9113125 ], [ 102.8962072, 26.9133029 ], [ 102.8952581, 26.9148029 ], [ 102.8950149, 26.9160873 ], [ 102.8954607, 26.918958 ], [ 102.8960632, 26.922838 ], [ 102.8943824, 26.9339165 ], [ 102.8940127, 26.9363532 ], [ 102.893883, 26.9372079 ], [ 102.8936472, 26.9387617 ], [ 102.8933681, 26.9391537 ], [ 102.8929404, 26.9397545 ], [ 102.8897964, 26.9441704 ], [ 102.8891338, 26.9448744 ], [ 102.8887122, 26.9453224 ], [ 102.8883244, 26.9467029 ], [ 102.8875249, 26.9548615 ], [ 102.8875369, 26.9556113 ], [ 102.8875844, 26.9585959 ], [ 102.8876007, 26.9596213 ], [ 102.8888737, 26.9610755 ], [ 102.8899898, 26.9649296 ], [ 102.890129, 26.9654102 ], [ 102.8911891, 26.9690704 ], [ 102.8933877, 26.975282 ], [ 102.8935617, 26.9765656 ], [ 102.8935841, 26.9767306 ], [ 102.894121, 26.9806908 ], [ 102.8928471, 26.9872199 ], [ 102.8926708, 26.9907864 ], [ 102.892729, 26.9947299 ], [ 102.8928431, 26.9953477 ], [ 102.8937286, 27.0001404 ], [ 102.8936974, 27.0009589 ], [ 102.8935543, 27.004717 ], [ 102.890883, 27.010132 ], [ 102.8851608, 27.0158424 ], [ 102.8802994, 27.0190007 ], [ 102.8793518, 27.01975 ], [ 102.876227, 27.0222206 ], [ 102.8717862, 27.0257315 ], [ 102.8703083, 27.0280976 ], [ 102.8697078, 27.0301829 ], [ 102.87004, 27.0322707 ], [ 102.8716685, 27.0349019 ], [ 102.8727356, 27.0361265 ], [ 102.8727323, 27.0361287 ], [ 102.8756744, 27.0395213 ], [ 102.8756866, 27.0395128 ], [ 102.8763332, 27.0402547 ], [ 102.8781989, 27.0432753 ], [ 102.8818422, 27.0552699 ], [ 102.8821295, 27.0562156 ], [ 102.8822879, 27.056964 ], [ 102.8823301, 27.0571637 ], [ 102.8831895, 27.0612251 ], [ 102.8832017, 27.0613528 ], [ 102.8833688, 27.0630976 ], [ 102.8871654, 27.0685523 ], [ 102.8899307, 27.0708339 ], [ 102.8901159, 27.0709867 ], [ 102.8926482, 27.0730759 ], [ 102.8961991, 27.0770187 ], [ 102.8971036, 27.0790513 ], [ 102.8974492, 27.0798279 ], [ 102.8975078, 27.081758 ], [ 102.897468, 27.0892392 ], [ 102.897648, 27.0948518 ], [ 102.8982986, 27.0965936 ], [ 102.9018936, 27.1036018 ], [ 102.9025329, 27.1047949 ], [ 102.9051229, 27.1096281 ], [ 102.9062523, 27.1126768 ], [ 102.9062821, 27.1126677 ], [ 102.9079057, 27.1169252 ], [ 102.9087804, 27.1204728 ], [ 102.9081577, 27.1232409 ], [ 102.9093802, 27.1266531 ], [ 102.9117276, 27.1370072 ], [ 102.9119689, 27.1437877 ], [ 102.9116475, 27.1449212 ], [ 102.9080736, 27.1575242 ], [ 102.9038657, 27.1710689 ], [ 102.9038885, 27.1740916 ], [ 102.9039814, 27.1742837 ], [ 102.9063208, 27.1791212 ], [ 102.9069605, 27.1813525 ], [ 102.9066832, 27.1836969 ], [ 102.9030526, 27.1898134 ], [ 102.9030301, 27.1898933 ], [ 102.9021216, 27.1931259 ], [ 102.9009531, 27.1972833 ], [ 102.9012691, 27.2012772 ], [ 102.9032272, 27.2049711 ], [ 102.9032189, 27.2052306 ], [ 102.902906, 27.2150618 ], [ 102.9033335, 27.2242416 ], [ 102.9026544, 27.2308435 ], [ 102.9014471, 27.2355146 ], [ 102.9012152, 27.2360309 ], [ 102.9011805, 27.2360161 ], [ 102.8986869, 27.2407061 ], [ 102.8956554, 27.2434346 ], [ 102.8875257, 27.2485845 ], [ 102.885889, 27.2502699 ], [ 102.8817841, 27.2612174 ], [ 102.8815646, 27.2651032 ], [ 102.881399, 27.2680356 ], [ 102.8806786, 27.2716112 ], [ 102.8806914, 27.2746534 ], [ 102.8819591, 27.2780298 ], [ 102.8824175, 27.2805167 ], [ 102.8831187, 27.2843205 ], [ 102.8814311, 27.292598 ], [ 102.8806774, 27.2962939 ], [ 102.8812228, 27.3005577 ], [ 102.8833252, 27.3031981 ], [ 102.8894954, 27.3076653 ], [ 102.8911384, 27.3094239 ], [ 102.8941934, 27.3134971 ], [ 102.8950173, 27.3149636 ], [ 102.8956305, 27.3160549 ], [ 102.8977927, 27.3199033 ], [ 102.9009169, 27.3289546 ], [ 102.9019012, 27.3318059 ], [ 102.9021216, 27.3324443 ], [ 102.9032092, 27.334841 ], [ 102.9046677, 27.3380546 ], [ 102.9059666, 27.3414 ], [ 102.9065624, 27.3429343 ], [ 102.9098242, 27.3513336 ], [ 102.9110984, 27.3546145 ], [ 102.9159883, 27.3627002 ], [ 102.9204249, 27.3692627 ], [ 102.9211844, 27.3712027 ], [ 102.921708, 27.3750004 ], [ 102.9219409, 27.376689 ], [ 102.9219432, 27.3767054 ], [ 102.9291088, 27.3848946 ], [ 102.933956, 27.3936344 ], [ 102.9356848, 27.3980215 ], [ 102.9361496, 27.4005238 ], [ 102.9392936, 27.4076508 ], [ 102.9396994, 27.4085706 ], [ 102.9398971, 27.4088758 ], [ 102.9410098, 27.4105933 ], [ 102.942327, 27.4126263 ], [ 102.9425862, 27.4130263 ], [ 102.9448515, 27.4149251 ], [ 102.9457485, 27.4156769 ], [ 102.9462493, 27.4160966 ], [ 102.948295, 27.4162966 ], [ 102.9495099, 27.4164154 ], [ 102.9516683, 27.4166263 ], [ 102.9534431, 27.4153946 ], [ 102.9535756, 27.4151427 ], [ 102.9545052, 27.4133763 ], [ 102.9565759, 27.4094411 ], [ 102.95733, 27.4074572 ], [ 102.9584886, 27.399616 ], [ 102.9589058, 27.3986632 ], [ 102.9603035, 27.395471 ], [ 102.9609033, 27.3941009 ], [ 102.9622222, 27.3918897 ], [ 102.9697023, 27.380828 ], [ 102.9709315, 27.3796754 ], [ 102.9786576, 27.3731292 ], [ 102.9817836, 27.3714887 ], [ 102.9850541, 27.3709728 ], [ 102.986896, 27.3713524 ], [ 102.988576, 27.3716986 ], [ 102.9887914, 27.3717739 ], [ 102.9896579, 27.3721876 ], [ 102.9899695, 27.3725123 ], [ 102.9903486, 27.3732098 ], [ 102.9907499, 27.3738192 ], [ 102.991062, 27.3741145 ], [ 102.9913321, 27.3742251 ], [ 102.9916474, 27.3743474 ], [ 102.9925931, 27.3744898 ], [ 102.9935172, 27.3746872 ], [ 102.9943833, 27.3751266 ], [ 102.9953829, 27.3759397 ], [ 102.9963031, 27.3763541 ], [ 102.9970731, 27.3766375 ], [ 102.9975315, 27.3767482 ], [ 102.9983539, 27.3769467 ], [ 102.9986681, 27.3770156 ], [ 102.9998593, 27.3772236 ], [ 103.0011149, 27.3775326 ], [ 103.0016518, 27.3777428 ], [ 103.002477, 27.3780142 ], [ 103.0025166, 27.3780269 ], [ 103.0102083, 27.3810238 ], [ 103.0190674, 27.3832843 ], [ 103.0233546, 27.3854244 ], [ 103.0313791, 27.3914434 ], [ 103.0381429, 27.3974833 ], [ 103.0458667, 27.4049166 ], [ 103.0482239, 27.4077239 ], [ 103.0507515, 27.4107341 ], [ 103.0530911, 27.4125667 ], [ 103.0598889, 27.4141157 ], [ 103.0624773, 27.4137198 ], [ 103.0639669, 27.4131906 ], [ 103.0660889, 27.4124367 ], [ 103.0687359, 27.4113543 ], [ 103.0693281, 27.4111122 ], [ 103.0702493, 27.4102807 ], [ 103.0767582, 27.4008824 ], [ 103.0774925, 27.400427 ], [ 103.0803238, 27.400523 ], [ 103.0832443, 27.4017531 ], [ 103.0876737, 27.4020769 ], [ 103.0929903, 27.4013887 ], [ 103.0953442, 27.401084 ], [ 103.0976417, 27.4007865 ], [ 103.0992394, 27.4011312 ], [ 103.1029809, 27.4019382 ], [ 103.1085872, 27.4035065 ], [ 103.1096223, 27.4043532 ], [ 103.1149474, 27.4087089 ], [ 103.115136, 27.4088632 ], [ 103.1238497, 27.4159448 ], [ 103.1309818, 27.4195374 ], [ 103.1312003, 27.4196475 ], [ 103.1378598, 27.4230015 ], [ 103.1405955, 27.4252137 ], [ 103.1426185, 27.4292249 ], [ 103.1427931, 27.4308555 ], [ 103.1432352, 27.4349834 ], [ 103.1421693, 27.4471391 ], [ 103.1421674, 27.4494209 ], [ 103.1421646, 27.4529941 ], [ 103.1485406, 27.4668121 ], [ 103.1588624, 27.4816548 ], [ 103.1620252, 27.4868371 ], [ 103.1651312, 27.4919258 ], [ 103.166195, 27.4936558 ], [ 103.1686005, 27.4953169 ], [ 103.1751775, 27.4982595 ], [ 103.1769789, 27.4997705 ], [ 103.1772015, 27.5066154 ], [ 103.1788704, 27.5111547 ], [ 103.182984, 27.5201676 ], [ 103.1877109, 27.5264895 ], [ 103.1914883, 27.5287456 ], [ 103.1986545, 27.5309774 ], [ 103.2040242, 27.533473 ], [ 103.2070079, 27.5365125 ], [ 103.2084089, 27.539544 ], [ 103.2102921, 27.5436189 ], [ 103.2130109, 27.5480228 ], [ 103.2139738, 27.5528691 ], [ 103.2160419, 27.5576176 ], [ 103.2162612, 27.558121 ], [ 103.2156399, 27.5600325 ], [ 103.2159551, 27.5635296 ], [ 103.2174582, 27.5672612 ], [ 103.2212838, 27.5703795 ], [ 103.2227405, 27.5706626 ], [ 103.2227376, 27.5706745 ], [ 103.2235342, 27.5708211 ], [ 103.2235352, 27.570817 ], [ 103.2237526, 27.5708593 ], [ 103.23002, 27.5732047 ], [ 103.2323271, 27.573415 ], [ 103.2338496, 27.5735537 ], [ 103.2369282, 27.5738341 ], [ 103.2405525, 27.5729195 ], [ 103.2415114, 27.5728179 ], [ 103.2415115, 27.5728186 ], [ 103.241611, 27.5728082 ], [ 103.2416109, 27.5728074 ], [ 103.2464231, 27.5722971 ], [ 103.2543614, 27.5724933 ], [ 103.2568004, 27.5721959 ], [ 103.2608067, 27.5717073 ], [ 103.26131, 27.5713357 ], [ 103.2654874, 27.5682507 ], [ 103.272007, 27.566341 ], [ 103.2732197, 27.5660157 ], [ 103.2740474, 27.5657936 ], [ 103.2787316, 27.5652282 ], [ 103.2868549, 27.5658275 ], [ 103.2920239, 27.5684225 ], [ 103.2927287, 27.569101 ], [ 103.2931271, 27.5698172 ], [ 103.2933699, 27.5728874 ], [ 103.2921824, 27.5812798 ], [ 103.2924272, 27.5832137 ], [ 103.2918748, 27.5860801 ], [ 103.2921256, 27.5884598 ], [ 103.2926182, 27.590295 ], [ 103.2938849, 27.5913615 ], [ 103.2942451, 27.592038 ], [ 103.2949577, 27.5959062 ], [ 103.2964862, 27.5978142 ], [ 103.2972304, 27.6008235 ], [ 103.2967103, 27.6042793 ], [ 103.2949552, 27.6067845 ], [ 103.2913168, 27.6106891 ], [ 103.2895007, 27.6134383 ], [ 103.2817251, 27.6185758 ], [ 103.2797392, 27.6202141 ], [ 103.2789375, 27.6213128 ], [ 103.2789917, 27.6213413 ], [ 103.2776731, 27.6233295 ], [ 103.2760388, 27.6293326 ], [ 103.2767522, 27.6347783 ], [ 103.2773925, 27.6359503 ], [ 103.2825934, 27.6386893 ], [ 103.2836801, 27.6385227 ], [ 103.2867773, 27.6368103 ], [ 103.2884839, 27.6364664 ], [ 103.2909544, 27.6366909 ], [ 103.2970147, 27.6439161 ], [ 103.3120589, 27.6579855 ], [ 103.3239715, 27.66638 ], [ 103.3304352, 27.6721644 ], [ 103.3345306, 27.6766267 ], [ 103.3372895, 27.677935 ], [ 103.3411639, 27.6788132 ], [ 103.3415496, 27.6790416 ], [ 103.3454391, 27.6813448 ], [ 103.3484906, 27.6831516 ], [ 103.3522672, 27.6865362 ], [ 103.3541915, 27.6911926 ], [ 103.3542047, 27.693699 ], [ 103.3552677, 27.6963675 ], [ 103.3622475, 27.7025209 ], [ 103.3648859, 27.7083052 ], [ 103.3671059, 27.711739 ], [ 103.3683104, 27.7123315 ], [ 103.374966, 27.7144906 ], [ 103.379411, 27.7151883 ], [ 103.3867227, 27.714281 ], [ 103.3892564, 27.7127257 ], [ 103.3911246, 27.7125614 ], [ 103.3961102, 27.7165194 ], [ 103.3969632, 27.7180958 ], [ 103.3993927, 27.7234596 ], [ 103.3994934, 27.7236818 ], [ 103.4003049, 27.7269403 ], [ 103.4006002, 27.727741 ], [ 103.4153353, 27.7429989 ], [ 103.4212205, 27.7482461 ], [ 103.4258651, 27.7502302 ], [ 103.4347228, 27.751296 ], [ 103.4367551, 27.7529924 ], [ 103.4382568, 27.7559121 ], [ 103.438558, 27.7567264 ], [ 103.4388749, 27.7575834 ], [ 103.4408161, 27.7583313 ], [ 103.4462338, 27.7586334 ], [ 103.4498136, 27.7620902 ], [ 103.4552812, 27.7694959 ], [ 103.4543539, 27.7726372 ], [ 103.4544473, 27.7742048 ], [ 103.458294, 27.7822251 ], [ 103.4603025, 27.784274 ], [ 103.4661938, 27.7881176 ], [ 103.4712121, 27.7906751 ], [ 103.4786917, 27.7930125 ], [ 103.4792919, 27.7933854 ], [ 103.4798025, 27.7937025 ], [ 103.4856946, 27.7987488 ], [ 103.4872386, 27.8003897 ], [ 103.496327, 27.8151787 ], [ 103.4980267, 27.8194823 ], [ 103.503419, 27.8334223 ], [ 103.5072563, 27.8440238 ], [ 103.5075675, 27.8475409 ], [ 103.5062569, 27.8491347 ], [ 103.502881, 27.8532398 ], [ 103.50243, 27.8557794 ], [ 103.5016833, 27.8577219 ], [ 103.5014055, 27.8584444 ], [ 103.4983106, 27.8744534 ], [ 103.4982962, 27.875197 ], [ 103.4981814, 27.8811105 ], [ 103.4996633, 27.8831499 ], [ 103.5004092, 27.889741 ], [ 103.5, 27.9030162 ], [ 103.5002468, 27.9139972 ], [ 103.5032454, 27.9190325 ], [ 103.5077319, 27.9251103 ], [ 103.5098945, 27.92722 ], [ 103.5186595, 27.933347 ], [ 103.5223114, 27.940608 ], [ 103.5231086, 27.942298 ], [ 103.5233487, 27.9428072 ], [ 103.525127, 27.9448426 ], [ 103.5289477, 27.947409 ], [ 103.5359424, 27.9544145 ], [ 103.5378983, 27.9558161 ], [ 103.5393255, 27.9564527 ], [ 103.5414593, 27.9574045 ], [ 103.552316, 27.9581846 ], [ 103.555008, 27.9592123 ], [ 103.5550228, 27.9592179 ], [ 103.5574011, 27.9607202 ], [ 103.56112, 27.9645657 ], [ 103.5625503, 27.9674888 ], [ 103.5625799, 27.9676437 ], [ 103.5629007, 27.9693225 ], [ 103.5616992, 27.9728835 ], [ 103.5618352, 27.9741686 ], [ 103.5621788, 27.9774138 ], [ 103.5618583, 27.9806646 ], [ 103.5600875, 27.9819008 ], [ 103.5591723, 27.9825397 ], [ 103.5559581, 27.9829652 ], [ 103.5538195, 27.9825701 ], [ 103.5464647, 27.9776013 ], [ 103.5423901, 27.9740179 ], [ 103.5407741, 27.9712901 ], [ 103.5403746, 27.9706159 ], [ 103.5399513, 27.9703538 ], [ 103.5379142, 27.9690925 ], [ 103.5297564, 27.9681936 ], [ 103.5144187, 27.9689139 ], [ 103.513443, 27.9693828 ], [ 103.5122382, 27.9699618 ], [ 103.5032095, 27.9772637 ], [ 103.5018905, 27.9787948 ], [ 103.5014206, 27.9811631 ], [ 103.501124, 27.9825606 ], [ 103.4968375, 27.9871471 ], [ 103.4961798, 27.9908276 ], [ 103.49581, 27.9928965 ], [ 103.4937152, 28.0 ], [ 103.4930726, 28.0017239 ], [ 103.4919983, 28.0046052 ], [ 103.4917159, 28.0082784 ], [ 103.4916076, 28.0086748 ], [ 103.4912725, 28.0099019 ], [ 103.4925259, 28.0123633 ], [ 103.4931858, 28.0136592 ], [ 103.493282, 28.0142664 ], [ 103.4938286, 28.0177171 ], [ 103.4949361, 28.0214926 ], [ 103.4945693, 28.0224384 ], [ 103.4942017, 28.0233865 ], [ 103.4940978, 28.0239845 ], [ 103.4937029, 28.0262574 ], [ 103.4929334, 28.0280482 ], [ 103.4906179, 28.0308567 ], [ 103.4902583, 28.0312928 ], [ 103.4902248, 28.0313335 ], [ 103.4901178, 28.031472 ], [ 103.4899671, 28.0316639 ], [ 103.4887463, 28.0331265 ], [ 103.4859109, 28.0358696 ], [ 103.4856677, 28.0360581 ], [ 103.485327, 28.0362955 ], [ 103.4851094, 28.0364236 ], [ 103.484638, 28.0366075 ], [ 103.4839396, 28.0367791 ], [ 103.4802554, 28.0374529 ], [ 103.4794449, 28.0375486 ], [ 103.4788474, 28.0375454 ], [ 103.4780454, 28.0374222 ], [ 103.4777533, 28.037341 ], [ 103.4690626, 28.0348472 ], [ 103.4681129, 28.0344491 ], [ 103.4671417, 28.0339712 ], [ 103.4667805, 28.0336909 ], [ 103.4663757, 28.0333769 ], [ 103.4660682, 28.0330094 ], [ 103.4657038, 28.0323721 ], [ 103.4652286, 28.0312262 ], [ 103.4641989, 28.0288622 ], [ 103.4638348, 28.0282123 ], [ 103.4635286, 28.0278105 ], [ 103.4633041, 28.0276403 ], [ 103.4632942, 28.0276344 ], [ 103.4614868, 28.0265712 ], [ 103.4586318, 28.0248916 ], [ 103.4573083, 28.024252 ], [ 103.4570211, 28.0241816 ], [ 103.45661, 28.024177 ], [ 103.4561905, 28.0242667 ], [ 103.4552028, 28.0245994 ], [ 103.4539506, 28.0250948 ], [ 103.4526052, 28.0256584 ], [ 103.4516101, 28.0261797 ], [ 103.449958, 28.0277222 ], [ 103.4497757, 28.0277437 ], [ 103.449555, 28.0277877 ], [ 103.4491609, 28.0279217 ], [ 103.4488522, 28.0280418 ], [ 103.4474438, 28.0285901 ], [ 103.4456537, 28.0292868 ], [ 103.4446284, 28.0299294 ], [ 103.4430149, 28.0310898 ], [ 103.4424884, 28.0315683 ], [ 103.4419571, 28.0323145 ], [ 103.4412178, 28.0334383 ], [ 103.4399609, 28.0347365 ], [ 103.4370968, 28.0372351 ], [ 103.4366173, 28.0376563 ], [ 103.4357165, 28.0384475 ], [ 103.4346398, 28.0393932 ], [ 103.4340192, 28.0399383 ], [ 103.4332142, 28.0407356 ], [ 103.430876, 28.0436403 ], [ 103.428534, 28.0483603 ], [ 103.4281422, 28.0492994 ], [ 103.428073, 28.0498311 ], [ 103.4281066, 28.0510979 ], [ 103.4281982, 28.052596 ], [ 103.4282167, 28.0528158 ], [ 103.4282961, 28.0537596 ], [ 103.4283046, 28.0539211 ], [ 103.4285354, 28.058313 ], [ 103.4284936, 28.0593767 ], [ 103.4282759, 28.0649111 ], [ 103.4301546, 28.0744194 ], [ 103.430263, 28.0747645 ], [ 103.4306028, 28.0752854 ], [ 103.4306654, 28.0753813 ], [ 103.4307355, 28.0754792 ], [ 103.4311591, 28.0760708 ], [ 103.4317954, 28.0768166 ], [ 103.4320133, 28.0770387 ], [ 103.4321468, 28.0771748 ], [ 103.4333597, 28.0781649 ], [ 103.4347538, 28.0790426 ], [ 103.4363643, 28.0799531 ], [ 103.4372255, 28.0804131 ], [ 103.4419241, 28.0825762 ], [ 103.4442766, 28.0833706 ], [ 103.4446328, 28.0835186 ], [ 103.4450342, 28.0838617 ], [ 103.4498919, 28.0887453 ], [ 103.4508696, 28.0897281 ], [ 103.4510105, 28.0898739 ], [ 103.4510498, 28.0899145 ], [ 103.4512039, 28.0901681 ], [ 103.4565895, 28.101697 ], [ 103.4566132, 28.1018587 ], [ 103.4569826, 28.1052888 ], [ 103.4569624, 28.1057121 ], [ 103.4568409, 28.1059815 ], [ 103.4565568, 28.1063653 ], [ 103.4563792, 28.1065108 ], [ 103.4560093, 28.1067428 ], [ 103.4536126, 28.1080448 ], [ 103.4515912, 28.1091712 ], [ 103.4462824, 28.1126726 ], [ 103.4461691, 28.1127709 ], [ 103.4461009, 28.1128423 ], [ 103.4460021, 28.1129882 ], [ 103.4459417, 28.1131691 ], [ 103.4459219, 28.1136134 ], [ 103.4459307, 28.1137165 ], [ 103.446652, 28.1198865 ], [ 103.4470329, 28.121023 ], [ 103.4482194, 28.1240844 ], [ 103.4489318, 28.1253564 ], [ 103.4490997, 28.1255658 ], [ 103.4498926, 28.1261133 ], [ 103.4501774, 28.12631 ], [ 103.4511704, 28.1266615 ], [ 103.4522016, 28.127015 ], [ 103.4530896, 28.1271047 ], [ 103.4538187, 28.1270542 ], [ 103.4547713, 28.1269223 ], [ 103.4567044, 28.1263655 ], [ 103.4580099, 28.1260363 ], [ 103.4629782, 28.1252513 ], [ 103.4646862, 28.1251554 ], [ 103.4650326, 28.125136 ], [ 103.4659662, 28.1251737 ], [ 103.4665327, 28.1252513 ], [ 103.4677878, 28.1254708 ], [ 103.4680935, 28.1255917 ], [ 103.4684816, 28.1259126 ], [ 103.4696762, 28.127414 ], [ 103.4707131, 28.128812 ], [ 103.4716471, 28.1299966 ], [ 103.4745393, 28.1336272 ], [ 103.4748397, 28.1339171 ], [ 103.4751509, 28.1342173 ], [ 103.4783735, 28.1371369 ], [ 103.4784531, 28.1371983 ], [ 103.4793218, 28.1378689 ], [ 103.4809201, 28.1389182 ], [ 103.4841434, 28.1410233 ], [ 103.4851064, 28.1415864 ], [ 103.4857745, 28.1418905 ], [ 103.4869416, 28.1423269 ], [ 103.4929496, 28.1440878 ], [ 103.4932909, 28.1441827 ], [ 103.4934462, 28.1442194 ], [ 103.4940408, 28.1442799 ], [ 103.4946134, 28.1442922 ], [ 103.4954272, 28.1442843 ], [ 103.4958456, 28.1443099 ], [ 103.4961922, 28.1444115 ], [ 103.4976985, 28.1451126 ], [ 103.4982779, 28.1454509 ], [ 103.5000283, 28.1465095 ], [ 103.5020932, 28.1496282 ], [ 103.5027057, 28.1505496 ], [ 103.5043756, 28.1527925 ], [ 103.5055577, 28.1542588 ], [ 103.5073463, 28.1564643 ], [ 103.5079374, 28.1570443 ], [ 103.5096415, 28.1584078 ], [ 103.5104654, 28.1590469 ], [ 103.511511, 28.1598311 ], [ 103.5127943, 28.1606357 ], [ 103.5147476, 28.1617034 ], [ 103.5162384, 28.1625327 ], [ 103.5161892, 28.1626022 ], [ 103.5208583, 28.1653676 ], [ 103.5249824, 28.1678099 ], [ 103.5250103, 28.1677739 ], [ 103.5270687, 28.1690235 ], [ 103.5285296, 28.1699104 ], [ 103.5299315, 28.1709461 ], [ 103.5304491, 28.1713285 ], [ 103.5312938, 28.17198 ], [ 103.5351818, 28.1761188 ], [ 103.5372041, 28.1788517 ], [ 103.537907, 28.1799531 ], [ 103.5386159, 28.1828732 ], [ 103.5386581, 28.1843506 ], [ 103.5386557, 28.1844095 ], [ 103.5386446, 28.1846901 ], [ 103.5386396, 28.1850558 ], [ 103.5386356, 28.1853536 ], [ 103.5387689, 28.1858488 ], [ 103.5389103, 28.1860415 ], [ 103.5390156, 28.1861595 ], [ 103.5396376, 28.1867417 ], [ 103.5407639, 28.1877957 ], [ 103.5426872, 28.1894625 ], [ 103.5430099, 28.1897421 ], [ 103.5431713, 28.1898615 ], [ 103.5433507, 28.1899602 ], [ 103.545313, 28.1908469 ], [ 103.5458976, 28.1910487 ], [ 103.5460611, 28.1910937 ], [ 103.546495, 28.1911806 ], [ 103.5466807, 28.1912262 ], [ 103.5468172, 28.1912598 ], [ 103.5470938, 28.1913449 ], [ 103.5475908, 28.1915424 ], [ 103.5481619, 28.1918032 ], [ 103.5484759, 28.1919804 ], [ 103.5488316, 28.1922298 ], [ 103.5490823, 28.1924852 ], [ 103.5493852, 28.1928557 ], [ 103.5515965, 28.1970922 ], [ 103.5525244, 28.1986958 ], [ 103.5540023, 28.2012499 ], [ 103.5597193, 28.2111287 ], [ 103.5623151, 28.2151923 ], [ 103.5624183, 28.2153922 ], [ 103.5625952, 28.2158693 ], [ 103.5626993, 28.2162089 ], [ 103.562755, 28.2167254 ], [ 103.5627778, 28.2171917 ], [ 103.5627568, 28.217543 ], [ 103.5626627, 28.2179026 ], [ 103.5623754, 28.2196789 ], [ 103.5624213, 28.2211159 ], [ 103.5625197, 28.2241943 ], [ 103.5625535, 28.2246242 ], [ 103.562663, 28.2252062 ], [ 103.5627418, 28.2254972 ], [ 103.5630309, 28.2263017 ], [ 103.5631271, 28.2264694 ], [ 103.5638716, 28.227701 ], [ 103.564226, 28.2282719 ], [ 103.5646315, 28.2287523 ], [ 103.565622, 28.2297599 ], [ 103.5665622, 28.2310684 ], [ 103.5666494, 28.2311743 ], [ 103.5673498, 28.2318316 ], [ 103.5677079, 28.2321475 ], [ 103.5683168, 28.2326846 ], [ 103.5687772, 28.2330702 ], [ 103.5691095, 28.2333072 ], [ 103.569548, 28.2335956 ], [ 103.5698369, 28.2337817 ], [ 103.5700971, 28.2339249 ], [ 103.5709124, 28.2343502 ], [ 103.5712681, 28.2345357 ], [ 103.5718836, 28.2348358 ], [ 103.5724603, 28.2351034 ], [ 103.5726235, 28.2351676 ], [ 103.5730148, 28.2352943 ], [ 103.5733219, 28.2353632 ], [ 103.5738518, 28.2354289 ], [ 103.5742043, 28.2354578 ], [ 103.5765741, 28.235848 ], [ 103.577051, 28.2359265 ], [ 103.5805555, 28.2366004 ], [ 103.582387, 28.2370003 ], [ 103.5840976, 28.2374149 ], [ 103.598631, 28.241011 ], [ 103.6017567, 28.2413641 ], [ 103.6017569, 28.2413641 ], [ 103.6017989, 28.2413688 ], [ 103.6035291, 28.2415642 ], [ 103.603853, 28.2416022 ], [ 103.6042568, 28.2416844 ], [ 103.6044438, 28.2417588 ], [ 103.6069833, 28.2429398 ], [ 103.613855, 28.2461353 ], [ 103.6140816, 28.2462436 ], [ 103.6151854, 28.2467957 ], [ 103.61539, 28.2469311 ], [ 103.6156426, 28.2471539 ], [ 103.6168542, 28.2484198 ], [ 103.6173648, 28.2490361 ], [ 103.6175787, 28.2494131 ], [ 103.6176732, 28.2498635 ], [ 103.6176847, 28.2503417 ], [ 103.6176852, 28.2511943 ], [ 103.6179131, 28.2527841 ], [ 103.617952, 28.2529456 ], [ 103.6180082, 28.2531035 ], [ 103.6182609, 28.253594 ], [ 103.6186605, 28.2542747 ], [ 103.6188409, 28.2545077 ], [ 103.6194588, 28.2551636 ], [ 103.6247261, 28.2593725 ], [ 103.6254092, 28.2599031 ], [ 103.6280513, 28.2617849 ], [ 103.6285745, 28.2621575 ], [ 103.6306146, 28.2632437 ], [ 103.6311708, 28.2634932 ], [ 103.6320735, 28.2638812 ], [ 103.6345523, 28.2649466 ], [ 103.6347684, 28.2650351 ], [ 103.6352881, 28.265207 ], [ 103.6358169, 28.265346 ], [ 103.6362883, 28.2654458 ], [ 103.6363997, 28.2654694 ], [ 103.6367799, 28.2654934 ], [ 103.637408, 28.2654775 ], [ 103.6380426, 28.2654178 ], [ 103.6383311, 28.2653691 ], [ 103.6385011, 28.2653259 ], [ 103.6392389, 28.2650701 ], [ 103.6398261, 28.2648296 ], [ 103.6429006, 28.2635441 ], [ 103.6461415, 28.2617485 ], [ 103.6496893, 28.2589635 ], [ 103.6509875, 28.2579443 ], [ 103.6530399, 28.2563331 ], [ 103.6558891, 28.2540961 ], [ 103.6580249, 28.2528024 ], [ 103.6658984, 28.2480654 ], [ 103.666884, 28.2474973 ], [ 103.6676133, 28.247078 ], [ 103.6697358, 28.2453532 ], [ 103.6704604, 28.2447643 ], [ 103.6716209, 28.2438211 ], [ 103.6727978, 28.2428694 ], [ 103.6731683, 28.2426312 ], [ 103.6749041, 28.2419335 ], [ 103.6750319, 28.241889 ], [ 103.6752547, 28.2418113 ], [ 103.6755012, 28.2417254 ], [ 103.6759781, 28.2415592 ], [ 103.6763418, 28.2414325 ], [ 103.6770541, 28.2411842 ], [ 103.6777705, 28.2409388 ], [ 103.6781424, 28.2408294 ], [ 103.6790047, 28.2406483 ], [ 103.6795173, 28.2405562 ], [ 103.6805812, 28.2403412 ], [ 103.6826917, 28.2396573 ], [ 103.6839381, 28.2391338 ], [ 103.6846629, 28.2387893 ], [ 103.6846527, 28.2387723 ], [ 103.6846791, 28.2387604 ], [ 103.684689, 28.2387769 ], [ 103.6855601, 28.2383629 ], [ 103.6857392, 28.2382546 ], [ 103.6861033, 28.2380343 ], [ 103.6866785, 28.2376056 ], [ 103.6889032, 28.2363801 ], [ 103.6898578, 28.2356558 ], [ 103.6904576, 28.2349597 ], [ 103.6914443, 28.2335784 ], [ 103.691531, 28.2333885 ], [ 103.6922772, 28.2317548 ], [ 103.6923875, 28.2314296 ], [ 103.6928056, 28.2284506 ], [ 103.6928593, 28.2276413 ], [ 103.6928531, 28.2274222 ], [ 103.6927687, 28.2259022 ], [ 103.6926577, 28.2244811 ], [ 103.6926507, 28.2244105 ], [ 103.6926075, 28.2239728 ], [ 103.6923648, 28.2219883 ], [ 103.6922961, 28.2214578 ], [ 103.6917487, 28.2180022 ], [ 103.6917425, 28.217969 ], [ 103.6915195, 28.2170271 ], [ 103.6914897, 28.2159652 ], [ 103.6915002, 28.2145962 ], [ 103.691607, 28.2139797 ], [ 103.6919123, 28.2130055 ], [ 103.692309, 28.2121719 ], [ 103.6923276, 28.2121404 ], [ 103.692354, 28.2120957 ], [ 103.6951686, 28.2080368 ], [ 103.6962525, 28.2066785 ], [ 103.6985422, 28.2039963 ], [ 103.6987498, 28.2038283 ], [ 103.6988795, 28.2037406 ], [ 103.702114, 28.2018631 ], [ 103.7034814, 28.2013059 ], [ 103.7048891, 28.2008138 ], [ 103.7055521, 28.2005821 ], [ 103.7057765, 28.2005271 ], [ 103.7061245, 28.2004655 ], [ 103.7063719, 28.2004363 ], [ 103.706704, 28.2004243 ], [ 103.70883, 28.2005042 ], [ 103.7091736, 28.2005271 ], [ 103.7099122, 28.2006213 ], [ 103.7133768, 28.2019632 ], [ 103.7135262, 28.2020044 ], [ 103.7140309, 28.2021434 ], [ 103.7162005, 28.2029978 ], [ 103.7166762, 28.2032164 ], [ 103.7173577, 28.2037104 ], [ 103.7176444, 28.2039401 ], [ 103.7186154, 28.2048486 ], [ 103.718944, 28.2052954 ], [ 103.7194051, 28.2061102 ], [ 103.7194547, 28.2062103 ], [ 103.7195806, 28.2068298 ], [ 103.7197316, 28.2071179 ], [ 103.7198541, 28.2073514 ], [ 103.7200551, 28.2077345 ], [ 103.7201288, 28.2078752 ], [ 103.7222322, 28.2118854 ], [ 103.7241256, 28.2156951 ], [ 103.7254639, 28.2183878 ], [ 103.7255695, 28.218624 ], [ 103.7255963, 28.2187095 ], [ 103.7256295, 28.2188155 ], [ 103.7256588, 28.2189618 ], [ 103.7258701, 28.2211583 ], [ 103.7259679, 28.2221743 ], [ 103.7268031, 28.2262729 ], [ 103.7273581, 28.2289961 ], [ 103.7278792, 28.2312538 ], [ 103.727929, 28.2313949 ], [ 103.7280421, 28.2317158 ], [ 103.7286975, 28.2326489 ], [ 103.7289964, 28.2329316 ], [ 103.7295988, 28.2335014 ], [ 103.729883, 28.2337502 ], [ 103.7305893, 28.2343684 ], [ 103.7323042, 28.2358398 ], [ 103.7328736, 28.2362946 ], [ 103.7345726, 28.2375156 ], [ 103.7346524, 28.2375684 ], [ 103.735194, 28.2379141 ], [ 103.7365308, 28.2387284 ], [ 103.7372295, 28.2390914 ], [ 103.7375724, 28.2392322 ], [ 103.738104, 28.2394084 ], [ 103.7391314, 28.239689 ], [ 103.739487, 28.2397723 ], [ 103.7401523, 28.2398807 ], [ 103.7403125, 28.2398992 ], [ 103.7406165, 28.2399343 ], [ 103.7439723, 28.2400772 ], [ 103.7443558, 28.2400808 ], [ 103.745537, 28.2400759 ], [ 103.7457699, 28.2400354 ], [ 103.7461207, 28.2399372 ], [ 103.7463061, 28.239864 ], [ 103.7464364, 28.239787 ], [ 103.7467117, 28.2395924 ], [ 103.7470216, 28.2393347 ], [ 103.7472834, 28.2391433 ], [ 103.7475675, 28.2389647 ], [ 103.7477697, 28.238883 ], [ 103.747926, 28.2388309 ], [ 103.749339, 28.2384321 ], [ 103.7497211, 28.2383611 ], [ 103.7519948, 28.2380327 ], [ 103.7524194, 28.2379714 ], [ 103.7562595, 28.2374167 ], [ 103.7568103, 28.2373379 ], [ 103.7578236, 28.2372639 ], [ 103.7590978, 28.2371708 ], [ 103.7606778, 28.2371121 ], [ 103.7607261, 28.2371078 ], [ 103.760928, 28.2370899 ], [ 103.7622226, 28.236975 ], [ 103.7646804, 28.236757 ], [ 103.7682641, 28.2364389 ], [ 103.7685664, 28.2365121 ], [ 103.7686004, 28.2365292 ], [ 103.7687295, 28.2365943 ], [ 103.7695934, 28.2370299 ], [ 103.7699229, 28.2372597 ], [ 103.7725841, 28.2391151 ], [ 103.7728538, 28.2394108 ], [ 103.7732087, 28.2398118 ], [ 103.7759357, 28.2430893 ], [ 103.7804251, 28.249323 ], [ 103.7807329, 28.250028 ], [ 103.7811059, 28.2514259 ], [ 103.7811307, 28.2515252 ], [ 103.7814468, 28.252794 ], [ 103.7816129, 28.2534604 ], [ 103.7816242, 28.2535061 ], [ 103.7818683, 28.2544853 ], [ 103.7819516, 28.2548197 ], [ 103.7819735, 28.2548913 ], [ 103.7825646, 28.2563134 ], [ 103.7828094, 28.2567729 ], [ 103.7831206, 28.2571971 ], [ 103.783589, 28.2574845 ], [ 103.7885487, 28.2603324 ], [ 103.7887231, 28.2604325 ], [ 103.7980129, 28.2646192 ], [ 103.7992087, 28.2651581 ], [ 103.801794, 28.2662352 ], [ 103.8028394, 28.2666589 ], [ 103.8033993, 28.2667555 ], [ 103.8061297, 28.2671476 ], [ 103.810049, 28.2680802 ], [ 103.8105801, 28.2682641 ], [ 103.8111672, 28.268547 ], [ 103.8118951, 28.2691434 ], [ 103.8137444, 28.270861 ], [ 103.818495, 28.2752729 ], [ 103.819246, 28.2760408 ], [ 103.8208406, 28.2776745 ], [ 103.8262928, 28.2873499 ], [ 103.8280346, 28.2883206 ], [ 103.8406919, 28.2890235 ], [ 103.8414523, 28.2891814 ], [ 103.8417061, 28.2892489 ], [ 103.842805, 28.2898878 ], [ 103.8444152, 28.290824 ], [ 103.8458463, 28.2918034 ], [ 103.8528167, 28.2972363 ], [ 103.8530637, 28.2974035 ], [ 103.8575096, 28.2996636 ], [ 103.8602876, 28.3008213 ], [ 103.8633562, 28.3021001 ], [ 103.8656178, 28.3030425 ], [ 103.8660348, 28.3031291 ], [ 103.8669095, 28.303508 ], [ 103.867866, 28.3040578 ], [ 103.8696366, 28.3053461 ], [ 103.8700559, 28.305694 ], [ 103.8707797, 28.3064848 ], [ 103.871107, 28.3069028 ], [ 103.8719785, 28.3082162 ], [ 103.872734, 28.3097187 ], [ 103.8746289, 28.3135222 ], [ 103.8747555, 28.3137959 ], [ 103.8749448, 28.314276 ], [ 103.8751976, 28.3157795 ], [ 103.8752059, 28.3162169 ], [ 103.8751205, 28.3175017 ], [ 103.8748931, 28.318855 ], [ 103.8747762, 28.3192919 ], [ 103.8745082, 28.3200071 ], [ 103.8743636, 28.3216507 ], [ 103.8743112, 28.3222465 ], [ 103.8741586, 28.3239813 ], [ 103.8740888, 28.3247747 ], [ 103.8740175, 28.3254631 ], [ 103.8738779, 28.3260087 ], [ 103.8705624, 28.3318216 ], [ 103.86806, 28.3351639 ], [ 103.8643987, 28.3398288 ], [ 103.8625686, 28.3419256 ], [ 103.8615657, 28.3430046 ], [ 103.8604394, 28.3442164 ], [ 103.8600467, 28.3445357 ], [ 103.8596852, 28.3446983 ], [ 103.8593587, 28.344822 ], [ 103.8590958, 28.3449811 ], [ 103.8589042, 28.3451583 ], [ 103.8584871, 28.3456867 ], [ 103.8566621, 28.3485705 ], [ 103.8556549, 28.350162 ], [ 103.8552335, 28.3508603 ], [ 103.8548321, 28.3515284 ], [ 103.8520622, 28.3563703 ], [ 103.8517427, 28.3574314 ], [ 103.8516301, 28.3582805 ], [ 103.8515953, 28.3592263 ], [ 103.8516694, 28.3596607 ], [ 103.8519301, 28.3605629 ], [ 103.8519902, 28.3607707 ], [ 103.8528007, 28.3635393 ], [ 103.8555156, 28.3718802 ], [ 103.8567779, 28.3745893 ], [ 103.8571562, 28.3756301 ], [ 103.8575359, 28.3769934 ], [ 103.8577982, 28.3785084 ], [ 103.8578267, 28.3788378 ], [ 103.8579532, 28.3807016 ], [ 103.8581652, 28.3838236 ], [ 103.8582041, 28.3875535 ], [ 103.856151, 28.3953442 ], [ 103.8559724, 28.3959094 ], [ 103.8544064, 28.4007877 ], [ 103.8542238, 28.4012034 ], [ 103.8532905, 28.4033278 ], [ 103.8509425, 28.4078994 ], [ 103.8501036, 28.409331 ], [ 103.8497962, 28.4097779 ], [ 103.849242, 28.4105836 ], [ 103.8486421, 28.4111148 ], [ 103.8478075, 28.4116962 ], [ 103.8468137, 28.4123962 ], [ 103.8463153, 28.4127876 ], [ 103.8462095, 28.4128707 ], [ 103.8435744, 28.4157714 ], [ 103.8384558, 28.4216677 ], [ 103.8379449, 28.4223891 ], [ 103.8362867, 28.4249739 ], [ 103.8362853, 28.4249762 ], [ 103.8362593, 28.4250166 ], [ 103.8307608, 28.4348786 ], [ 103.8286171, 28.4387576 ], [ 103.8280424, 28.4403351 ], [ 103.8277151, 28.4413917 ], [ 103.8273694, 28.443224 ], [ 103.8273179, 28.4449316 ], [ 103.8273072, 28.4452855 ], [ 103.8275481, 28.4511729 ], [ 103.8276407, 28.4517208 ], [ 103.8279022, 28.4530549 ], [ 103.8281597, 28.455651 ], [ 103.8285443, 28.4610295 ], [ 103.828474, 28.461583 ], [ 103.8284055, 28.4621216 ], [ 103.8283553, 28.4625163 ], [ 103.8282999, 28.463059 ], [ 103.8280686, 28.4639114 ], [ 103.8260736, 28.4681055 ], [ 103.8255927, 28.468814 ], [ 103.8247544, 28.4700491 ], [ 103.8247241, 28.4700937 ], [ 103.8246327, 28.4702284 ], [ 103.8241527, 28.4709356 ], [ 103.8232907, 28.4723373 ], [ 103.8228478, 28.4730575 ], [ 103.8183947, 28.4802978 ], [ 103.8173695, 28.4819716 ], [ 103.8154504, 28.4854861 ], [ 103.8150371, 28.4862671 ], [ 103.8145211, 28.4874048 ], [ 103.8130426, 28.4907705 ], [ 103.812561, 28.4919215 ], [ 103.8121023, 28.493221 ], [ 103.8103734, 28.4961795 ], [ 103.809498, 28.4973272 ], [ 103.8081702, 28.4988244 ], [ 103.8067077, 28.5001286 ], [ 103.8064985, 28.5002851 ], [ 103.8029061, 28.5028963 ], [ 103.7997821, 28.5050892 ], [ 103.7983174, 28.5061174 ], [ 103.7929278, 28.5099316 ], [ 103.7919522, 28.5107368 ], [ 103.7918836, 28.5107935 ], [ 103.7897599, 28.5129685 ], [ 103.7892901, 28.513554 ], [ 103.7805241, 28.525874 ], [ 103.7800505, 28.5267835 ], [ 103.7799613, 28.5270645 ], [ 103.7797883, 28.5276098 ], [ 103.7798089, 28.5276309 ], [ 103.7813458, 28.5292121 ], [ 103.7878215, 28.5312395 ], [ 103.7878608, 28.5312518 ], [ 103.7968671, 28.5342801 ], [ 103.7977704, 28.5347237 ], [ 103.7998996, 28.5363309 ], [ 103.8005104, 28.5371118 ], [ 103.801165, 28.5382703 ], [ 103.8011669, 28.5382765 ], [ 103.8014728, 28.5392399 ], [ 103.8017629, 28.5407192 ], [ 103.8021479, 28.5428475 ], [ 103.8021503, 28.5442233 ], [ 103.8020472, 28.5464269 ], [ 103.8014585, 28.5532531 ], [ 103.7987141, 28.5581054 ], [ 103.7983764, 28.5584441 ], [ 103.7982942, 28.5585266 ], [ 103.7980967, 28.5589605 ], [ 103.7980807, 28.5593109 ], [ 103.7984998, 28.5642602 ], [ 103.79859, 28.5647975 ], [ 103.7987306, 28.5651334 ], [ 103.7992379, 28.5654938 ], [ 103.7998537, 28.5658499 ], [ 103.8048337, 28.5687039 ], [ 103.8061985, 28.5693321 ], [ 103.807829, 28.569883 ], [ 103.8093726, 28.5701356 ], [ 103.8127392, 28.5709513 ], [ 103.8133854, 28.571281 ], [ 103.8174011, 28.5737862 ], [ 103.8183801, 28.5744853 ], [ 103.8194408, 28.5754241 ], [ 103.819813, 28.5760436 ], [ 103.8200445, 28.5768637 ], [ 103.8202932, 28.577227 ], [ 103.8216192, 28.5781257 ], [ 103.8221815, 28.5784759 ], [ 103.8276136, 28.5818589 ], [ 103.8285008, 28.58218 ], [ 103.8292774, 28.5826913 ], [ 103.8310147, 28.5839547 ], [ 103.8342824, 28.5866973 ], [ 103.8353494, 28.5881832 ], [ 103.8358139, 28.58917 ], [ 103.8363082, 28.5907466 ], [ 103.8365973, 28.5918168 ], [ 103.8366113, 28.5920848 ], [ 103.8366371, 28.5925768 ], [ 103.8366262, 28.5935594 ], [ 103.836337, 28.5952303 ], [ 103.8357358, 28.5978971 ], [ 103.8351884, 28.5995073 ], [ 103.8349593, 28.6000843 ], [ 103.8348936, 28.6002389 ], [ 103.8332294, 28.6024865 ], [ 103.8330771, 28.602747 ], [ 103.8328061, 28.6032106 ], [ 103.8320406, 28.6049357 ], [ 103.8316604, 28.6061117 ], [ 103.8313248, 28.6076122 ], [ 103.8312851, 28.6084724 ], [ 103.8312417, 28.6096779 ], [ 103.8312707, 28.6114099 ], [ 103.8314584, 28.6156559 ], [ 103.8322984, 28.6235303 ], [ 103.8328928, 28.6258568 ], [ 103.8332567, 28.626678 ], [ 103.8334978, 28.6272219 ], [ 103.8341062, 28.6282842 ], [ 103.8355614, 28.6295345 ], [ 103.8375946, 28.6313368 ], [ 103.8402561, 28.6340582 ], [ 103.8409132, 28.6350731 ], [ 103.8412117, 28.6358618 ], [ 103.8415302, 28.6370066 ], [ 103.8415889, 28.6376924 ], [ 103.8416029, 28.6391586 ], [ 103.8409174, 28.6425305 ], [ 103.8406905, 28.6434689 ], [ 103.8406442, 28.6436604 ], [ 103.8401888, 28.6445543 ], [ 103.8394888, 28.645786 ], [ 103.838484, 28.6473497 ], [ 103.8380774, 28.6481749 ], [ 103.8379449, 28.6487263 ], [ 103.8379485, 28.6489225 ], [ 103.8379562, 28.6493425 ], [ 103.8382078, 28.6521867 ], [ 103.8383777, 28.6530588 ], [ 103.8386182, 28.6542938 ], [ 103.8406441, 28.6595435 ], [ 103.8413643, 28.6608671 ], [ 103.8420097, 28.6618713 ], [ 103.8440953, 28.6644601 ], [ 103.8445361, 28.6654519 ], [ 103.8448503, 28.6668104 ], [ 103.8449602, 28.6673091 ], [ 103.8453205, 28.6678807 ], [ 103.8461167, 28.6688966 ], [ 103.8462758, 28.6690996 ], [ 103.8479153, 28.6705195 ], [ 103.8491354, 28.6712429 ], [ 103.8509304, 28.6717021 ], [ 103.8539712, 28.6719229 ], [ 103.856192, 28.6718139 ], [ 103.8600191, 28.6710684 ], [ 103.8601971, 28.6710338 ], [ 103.8620042, 28.6703696 ], [ 103.8626255, 28.6696518 ], [ 103.8626462, 28.6696666 ], [ 103.8633086, 28.668941 ], [ 103.8651237, 28.6667844 ], [ 103.8657055, 28.6660931 ], [ 103.8704457, 28.6593439 ], [ 103.8713255, 28.6576088 ], [ 103.8715706, 28.6569181 ], [ 103.8717539, 28.6564012 ], [ 103.8720509, 28.6550969 ], [ 103.8721098, 28.6540987 ], [ 103.8720831, 28.6520905 ], [ 103.8718514, 28.6501072 ], [ 103.8713494, 28.6480632 ], [ 103.8707781, 28.6463054 ], [ 103.8701319, 28.6442336 ], [ 103.8697061, 28.6423867 ], [ 103.8693664, 28.6398128 ], [ 103.8690834, 28.6375635 ], [ 103.8691918, 28.6364382 ], [ 103.8696155, 28.6345453 ], [ 103.8699379, 28.6336768 ], [ 103.8706676, 28.6324452 ], [ 103.8716077, 28.6312418 ], [ 103.8730053, 28.6300476 ], [ 103.8747709, 28.6287821 ], [ 103.8773149, 28.6273334 ], [ 103.8773228, 28.6273442 ], [ 103.8775936, 28.6271746 ], [ 103.8808072, 28.6258257 ], [ 103.8807938, 28.6258014 ], [ 103.8820874, 28.6252463 ], [ 103.8840222, 28.624476 ], [ 103.8860371, 28.6240942 ], [ 103.8863164, 28.6240785 ], [ 103.8909768, 28.623816 ], [ 103.8928557, 28.6237729 ], [ 103.8944315, 28.6239239 ], [ 103.8966697, 28.6246327 ], [ 103.8985581, 28.6254077 ], [ 103.9005398, 28.6264756 ], [ 103.9016934, 28.6272765 ], [ 103.9021336, 28.6277953 ], [ 103.9027117, 28.6289421 ], [ 103.9039598, 28.6316614 ], [ 103.9044952, 28.6324292 ], [ 103.9046006, 28.6325803 ], [ 103.9047172, 28.6326937 ], [ 103.9056079, 28.6335606 ], [ 103.9074304, 28.6349086 ], [ 103.9083643, 28.6354261 ], [ 103.9096468, 28.6360102 ], [ 103.9105058, 28.6362136 ], [ 103.9112225, 28.6361928 ], [ 103.9136702, 28.6353094 ], [ 103.9152848, 28.6346371 ], [ 103.9171761, 28.6333985 ], [ 103.9204269, 28.631698 ], [ 103.9232634, 28.6304563 ], [ 103.925644, 28.6296305 ], [ 103.9259857, 28.6295627 ], [ 103.9281658, 28.6291299 ], [ 103.9312605, 28.6285381 ], [ 103.9318534, 28.6282613 ], [ 103.9327527, 28.6274503 ], [ 103.9340871, 28.6262022 ], [ 103.9361321, 28.6242895 ], [ 103.9369864, 28.6231541 ], [ 103.9372648, 28.6212173 ], [ 103.9371548, 28.6189853 ], [ 103.9371859, 28.6176894 ], [ 103.937641, 28.613746 ], [ 103.938143, 28.6099252 ], [ 103.9384355, 28.6089713 ], [ 103.9390359, 28.6079348 ], [ 103.9399287, 28.6065393 ], [ 103.9407817, 28.6055207 ], [ 103.941582, 28.604948 ], [ 103.9421734, 28.6047985 ], [ 103.9446402, 28.6049187 ], [ 103.9468225, 28.6052013 ], [ 103.9483622, 28.6053248 ], [ 103.9527638, 28.6050065 ], [ 103.9531287, 28.6050413 ], [ 103.9549735, 28.6052171 ], [ 103.9570896, 28.6054187 ], [ 103.9583907, 28.6059387 ], [ 103.9594161, 28.6069559 ], [ 103.9601243, 28.6077741 ], [ 103.9620518, 28.6094941 ], [ 103.963081, 28.6101182 ], [ 103.9642198, 28.6106316 ], [ 103.9649815, 28.6109189 ], [ 103.9804536, 28.6149332 ], [ 103.981693, 28.6152547 ], [ 103.9816957, 28.6152554 ], [ 103.9888057, 28.6149395 ], [ 103.9899371, 28.6149851 ], [ 103.9908745, 28.6151621 ], [ 103.993191, 28.615923 ], [ 103.9952372, 28.6166288 ], [ 103.9965086, 28.6171429 ], [ 103.9970884, 28.6174975 ], [ 103.9979331, 28.618014 ], [ 103.9997251, 28.6188666 ], [ 104.0011344, 28.619486 ], [ 104.0065476, 28.6215799 ], [ 104.0104821, 28.6227586 ], [ 104.0172495, 28.6234482 ], [ 104.0172443, 28.6234884 ], [ 104.018204, 28.623592 ], [ 104.0244156, 28.625445 ], [ 104.0337469, 28.6272328 ], [ 104.0374738, 28.6275924 ], [ 104.0401554, 28.6282379 ], [ 104.0447736, 28.6300483 ], [ 104.0495616, 28.6297555 ], [ 104.054201, 28.6308535 ], [ 104.0571583, 28.6311171 ], [ 104.0593491, 28.6308825 ], [ 104.0631248, 28.6298261 ], [ 104.0644385, 28.6291651 ], [ 104.0679486, 28.6261083 ], [ 104.069369, 28.6240402 ], [ 104.0706638, 28.6229547 ], [ 104.075485, 28.6215205 ], [ 104.077352, 28.6197488 ], [ 104.0785576, 28.6175523 ], [ 104.0794473, 28.6144575 ], [ 104.0795341, 28.612753 ], [ 104.080038, 28.6116462 ], [ 104.0843395, 28.6089234 ], [ 104.0893845, 28.6064433 ], [ 104.0918566, 28.6063568 ], [ 104.0942009, 28.6075462 ], [ 104.0972906, 28.6077572 ], [ 104.0984737, 28.6081219 ], [ 104.1041936, 28.6118476 ], [ 104.1062733, 28.6135426 ], [ 104.1084906, 28.6159681 ], [ 104.1087184, 28.6166675 ], [ 104.1083302, 28.6211299 ], [ 104.1113989, 28.6314832 ], [ 104.1140613, 28.6354188 ], [ 104.1163011, 28.6373843 ], [ 104.1203466, 28.6395043 ], [ 104.1233853, 28.640555 ], [ 104.1293728, 28.6416008 ], [ 104.1386581, 28.6406292 ], [ 104.1422645, 28.6409099 ], [ 104.1464225, 28.6420662 ], [ 104.1493602, 28.6434249 ], [ 104.1587326, 28.6427935 ], [ 104.1628416, 28.6438499 ], [ 104.164711, 28.6450511 ], [ 104.1667724, 28.645841 ], [ 104.1685752, 28.6463755 ], [ 104.170103, 28.6464483 ], [ 104.1711033, 28.6461451 ], [ 104.1722582, 28.6444709 ], [ 104.1737698, 28.6431557 ], [ 104.1777343, 28.6408561 ], [ 104.1847887, 28.6388606 ], [ 104.1915764, 28.6376006 ], [ 104.193573, 28.6374856 ], [ 104.1953327, 28.6377657 ], [ 104.2048931, 28.6407406 ], [ 104.2108388, 28.6414733 ], [ 104.2150463, 28.6414343 ], [ 104.2236279, 28.6394852 ], [ 104.2295673, 28.6392931 ], [ 104.2315459, 28.6397445 ], [ 104.2351185, 28.6417157 ], [ 104.2395254, 28.6476806 ], [ 104.2401323, 28.6495477 ], [ 104.2409496, 28.6546517 ], [ 104.2394879, 28.6591085 ], [ 104.2394302, 28.6608768 ], [ 104.2396924, 28.6620605 ], [ 104.2397785, 28.662449 ], [ 104.2402611, 28.6641092 ], [ 104.2405716, 28.664682 ], [ 104.2411061, 28.665375 ], [ 104.2432917, 28.6671774 ], [ 104.2441374, 28.6674789 ], [ 104.244769, 28.6675892 ], [ 104.2454015, 28.6675927 ], [ 104.2460073, 28.6675486 ], [ 104.2466676, 28.6674217 ], [ 104.2470453, 28.6673052 ], [ 104.2474771, 28.6671295 ], [ 104.2480369, 28.6667558 ], [ 104.2490247, 28.6658394 ], [ 104.2538046, 28.6612283 ], [ 104.2545399, 28.6601741 ], [ 104.2545733, 28.6592076 ], [ 104.2542299, 28.6577792 ], [ 104.2541938, 28.6566253 ], [ 104.2566945, 28.6529284 ], [ 104.2589179, 28.6499089 ], [ 104.2630916, 28.6442403 ], [ 104.2680493, 28.6378281 ], [ 104.2709888, 28.6357002 ], [ 104.273709, 28.6346001 ], [ 104.2745117, 28.6345321 ], [ 104.2751112, 28.6344814 ], [ 104.2757866, 28.6344241 ], [ 104.2763108, 28.6344356 ], [ 104.2763262, 28.6344359 ], [ 104.2764153, 28.6344589 ], [ 104.2799867, 28.6353826 ], [ 104.2833757, 28.6367846 ], [ 104.2835954, 28.6368755 ], [ 104.285364, 28.6377656 ], [ 104.286626, 28.6380453 ], [ 104.2889844, 28.6382853 ], [ 104.290041, 28.6383352 ], [ 104.2909145, 28.6383765 ], [ 104.2922333, 28.6384388 ], [ 104.2946075, 28.6382464 ], [ 104.2947542, 28.6381973 ], [ 104.296081, 28.6377534 ], [ 104.2983474, 28.6363316 ], [ 104.2998044, 28.6344277 ], [ 104.3011099, 28.6320224 ], [ 104.3012202, 28.6309535 ], [ 104.3011989, 28.6302707 ], [ 104.3008443, 28.6292904 ], [ 104.3005006, 28.6284998 ], [ 104.2995066, 28.6255216 ], [ 104.2992665, 28.6241898 ], [ 104.2992695, 28.623741 ], [ 104.2993881, 28.6232546 ], [ 104.2996006, 28.6227687 ], [ 104.2999109, 28.6222228 ], [ 104.3004207, 28.6214997 ], [ 104.3008078, 28.6209876 ], [ 104.3012243, 28.6205999 ], [ 104.3026761, 28.6194469 ], [ 104.3039447, 28.6187512 ], [ 104.3040737, 28.6186804 ], [ 104.3052297, 28.6181317 ], [ 104.3052343, 28.6181391 ], [ 104.3053045, 28.6181032 ], [ 104.3053012, 28.6180978 ], [ 104.3054965, 28.618005 ], [ 104.3064457, 28.6178975 ], [ 104.3087378, 28.6179454 ], [ 104.3096822, 28.6180616 ], [ 104.3108748, 28.6182841 ], [ 104.3121601, 28.618663 ], [ 104.3197158, 28.6223236 ], [ 104.3208084, 28.6229689 ], [ 104.3214759, 28.6235197 ], [ 104.3224901, 28.6245689 ], [ 104.3231344, 28.6253551 ], [ 104.3247611, 28.627671 ], [ 104.3254463, 28.6287034 ], [ 104.3277842, 28.6322252 ], [ 104.3314695, 28.6376596 ], [ 104.3325204, 28.6387115 ], [ 104.3337001, 28.6397868 ], [ 104.3353949, 28.6409784 ], [ 104.3377329, 28.6424462 ], [ 104.3404343, 28.6435744 ], [ 104.3476583, 28.6465542 ], [ 104.3515722, 28.647929 ], [ 104.3533752, 28.6481318 ], [ 104.3552463, 28.6484176 ], [ 104.3572463, 28.6488505 ], [ 104.3599921, 28.6494937 ], [ 104.3635589, 28.6504305 ], [ 104.366881, 28.6513808 ], [ 104.3685101, 28.6520298 ], [ 104.3699026, 28.6525287 ], [ 104.3708983, 28.6527092 ], [ 104.3715361, 28.6527473 ], [ 104.3724535, 28.6526812 ], [ 104.373652, 28.6522999 ], [ 104.3742517, 28.6520213 ], [ 104.3771166, 28.650382 ], [ 104.378508, 28.6494048 ], [ 104.3791681, 28.6488413 ], [ 104.3800006, 28.6482996 ], [ 104.3801022, 28.6482335 ], [ 104.3801932, 28.6481743 ], [ 104.3807303, 28.647903 ], [ 104.3808475, 28.6478438 ], [ 104.380879, 28.6478279 ], [ 104.3809293, 28.6478025 ], [ 104.3815359, 28.6474961 ], [ 104.3820285, 28.6472583 ], [ 104.3832598, 28.6468257 ], [ 104.3835291, 28.6468245 ], [ 104.383529, 28.6468033 ], [ 104.3858801, 28.6458795 ], [ 104.387093, 28.6451224 ], [ 104.3922941, 28.6434013 ], [ 104.3995722, 28.6439936 ], [ 104.4059396, 28.6424517 ], [ 104.4076416, 28.6413578 ], [ 104.4077768, 28.6414852 ], [ 104.4089453, 28.6405199 ], [ 104.4100514, 28.6395316 ], [ 104.4106067, 28.6389679 ], [ 104.4121259, 28.6376127 ], [ 104.4133332, 28.6366178 ], [ 104.4200726, 28.6314227 ], [ 104.4207719, 28.6308846 ], [ 104.421468, 28.630356 ], [ 104.4242393, 28.6288148 ], [ 104.4264941, 28.6275607 ], [ 104.4240423, 28.6273604 ], [ 104.4205151, 28.6270987 ], [ 104.419581, 28.6266426 ], [ 104.4194722, 28.6265194 ], [ 104.4190278, 28.6260165 ], [ 104.4184953, 28.6248449 ], [ 104.4178305, 28.6220356 ], [ 104.4176829, 28.6199692 ], [ 104.4160732, 28.6107011 ], [ 104.4150534, 28.6082255 ], [ 104.414604, 28.6064306 ], [ 104.414402, 28.6046133 ], [ 104.4143252, 28.602649 ], [ 104.414255, 28.6008552 ], [ 104.4136753, 28.6002758 ], [ 104.4124136, 28.6000209 ], [ 104.4102848, 28.6000117 ], [ 104.4050708, 28.6004488 ], [ 104.3972655, 28.6014434 ], [ 104.3950632, 28.6019481 ], [ 104.3915095, 28.6024233 ], [ 104.3884692, 28.6026981 ], [ 104.3868361, 28.6025114 ], [ 104.3861086, 28.6023176 ], [ 104.381721, 28.601124 ], [ 104.3799929, 28.6005399 ], [ 104.3775389, 28.5997103 ], [ 104.3737958, 28.5984449 ], [ 104.3723702, 28.5975574 ], [ 104.3685891, 28.5932289 ], [ 104.3669486, 28.5911977 ], [ 104.3659551, 28.5895657 ], [ 104.3652745, 28.5878927 ], [ 104.3632139, 28.5808194 ], [ 104.3596362, 28.5737846 ], [ 104.3589802, 28.5724945 ], [ 104.3583468, 28.5716989 ], [ 104.3581292, 28.5713127 ], [ 104.3577802, 28.5705853 ], [ 104.3575487, 28.5695146 ], [ 104.3574946, 28.5689319 ], [ 104.3574789, 28.5687193 ], [ 104.3574388, 28.5681762 ], [ 104.3574086, 28.5677669 ], [ 104.3573646, 28.5671709 ], [ 104.3573392, 28.5666074 ], [ 104.3573256, 28.5660323 ], [ 104.3573162, 28.5656396 ], [ 104.3572098, 28.5641748 ], [ 104.3571062, 28.5632574 ], [ 104.3570434, 28.5627006 ], [ 104.3569463, 28.5618403 ], [ 104.3565438, 28.5610299 ], [ 104.3559748, 28.5603269 ], [ 104.3553295, 28.559719 ], [ 104.3545577, 28.5592253 ], [ 104.3542916, 28.5590552 ], [ 104.3541554, 28.55901 ], [ 104.3538672, 28.5589146 ], [ 104.352989, 28.5588508 ], [ 104.3525817, 28.5588533 ], [ 104.3517674, 28.5588583 ], [ 104.3501407, 28.5588684 ], [ 104.3499222, 28.5588697 ], [ 104.3486197, 28.5588778 ], [ 104.3475733, 28.5589487 ], [ 104.3443302, 28.5591686 ], [ 104.3419368, 28.5594197 ], [ 104.3406584, 28.5598077 ], [ 104.3390017, 28.560675 ], [ 104.3374189, 28.5618133 ], [ 104.3340815, 28.5633217 ], [ 104.3325708, 28.5638872 ], [ 104.3317298, 28.5640327 ], [ 104.3315371, 28.5640047 ], [ 104.3310058, 28.5639273 ], [ 104.3306531, 28.5638173 ], [ 104.3297502, 28.563485 ], [ 104.3286555, 28.5626965 ], [ 104.3275769, 28.5616535 ], [ 104.3264661, 28.5605625 ], [ 104.3258233, 28.5595916 ], [ 104.3238574, 28.5552273 ], [ 104.3237838, 28.5548895 ], [ 104.3236018, 28.5534657 ], [ 104.3235988, 28.5528099 ], [ 104.3237, 28.551639 ], [ 104.3236862, 28.5509801 ], [ 104.323632, 28.5504323 ], [ 104.3229801, 28.5480894 ], [ 104.3224361, 28.5463359 ], [ 104.3220586, 28.5456178 ], [ 104.3214086, 28.5446692 ], [ 104.3203841, 28.5436454 ], [ 104.3191955, 28.5429328 ], [ 104.316419, 28.5419257 ], [ 104.3152568, 28.5415984 ], [ 104.3148844, 28.5415582 ], [ 104.3143598, 28.5415015 ], [ 104.3127769, 28.5415604 ], [ 104.3117259, 28.5418606 ], [ 104.3108368, 28.5422254 ], [ 104.3087339, 28.5429723 ], [ 104.3076241, 28.5432533 ], [ 104.3054299, 28.5437059 ], [ 104.2977363, 28.5439579 ], [ 104.2964758, 28.5439249 ], [ 104.2958163, 28.5437889 ], [ 104.2941721, 28.5427732 ], [ 104.2897804, 28.5396756 ], [ 104.2877812, 28.5379158 ], [ 104.2871273, 28.5369581 ], [ 104.2864999, 28.5365307 ], [ 104.285511, 28.536287 ], [ 104.2844305, 28.5362813 ], [ 104.2825538, 28.5364567 ], [ 104.270903, 28.5392218 ], [ 104.2672037, 28.5402327 ], [ 104.2659945, 28.5405033 ], [ 104.2646127, 28.5406549 ], [ 104.2637423, 28.5406502 ], [ 104.2625989, 28.5405506 ], [ 104.2598311, 28.5403094 ], [ 104.2592985, 28.5401525 ], [ 104.2583571, 28.5397176 ], [ 104.2575488, 28.5393248 ], [ 104.2493266, 28.534879 ], [ 104.2486609, 28.534435 ], [ 104.247868, 28.5337259 ], [ 104.2474369, 28.5332883 ], [ 104.2471286, 28.5329187 ], [ 104.2469719, 28.5326847 ], [ 104.2465076, 28.5319619 ], [ 104.2461776, 28.5313539 ], [ 104.2453435, 28.529662 ], [ 104.2448965, 28.5287552 ], [ 104.2446963, 28.5282958 ], [ 104.2445707, 28.5279616 ], [ 104.2444616, 28.5276294 ], [ 104.2444062, 28.5271732 ], [ 104.2443916, 28.5267534 ], [ 104.2444548, 28.5195363 ], [ 104.2451863, 28.5156648 ], [ 104.2452775, 28.5152197 ], [ 104.2453492, 28.5150336 ], [ 104.2455637, 28.5145737 ], [ 104.2457716, 28.514207 ], [ 104.2460622, 28.5137578 ], [ 104.2463585, 28.5133398 ], [ 104.2465301, 28.5131231 ], [ 104.248229, 28.5117906 ], [ 104.2489423, 28.5112816 ], [ 104.2492371, 28.511076 ], [ 104.2555871, 28.5079523 ], [ 104.256947, 28.5074436 ], [ 104.2588198, 28.506996 ], [ 104.259058, 28.5069391 ], [ 104.260876, 28.5065619 ], [ 104.2610393, 28.5065674 ], [ 104.2618565, 28.5065949 ], [ 104.2625452, 28.5066158 ], [ 104.2630519, 28.5064223 ], [ 104.2638607, 28.5059278 ], [ 104.2648015, 28.5052584 ], [ 104.2654227, 28.5046143 ], [ 104.2656553, 28.5041732 ], [ 104.2658165, 28.5034829 ], [ 104.2658199, 28.5030037 ], [ 104.2656468, 28.5023853 ], [ 104.2652918, 28.5017537 ], [ 104.2641717, 28.5005615 ], [ 104.2635481, 28.5000959 ], [ 104.2633569, 28.4999535 ], [ 104.2626232, 28.4994072 ], [ 104.2619124, 28.4989779 ], [ 104.2606272, 28.4978968 ], [ 104.2601165, 28.4973508 ], [ 104.2594422, 28.4964019 ], [ 104.2588844, 28.4954066 ], [ 104.2584755, 28.494656 ], [ 104.2578757, 28.4924963 ], [ 104.2578668, 28.4919696 ], [ 104.25815, 28.489155 ], [ 104.2584209, 28.4881032 ], [ 104.2589119, 28.4869751 ], [ 104.2607149, 28.4830545 ], [ 104.2618887, 28.4808921 ], [ 104.2643121, 28.4764273 ], [ 104.2648167, 28.4755874 ], [ 104.2652125, 28.4750546 ], [ 104.2655875, 28.4748016 ], [ 104.2662773, 28.4743923 ], [ 104.2667388, 28.4738959 ], [ 104.2672837, 28.4731144 ], [ 104.2675611, 28.4724701 ], [ 104.2680935, 28.4712201 ], [ 104.268187, 28.4708603 ], [ 104.2681639, 28.4705608 ], [ 104.2680746, 28.4703248 ], [ 104.2659926, 28.4665799 ], [ 104.2655941, 28.4661399 ], [ 104.2632666, 28.464107 ], [ 104.2621646, 28.4631444 ], [ 104.2603995, 28.4616824 ], [ 104.2589455, 28.460588 ], [ 104.2579743, 28.4595405 ], [ 104.2574923, 28.4588126 ], [ 104.2571859, 28.4583498 ], [ 104.256547, 28.4573208 ], [ 104.2564493, 28.4569378 ], [ 104.2561496, 28.4549571 ], [ 104.2559775, 28.4535481 ], [ 104.2559666, 28.4524171 ], [ 104.2561029, 28.4517748 ], [ 104.2573886, 28.4482007 ], [ 104.2584729, 28.4456122 ], [ 104.2596134, 28.4430628 ], [ 104.2608568, 28.4410351 ], [ 104.2632237, 28.4370566 ], [ 104.2645029, 28.4343638 ], [ 104.2648444, 28.4330462 ], [ 104.2655488, 28.4300288 ], [ 104.2655918, 28.4256108 ], [ 104.2655342, 28.4248787 ], [ 104.265406, 28.424368 ], [ 104.2652243, 28.4239649 ], [ 104.2651405, 28.423779 ], [ 104.2647308, 28.4231614 ], [ 104.2644586, 28.4228609 ], [ 104.264009, 28.4223648 ], [ 104.2634985, 28.4218298 ], [ 104.2622085, 28.4206642 ], [ 104.2592674, 28.4194219 ], [ 104.2588165, 28.4192314 ], [ 104.2575573, 28.4186995 ], [ 104.2544006, 28.4154329 ], [ 104.2532124, 28.4140904 ], [ 104.2524435, 28.4128666 ], [ 104.2521663, 28.412161 ], [ 104.2521034, 28.4112959 ], [ 104.2523911, 28.4075056 ], [ 104.2524558, 28.4066523 ], [ 104.252684, 28.4045082 ], [ 104.2528895, 28.4038219 ], [ 104.2544025, 28.4008366 ], [ 104.2548709, 28.4001961 ], [ 104.2557083, 28.3992472 ], [ 104.2560333, 28.3989413 ], [ 104.2570234, 28.3981374 ], [ 104.2572905, 28.3971132 ], [ 104.2573375, 28.3969724 ], [ 104.2574346, 28.3966816 ], [ 104.2575839, 28.3963969 ], [ 104.2576377, 28.396343 ], [ 104.2576371, 28.3963426 ], [ 104.2583637, 28.3956001 ], [ 104.258837, 28.3951426 ], [ 104.2591957, 28.394945 ], [ 104.2613558, 28.3944356 ], [ 104.2616404, 28.3944172 ], [ 104.2616529, 28.3944164 ], [ 104.2632671, 28.3945358 ], [ 104.2632702, 28.3945051 ], [ 104.2696772, 28.3950099 ], [ 104.2698617, 28.3950691 ], [ 104.2700924, 28.3952616 ], [ 104.2702473, 28.3955174 ], [ 104.270413, 28.3955793 ], [ 104.2707768, 28.3955646 ], [ 104.2711755, 28.3954642 ], [ 104.2713416, 28.395395 ], [ 104.2716093, 28.3952836 ], [ 104.2721264, 28.3948456 ], [ 104.2725188, 28.3942989 ], [ 104.2727993, 28.3936185 ], [ 104.2728989, 28.3932587 ], [ 104.2728357, 28.3928786 ], [ 104.2726824, 28.3923789 ], [ 104.2722244, 28.3915172 ], [ 104.2719357, 28.3911054 ], [ 104.2711045, 28.3902639 ], [ 104.2701395, 28.3892997 ], [ 104.2684662, 28.3878604 ], [ 104.2675353, 28.3869518 ], [ 104.2670605, 28.3862619 ], [ 104.2666748, 28.3853784 ], [ 104.2662629, 28.3841953 ], [ 104.2660684, 28.3833073 ], [ 104.2660579, 28.3825589 ], [ 104.2661454, 28.3812713 ], [ 104.2665611, 28.3782071 ], [ 104.2666468, 28.3775977 ], [ 104.2667915, 28.3770691 ], [ 104.267186, 28.3762064 ], [ 104.2674901, 28.3757396 ], [ 104.2689463, 28.3736131 ], [ 104.2696331, 28.3726328 ], [ 104.2718799, 28.367614 ], [ 104.2742959, 28.3611741 ], [ 104.2748021, 28.3595414 ], [ 104.2749607, 28.3589995 ], [ 104.2752236, 28.3589137 ], [ 104.2844962, 28.3451051 ], [ 104.2842465, 28.3421803 ], [ 104.2839714, 28.3394071 ], [ 104.2905087, 28.3353918 ], [ 104.2973542, 28.3333829 ], [ 104.2988068, 28.3318781 ], [ 104.2982419, 28.3299874 ], [ 104.2970212, 28.3283898 ], [ 104.2953739, 28.3262529 ], [ 104.2890682, 28.3187883 ], [ 104.2858798, 28.3164971 ], [ 104.2898048, 28.3140108 ], [ 104.2913977, 28.3130368 ], [ 104.2920249, 28.3128262 ], [ 104.3035051, 28.3097237 ], [ 104.308281, 28.3100369 ], [ 104.3151825, 28.3109941 ], [ 104.321376, 28.317109 ], [ 104.3217267, 28.3182753 ], [ 104.3229914, 28.3202841 ], [ 104.3300077, 28.3285142 ], [ 104.3332723, 28.3321073 ], [ 104.3359134, 28.3339577 ], [ 104.3413905, 28.3376519 ], [ 104.3445693, 28.3395973 ], [ 104.345447, 28.3398319 ], [ 104.3505945, 28.3393092 ], [ 104.3530207, 28.341218 ], [ 104.356777, 28.3401003 ], [ 104.3627699, 28.3395971 ], [ 104.3688762, 28.3394655 ], [ 104.3786232, 28.334648 ], [ 104.3802179, 28.3336604 ], [ 104.3828974, 28.3296032 ], [ 104.3868883, 28.3224902 ], [ 104.3879888, 28.3197097 ], [ 104.3873612, 28.312456 ], [ 104.3893617, 28.2999763 ], [ 104.3956768, 28.2924561 ], [ 104.3968495, 28.2913846 ], [ 104.4022998, 28.2825549 ], [ 104.4037275, 28.274229 ], [ 104.4065083, 28.2731083 ], [ 104.4150013, 28.2735029 ], [ 104.4162849, 28.2737121 ], [ 104.4246075, 28.2763251 ], [ 104.4312075, 28.2776237 ], [ 104.4457248, 28.2736144 ], [ 104.4432668, 28.2683363 ], [ 104.4412803, 28.2657202 ], [ 104.4402672, 28.2619318 ], [ 104.4404369, 28.2597202 ], [ 104.4488664, 28.2560905 ], [ 104.4628826, 28.2495232 ], [ 104.4632758, 28.2490732 ], [ 104.4612458, 28.2444594 ], [ 104.4564016, 28.2405133 ], [ 104.4498252, 28.2330532 ], [ 104.4498028, 28.232113 ], [ 104.4484779, 28.2237853 ], [ 104.4466614, 28.2210715 ], [ 104.4407439, 28.2149208 ], [ 104.4353404, 28.2125917 ], [ 104.4317386, 28.2117797 ], [ 104.4272463, 28.2128447 ], [ 104.4233258, 28.2130345 ], [ 104.4151414, 28.2112715 ], [ 104.414832, 28.2110003 ], [ 104.4148022, 28.2083283 ], [ 104.4143566, 28.2075366 ], [ 104.4135941, 28.2071313 ], [ 104.4040053, 28.2068366 ], [ 104.4013605, 28.2061475 ], [ 104.3997224, 28.2049948 ], [ 104.3974781, 28.2016417 ], [ 104.3985164, 28.1983085 ], [ 104.3993594, 28.1976486 ], [ 104.400521, 28.1972544 ], [ 104.4015412, 28.1960278 ], [ 104.4039259, 28.1908908 ], [ 104.4054191, 28.1833438 ], [ 104.4049286, 28.1826862 ], [ 104.4077588, 28.1790553 ], [ 104.4128975, 28.1764307 ], [ 104.4192311, 28.1732481 ], [ 104.4291845, 28.1716483 ], [ 104.4317444, 28.1713226 ], [ 104.4361787, 28.17235 ], [ 104.4405635, 28.173956 ], [ 104.4421732, 28.1748755 ], [ 104.4434049, 28.1762689 ], [ 104.4453714, 28.1776318 ], [ 104.4482603, 28.178511 ], [ 104.4561341, 28.1738025 ], [ 104.456921, 28.1729765 ], [ 104.4565757, 28.1721186 ], [ 104.4517145, 28.1694478 ], [ 104.4431554, 28.153984 ], [ 104.4419956, 28.1478164 ], [ 104.441816, 28.1428404 ], [ 104.4424853, 28.1417463 ], [ 104.4451809, 28.1386647 ], [ 104.4483383, 28.1372163 ], [ 104.4492304, 28.1358237 ], [ 104.4497261, 28.1320717 ], [ 104.4494057, 28.1220931 ], [ 104.4488639, 28.1206922 ], [ 104.446872, 28.1190715 ], [ 104.4432547, 28.1168682 ], [ 104.4367239, 28.1187618 ], [ 104.4319228, 28.1192735 ], [ 104.4305932, 28.1193647 ], [ 104.4303067, 28.1190182 ], [ 104.4303224, 28.1174186 ], [ 104.431889, 28.1110778 ], [ 104.4315971, 28.1105933 ], [ 104.4273979, 28.1037703 ], [ 104.4255803, 28.1032079 ], [ 104.4145399, 28.1001837 ], [ 104.4131822, 28.1001339 ], [ 104.4109051, 28.1005903 ], [ 104.4068164, 28.1002811 ], [ 104.403804, 28.0990553 ], [ 104.3971737, 28.0960372 ], [ 104.3952146, 28.0945365 ], [ 104.3944269, 28.0933733 ], [ 104.3942811, 28.0914656 ], [ 104.3973399, 28.0846679 ], [ 104.3970256, 28.0743927 ], [ 104.3924898, 28.0663765 ], [ 104.3886842, 28.0645355 ], [ 104.388084, 28.0644174 ], [ 104.3876347, 28.0647079 ], [ 104.3863023, 28.0668933 ], [ 104.3826702, 28.0642947 ], [ 104.3785354, 28.0604818 ], [ 104.3751413, 28.056719 ], [ 104.3744172, 28.0558716 ], [ 104.3727345, 28.0555554 ], [ 104.3641964, 28.0554794 ], [ 104.3594018, 28.0568813 ], [ 104.3557943, 28.0588293 ], [ 104.3414557, 28.0610835 ], [ 104.3382741, 28.0610533 ], [ 104.3316935, 28.0585006 ], [ 104.3256926, 28.0582568 ], [ 104.318872, 28.0588469 ], [ 104.3165825, 28.0598678 ], [ 104.3092139, 28.0579844 ], [ 104.3026609, 28.0559039 ], [ 104.301711, 28.055574 ], [ 104.3001682, 28.0541416 ], [ 104.296476, 28.0503589 ], [ 104.2960709, 28.0495756 ], [ 104.2962961, 28.0483162 ], [ 104.2973238, 28.0467807 ], [ 104.3070508, 28.0406702 ], [ 104.323064, 28.0321936 ], [ 104.3305343, 28.0285379 ], [ 104.3305187, 28.0284514 ], [ 104.3307094, 28.0284242 ], [ 104.3307976, 28.0284091 ], [ 104.3309295, 28.0283848 ], [ 104.3380715, 28.0268763 ], [ 104.3448445, 28.0249726 ], [ 104.3448928, 28.0249579 ], [ 104.3457122, 28.0246826 ], [ 104.3461483, 28.0244491 ], [ 104.3463039, 28.0243308 ], [ 104.3464323, 28.0241905 ], [ 104.3465084, 28.0240869 ], [ 104.3465851, 28.0238887 ], [ 104.346652, 28.0235898 ], [ 104.3467342, 28.0231282 ], [ 104.3467635, 28.022798 ], [ 104.3467745, 28.0226976 ], [ 104.346827, 28.0226309 ], [ 104.3469107, 28.0225666 ], [ 104.3470373, 28.022506 ], [ 104.3471898, 28.022464 ], [ 104.3473721, 28.0224498 ], [ 104.3526854, 28.0235876 ], [ 104.3526791, 28.023611 ], [ 104.3527427, 28.0235999 ], [ 104.3637936, 28.0145266 ], [ 104.3640097, 28.0102412 ], [ 104.368415, 28.0057399 ], [ 104.3742318, 28.0 ], [ 104.3769436, 27.9970053 ], [ 104.376718, 27.9956532 ], [ 104.3759886, 27.994216 ], [ 104.3754033, 27.9936912 ], [ 104.3746196, 27.9935716 ], [ 104.37259, 27.9941509 ], [ 104.3700971, 27.9941146 ], [ 104.3693993, 27.9936804 ], [ 104.3694602, 27.9928353 ], [ 104.3714525, 27.9906479 ], [ 104.3731463, 27.9900009 ], [ 104.3742585, 27.9881991 ], [ 104.3770433, 27.9861645 ], [ 104.3785015, 27.9842482 ], [ 104.3824821, 27.9804286 ], [ 104.3835784, 27.979729 ], [ 104.38589, 27.9788972 ], [ 104.3857656, 27.9783765 ], [ 104.3827473, 27.9748434 ], [ 104.3816869, 27.9708851 ], [ 104.3819229, 27.9704303 ], [ 104.3848282, 27.9684375 ], [ 104.3874416, 27.968532 ], [ 104.3908152, 27.9662511 ], [ 104.3911365, 27.965548 ], [ 104.3906842, 27.9629766 ], [ 104.3924801, 27.960672 ], [ 104.3923417, 27.9587154 ], [ 104.3943341, 27.9563122 ], [ 104.396515, 27.9555585 ], [ 104.3986572, 27.9560825 ], [ 104.4011017, 27.9562755 ], [ 104.4049414, 27.9556871 ], [ 104.4092237, 27.9560868 ], [ 104.4151847, 27.9515702 ], [ 104.417143, 27.9478726 ], [ 104.4188463, 27.9466111 ], [ 104.4195995, 27.9446348 ], [ 104.4232482, 27.9412353 ], [ 104.4261087, 27.9409968 ], [ 104.4284501, 27.9414525 ], [ 104.4296245, 27.9409137 ], [ 104.4309479, 27.939477 ], [ 104.4322655, 27.9391675 ], [ 104.4328279, 27.9387056 ], [ 104.4337791, 27.9352698 ], [ 104.4357816, 27.9342585 ], [ 104.4381053, 27.9341486 ], [ 104.437766, 27.9331146 ], [ 104.4380873, 27.932345 ], [ 104.440258, 27.9312598 ], [ 104.4412236, 27.9304017 ], [ 104.4423715, 27.9304064 ], [ 104.44825, 27.9323861 ], [ 104.4490531, 27.9304498 ], [ 104.450861, 27.9291143 ], [ 104.4514563, 27.9276579 ], [ 104.4515348, 27.9257582 ], [ 104.454854, 27.9256324 ], [ 104.4559714, 27.9223877 ], [ 104.4575878, 27.9200982 ], [ 104.4615477, 27.9157114 ], [ 104.4639598, 27.9146941 ], [ 104.4681503, 27.9144948 ], [ 104.4680708, 27.9135911 ], [ 104.4671377, 27.9116894 ], [ 104.4670416, 27.9103545 ], [ 104.467368, 27.9084743 ], [ 104.4684368, 27.9074341 ], [ 104.4702907, 27.9064924 ], [ 104.4731886, 27.9068721 ], [ 104.4763811, 27.9046298 ], [ 104.4772788, 27.9042898 ], [ 104.4774207, 27.9043094 ], [ 104.4797641, 27.9054134 ], [ 104.4812277, 27.9056759 ], [ 104.4858866, 27.9050137 ], [ 104.4870739, 27.9045042 ], [ 104.4875524, 27.9039258 ], [ 104.4877541, 27.9026998 ], [ 104.4873587, 27.9014882 ], [ 104.4883898, 27.9004643 ], [ 104.4903712, 27.8997174 ], [ 104.4950178, 27.8996101 ], [ 104.4956817, 27.899281 ], [ 104.496634, 27.8980757 ], [ 104.4966797, 27.8977761 ], [ 104.4988114, 27.8923759 ], [ 104.5001239, 27.8881465 ], [ 104.5021843, 27.8852712 ], [ 104.5063301, 27.8820061 ], [ 104.5070763, 27.8818523 ], [ 104.5111739, 27.8813702 ], [ 104.5132846, 27.8818225 ], [ 104.5157454, 27.883299 ], [ 104.5187927, 27.8858789 ], [ 104.5219372, 27.8911451 ], [ 104.522865, 27.8920243 ], [ 104.5246597, 27.891704 ], [ 104.5345421, 27.8911698 ], [ 104.5349287, 27.8909765 ], [ 104.5360708, 27.891005 ], [ 104.5389958, 27.8876913 ], [ 104.5393238, 27.886334 ], [ 104.54028, 27.8848998 ], [ 104.5452463, 27.8786565 ], [ 104.5470278, 27.8775602 ], [ 104.5487251, 27.8791021 ], [ 104.5493636, 27.879088 ], [ 104.5499788, 27.878077 ], [ 104.551599, 27.8766156 ], [ 104.5528729, 27.8737642 ], [ 104.5545018, 27.8729725 ], [ 104.5566621, 27.8724315 ], [ 104.5574778, 27.8717367 ], [ 104.5574539, 27.8707155 ], [ 104.5557532, 27.8685182 ], [ 104.5547458, 27.8661402 ], [ 104.5553379, 27.8596017 ], [ 104.5550416, 27.8574573 ], [ 104.557057, 27.8553446 ], [ 104.5582757, 27.8551754 ], [ 104.5596934, 27.8556867 ], [ 104.5610225, 27.8556537 ], [ 104.5624513, 27.8551609 ], [ 104.5643838, 27.8549466 ], [ 104.5659836, 27.8543289 ], [ 104.5662934, 27.8539314 ], [ 104.5657467, 27.8529573 ], [ 104.5651789, 27.8490171 ], [ 104.5652817, 27.8476268 ], [ 104.5657094, 27.8467652 ], [ 104.567729, 27.8452683 ], [ 104.5713855, 27.8449603 ], [ 104.5734689, 27.8437384 ], [ 104.5751249, 27.843953 ], [ 104.5773587, 27.8447349 ], [ 104.5823339, 27.8501623 ], [ 104.5916812, 27.8545345 ], [ 104.5998223, 27.8583035 ], [ 104.613994, 27.8623741 ], [ 104.6218337, 27.8625249 ], [ 104.6257257, 27.8605789 ], [ 104.62602, 27.8596354 ], [ 104.6270396, 27.8578644 ], [ 104.6280388, 27.8568453 ], [ 104.6287421, 27.855336 ], [ 104.630214, 27.8542418 ], [ 104.6312228, 27.8542694 ], [ 104.6332031, 27.856138 ], [ 104.6346421, 27.8566889 ], [ 104.6369389, 27.8585455 ], [ 104.6380693, 27.8588544 ], [ 104.639098, 27.8599842 ], [ 104.6456496, 27.8626931 ], [ 104.6487042, 27.8649494 ], [ 104.6499069, 27.8664472 ], [ 104.6561345, 27.8708315 ], [ 104.661877, 27.875747 ], [ 104.6634828, 27.8763565 ], [ 104.6672189, 27.8785216 ], [ 104.6731978, 27.8824099 ], [ 104.6763199, 27.8857434 ], [ 104.6800864, 27.8866111 ], [ 104.6835855, 27.8881794 ], [ 104.6843999, 27.8881115 ], [ 104.687258, 27.8868204 ], [ 104.6903084, 27.8876857 ], [ 104.6930276, 27.8878045 ], [ 104.7021114, 27.8909338 ], [ 104.7061123, 27.8941636 ], [ 104.7192698, 27.8985426 ], [ 104.7230987, 27.8991176 ], [ 104.7294474, 27.9017432 ], [ 104.7324665, 27.9013657 ], [ 104.7394135, 27.904802 ], [ 104.7435719, 27.9056343 ], [ 104.7476656, 27.9059184 ], [ 104.7486741, 27.9056486 ], [ 104.7500089, 27.90463 ], [ 104.7500081, 27.903844 ], [ 104.7491486, 27.9017296 ], [ 104.7471389, 27.8990356 ], [ 104.74706, 27.8981316 ], [ 104.747606, 27.8957884 ], [ 104.745783, 27.8929449 ], [ 104.7467585, 27.8908224 ], [ 104.7473961, 27.8901155 ], [ 104.750312, 27.8883094 ], [ 104.7527125, 27.8885279 ], [ 104.7581695, 27.8874862 ], [ 104.7642949, 27.8868753 ], [ 104.765056, 27.8871287 ], [ 104.7663114, 27.8882273 ], [ 104.7681591, 27.8882539 ], [ 104.7687787, 27.888595 ], [ 104.7693302, 27.8899211 ], [ 104.7687741, 27.8907411 ], [ 104.768983, 27.8918555 ], [ 104.7725474, 27.8934812 ], [ 104.7757853, 27.8936647 ], [ 104.7785532, 27.895914 ], [ 104.7836543, 27.8966195 ], [ 104.7872158, 27.8979176 ], [ 104.7909291, 27.9014436 ], [ 104.7927868, 27.9032075 ], [ 104.7948045, 27.9059321 ], [ 104.7970533, 27.9025742 ], [ 104.7978938, 27.9026742 ], [ 104.7993242, 27.9038987 ], [ 104.8069291, 27.9043329 ], [ 104.8101355, 27.9049099 ], [ 104.8127968, 27.9027463 ], [ 104.8190863, 27.9021888 ], [ 104.8228501, 27.902945 ], [ 104.8259535, 27.9029544 ], [ 104.8277606, 27.904384 ], [ 104.8281746, 27.9057127 ], [ 104.8289901, 27.9066586 ], [ 104.8308595, 27.9081408 ], [ 104.8334222, 27.9079898 ], [ 104.8345483, 27.9071995 ], [ 104.8357742, 27.9053934 ], [ 104.8379029, 27.904273 ], [ 104.8393522, 27.9040009 ], [ 104.8438594, 27.9044391 ], [ 104.8459337, 27.9041385 ], [ 104.8474757, 27.9043051 ], [ 104.8500778, 27.9056493 ], [ 104.8533614, 27.9053653 ], [ 104.8546713, 27.9055721 ], [ 104.8583994, 27.9071096 ], [ 104.8598271, 27.9080827 ], [ 104.8610699, 27.9083914 ], [ 104.8651641, 27.9088143 ], [ 104.8682766, 27.9098169 ], [ 104.8727583, 27.9099416 ], [ 104.8738059, 27.9102611 ], [ 104.8748253, 27.9119866 ], [ 104.8783835, 27.9146806 ], [ 104.8817209, 27.9153668 ], [ 104.8831138, 27.9162388 ], [ 104.8852869, 27.9167336 ], [ 104.8846898, 27.9228517 ], [ 104.8850873, 27.9269522 ], [ 104.8840968, 27.9313364 ], [ 104.8852238, 27.9336421 ], [ 104.8859933, 27.9338877 ], [ 104.8865102, 27.9348322 ], [ 104.887135, 27.9348632 ], [ 104.8886592, 27.9356109 ], [ 104.8922521, 27.9387254 ], [ 104.900913, 27.9399971 ], [ 104.9033566, 27.9412691 ], [ 104.9063056, 27.9419948 ], [ 104.9089697, 27.9420658 ], [ 104.9136965, 27.9427381 ], [ 104.9175189, 27.9435471 ], [ 104.9186748, 27.9442324 ], [ 104.9188056, 27.9455535 ], [ 104.9182101, 27.9473105 ], [ 104.9165189, 27.9490617 ], [ 104.9135861, 27.9509636 ], [ 104.9130954, 27.9517951 ], [ 104.9129266, 27.9531372 ], [ 104.9125287, 27.9535174 ], [ 104.9088793, 27.9537638 ], [ 104.9071332, 27.9532933 ], [ 104.9040489, 27.9533941 ], [ 104.9016969, 27.9525699 ], [ 104.9005603, 27.9527593 ], [ 104.9004535, 27.9574161 ], [ 104.9007745, 27.9591944 ], [ 104.90031, 27.9617119 ], [ 104.9002148, 27.9652213 ], [ 104.9004583, 27.9662781 ], [ 104.9012036, 27.9674028 ], [ 104.9021705, 27.9681479 ], [ 104.9040206, 27.9682225 ], [ 104.9061216, 27.9697308 ], [ 104.9100178, 27.971383 ], [ 104.9111317, 27.9714394 ], [ 104.9129064, 27.9705519 ], [ 104.9145176, 27.9714301 ], [ 104.9166703, 27.9734051 ], [ 104.9189718, 27.9744102 ], [ 104.9192232, 27.9756618 ], [ 104.9188911, 27.9763743 ], [ 104.9202384, 27.9784217 ], [ 104.920522, 27.9802455 ], [ 104.9219484, 27.983877 ], [ 104.9229496, 27.9849165 ], [ 104.9258283, 27.9868366 ], [ 104.92673, 27.9883467 ], [ 104.9269879, 27.9892056 ], [ 104.9268066, 27.9903227 ], [ 104.9270546, 27.9904297 ], [ 104.9357725, 27.9846824 ], [ 104.9390062, 27.9849816 ], [ 104.9405102, 27.9842911 ], [ 104.9438977, 27.983871 ], [ 104.9463176, 27.9843243 ], [ 104.945646, 27.9857374 ], [ 104.9432725, 27.9879832 ], [ 104.9424954, 27.9902025 ], [ 104.9447578, 27.9963126 ], [ 104.9448657, 27.9986189 ], [ 104.9458099, 27.9993712 ], [ 104.9475681, 28.0 ], [ 104.9477565, 28.0010335 ], [ 104.9482454, 28.0016567 ], [ 104.9563205, 28.0070509 ], [ 104.957095, 28.0103289 ], [ 104.9574899, 28.0157054 ], [ 104.9578791, 28.0165397 ], [ 104.9597063, 28.017468 ], [ 104.9651666, 28.0179664 ], [ 104.9666722, 28.0191577 ], [ 104.9691661, 28.0196087 ], [ 104.9701199, 28.0205071 ], [ 104.9715554, 28.0229967 ], [ 104.9718275, 28.0242338 ], [ 104.971609, 28.0266586 ], [ 104.969816, 28.0318133 ], [ 104.9679587, 28.0358976 ], [ 104.9684864, 28.0391011 ], [ 104.9704945, 28.0428094 ], [ 104.9705426, 28.0454142 ], [ 104.9716593, 28.0474365 ], [ 104.9722551, 28.053172 ], [ 104.9736263, 28.0559917 ], [ 104.9740039, 28.0575207 ], [ 104.9739767, 28.0583733 ], [ 104.9729668, 28.0605149 ], [ 104.9736561, 28.0624032 ], [ 104.9724358, 28.0640003 ], [ 104.9730997, 28.0654009 ], [ 104.9757994, 28.0667667 ], [ 104.9777831, 28.0673215 ], [ 104.9827804, 28.0666201 ], [ 104.9861788, 28.0686119 ], [ 104.9935522, 28.0700556 ], [ 104.9946119, 28.0699047 ], [ 104.9968458, 28.0677721 ], [ 104.9980949, 28.0675988 ], [ 105.0000555, 28.0678422 ], [ 105.0009676, 28.0676195 ], [ 105.0031993, 28.068771 ], [ 105.0088687, 28.0703786 ], [ 105.0102752, 28.070495 ], [ 105.012594, 28.0723323 ], [ 105.0145677, 28.073069 ], [ 105.0149739, 28.0750998 ], [ 105.0162478, 28.077007 ], [ 105.0199677, 28.0775465 ], [ 105.0211762, 28.0786034 ], [ 105.0266677, 28.0801752 ], [ 105.0288563, 28.0836626 ], [ 105.0336576, 28.0875204 ], [ 105.0352762, 28.0882434 ], [ 105.0368756, 28.0907135 ], [ 105.0383312, 28.0918256 ], [ 105.0388729, 28.0933012 ], [ 105.0387281, 28.0967835 ], [ 105.0389804, 28.0978347 ], [ 105.0404721, 28.0997836 ], [ 105.0428036, 28.1017632 ], [ 105.0445709, 28.1022523 ], [ 105.0484485, 28.1012299 ], [ 105.0504608, 28.1010491 ], [ 105.0530178, 28.101596 ], [ 105.0571774, 28.1018112 ], [ 105.0577378, 28.1015622 ], [ 105.0576412, 28.0971511 ], [ 105.058027, 28.09547 ], [ 105.0584961, 28.094874 ], [ 105.0592567, 28.0945112 ], [ 105.0622048, 28.0940606 ], [ 105.0645746, 28.0926334 ], [ 105.0666584, 28.0927126 ], [ 105.067503, 28.0924707 ], [ 105.0677205, 28.092787 ], [ 105.0689531, 28.0926707 ], [ 105.069428, 28.0916294 ], [ 105.0724152, 28.09068 ], [ 105.0726933, 28.0882761 ], [ 105.0715677, 28.0870878 ], [ 105.0713559, 28.0860558 ], [ 105.0715722, 28.0856065 ], [ 105.0726278, 28.0856586 ], [ 105.0753307, 28.0865809 ], [ 105.0766115, 28.0876093 ], [ 105.0780499, 28.0881234 ], [ 105.0811588, 28.0881733 ], [ 105.0844202, 28.0888775 ], [ 105.0859622, 28.0889214 ], [ 105.0897629, 28.0883644 ], [ 105.091175, 28.0877458 ], [ 105.0924654, 28.0862045 ], [ 105.0935395, 28.0856236 ], [ 105.0995881, 28.0850298 ], [ 105.1021977, 28.0844802 ], [ 105.1077021, 28.0822639 ], [ 105.1094504, 28.0810802 ], [ 105.1102171, 28.0789114 ], [ 105.1127722, 28.0765772 ], [ 105.1141688, 28.0758641 ], [ 105.1155772, 28.0761822 ], [ 105.1164671, 28.0760797 ], [ 105.1197454, 28.0731607 ], [ 105.1222091, 28.0727088 ], [ 105.127658, 28.0735135 ], [ 105.1287863, 28.0727156 ], [ 105.1293726, 28.0711954 ], [ 105.1299754, 28.0705659 ], [ 105.1332416, 28.0707414 ], [ 105.135586, 28.07043 ], [ 105.1368931, 28.070639 ], [ 105.1389745, 28.0704267 ], [ 105.1409456, 28.0698425 ], [ 105.1419029, 28.070071 ], [ 105.1420413, 28.0697927 ], [ 105.1428766, 28.0696245 ], [ 105.1482236, 28.0711443 ], [ 105.1507606, 28.0722791 ], [ 105.1550467, 28.0728625 ], [ 105.1563571, 28.0733218 ], [ 105.1597806, 28.0724836 ], [ 105.1617541, 28.073504 ], [ 105.1635412, 28.0739313 ], [ 105.1649114, 28.0734655 ], [ 105.1652129, 28.0717794 ], [ 105.1660412, 28.0704314 ], [ 105.1682445, 28.070388 ], [ 105.1696741, 28.0693601 ], [ 105.1770821, 28.0704235 ], [ 105.177374, 28.0698286 ], [ 105.176356, 28.0675777 ], [ 105.1766253, 28.0660682 ], [ 105.1790855, 28.0634336 ], [ 105.1807905, 28.0623169 ], [ 105.181532, 28.0606189 ], [ 105.1832931, 28.0582082 ], [ 105.1829207, 28.0522641 ], [ 105.1801818, 28.0497587 ], [ 105.1795282, 28.0483474 ], [ 105.1799772, 28.0465548 ], [ 105.1815155, 28.0449887 ], [ 105.1766336, 28.0412973 ], [ 105.1759758, 28.0385465 ], [ 105.1698854, 28.0342244 ], [ 105.1687671, 28.0325326 ], [ 105.1663048, 28.0306739 ], [ 105.1650533, 28.0288921 ], [ 105.1644176, 28.0267109 ], [ 105.164898, 28.0247989 ], [ 105.1654528, 28.0240938 ], [ 105.1653964, 28.0227777 ], [ 105.1662219, 28.0218499 ], [ 105.1661409, 28.020379 ], [ 105.1666233, 28.0189693 ], [ 105.1692779, 28.0154124 ], [ 105.1707444, 28.0148598 ], [ 105.1716841, 28.0109892 ], [ 105.1722706, 28.0098031 ], [ 105.1754667, 28.006096 ], [ 105.1760347, 28.0045232 ], [ 105.1766863, 28.0039124 ], [ 105.1772407, 28.0020585 ], [ 105.1790922, 28.000121 ], [ 105.1800486, 28.0 ], [ 105.1815969, 27.9997038 ], [ 105.1843727, 27.9984628 ], [ 105.1920592, 27.9970768 ], [ 105.1934892, 27.9970748 ], [ 105.196863, 27.9959649 ], [ 105.198161, 27.9963227 ], [ 105.2009362, 27.9962485 ], [ 105.2031019, 27.9956192 ], [ 105.2046865, 27.9957781 ], [ 105.2090781, 27.9948205 ], [ 105.2103696, 27.994807 ], [ 105.2134882, 27.9933649 ], [ 105.2183543, 27.9939355 ], [ 105.2191977, 27.9943667 ], [ 105.2216625, 27.9977995 ], [ 105.2220874, 28.0 ], [ 105.2232552, 28.0012314 ], [ 105.2262416, 28.002995 ], [ 105.2271996, 28.0048998 ], [ 105.228741, 28.0061174 ], [ 105.2304641, 28.0065721 ], [ 105.2335564, 28.005916 ], [ 105.2348582, 28.0061196 ], [ 105.2362915, 28.0071238 ], [ 105.2385878, 28.0098505 ], [ 105.2425035, 28.0119126 ], [ 105.2451844, 28.0110289 ], [ 105.2460567, 28.010223 ], [ 105.2435546, 28.0052705 ], [ 105.2461494, 28.0046753 ], [ 105.2473522, 28.005001 ], [ 105.2495923, 28.0048917 ], [ 105.2503282, 28.0053301 ], [ 105.2528901, 28.0039107 ], [ 105.2544155, 28.0034718 ], [ 105.2569665, 28.0034782 ], [ 105.2582246, 28.0038271 ], [ 105.2594703, 28.0036577 ], [ 105.2607943, 28.00297 ], [ 105.2649367, 28.0017628 ], [ 105.2669835, 28.0 ], [ 105.2681612, 27.9964311 ], [ 105.2670474, 27.9905823 ], [ 105.2665512, 27.9893411 ], [ 105.2665524, 27.9846016 ], [ 105.2674015, 27.9834027 ], [ 105.2688837, 27.9826818 ], [ 105.2691575, 27.981838 ], [ 105.2699401, 27.9810486 ], [ 105.2702605, 27.9795674 ], [ 105.2714596, 27.9775827 ], [ 105.2723256, 27.9773489 ], [ 105.2743881, 27.9746654 ], [ 105.2747139, 27.9746556 ], [ 105.2747978, 27.9740727 ], [ 105.2770405, 27.9727673 ], [ 105.277473, 27.9715307 ], [ 105.277219, 27.968738 ], [ 105.2788773, 27.9665789 ], [ 105.280337, 27.963388 ], [ 105.2802592, 27.9624274 ], [ 105.2791252, 27.9608515 ], [ 105.2790692, 27.9590434 ], [ 105.2782578, 27.9564819 ], [ 105.2789572, 27.9534469 ], [ 105.281616, 27.9475085 ], [ 105.2809885, 27.9394367 ], [ 105.2804477, 27.9374104 ], [ 105.2784399, 27.9350421 ], [ 105.2788631, 27.9332186 ], [ 105.2785194, 27.9323522 ], [ 105.27722, 27.931052 ], [ 105.2739622, 27.9296489 ], [ 105.2712202, 27.9275417 ], [ 105.2702179, 27.9261288 ], [ 105.269589, 27.9243736 ], [ 105.2682485, 27.9230748 ], [ 105.2674204, 27.9212327 ], [ 105.2663351, 27.9199177 ], [ 105.2651021, 27.9170899 ], [ 105.2632401, 27.9150878 ], [ 105.26238, 27.9147277 ], [ 105.2607717, 27.9148099 ], [ 105.2537208, 27.91693 ], [ 105.2504759, 27.9172915 ], [ 105.2468706, 27.9160055 ], [ 105.2449411, 27.9150058 ], [ 105.244516, 27.9138876 ], [ 105.2436115, 27.9135542 ], [ 105.2418186, 27.9112877 ], [ 105.2400492, 27.9100607 ], [ 105.2391052, 27.9087542 ], [ 105.2323647, 27.9062218 ], [ 105.2332387, 27.9045483 ], [ 105.2337145, 27.90249 ], [ 105.2323022, 27.9013216 ], [ 105.2317789, 27.8998093 ], [ 105.2289992, 27.89714 ], [ 105.2287899, 27.8957731 ], [ 105.2291388, 27.8947813 ], [ 105.2320431, 27.8936372 ], [ 105.2365506, 27.8892657 ], [ 105.2368145, 27.8875391 ], [ 105.2372058, 27.8849785 ], [ 105.2375384, 27.8828021 ], [ 105.2392969, 27.8805093 ], [ 105.2402755, 27.8792333 ], [ 105.2402172, 27.8747764 ], [ 105.2382719, 27.8737305 ], [ 105.2375934, 27.8715179 ], [ 105.2380345, 27.8708275 ], [ 105.2393971, 27.8698894 ], [ 105.2418647, 27.8683962 ], [ 105.2430001, 27.864649 ], [ 105.2453369, 27.8620359 ], [ 105.244216, 27.8584514 ], [ 105.2421972, 27.8576266 ], [ 105.2419287, 27.8562854 ], [ 105.243329, 27.8540753 ], [ 105.2438186, 27.852183 ], [ 105.2453766, 27.8508361 ], [ 105.2473175, 27.847422 ], [ 105.2474107, 27.8440949 ], [ 105.2435234, 27.8391118 ], [ 105.2413387, 27.8363111 ], [ 105.2368927, 27.8333545 ], [ 105.2357452, 27.832949 ], [ 105.2362865, 27.8317382 ], [ 105.2363627, 27.8315679 ], [ 105.2382493, 27.828185 ], [ 105.2385721, 27.827606 ], [ 105.2390625, 27.8267266 ], [ 105.2397953, 27.8254127 ], [ 105.2408653, 27.8258843 ], [ 105.2430096, 27.8265535 ], [ 105.24833, 27.8294846 ], [ 105.2515367, 27.8305137 ], [ 105.2541802, 27.8307354 ], [ 105.2566024, 27.8316084 ], [ 105.2580675, 27.8317189 ], [ 105.2584488, 27.8313785 ], [ 105.2586039, 27.8296231 ], [ 105.2607556, 27.823929 ], [ 105.2663933, 27.8222673 ], [ 105.2696326, 27.8213125 ], [ 105.2730501, 27.8209057 ], [ 105.2742985, 27.8206238 ], [ 105.2780104, 27.8214804 ], [ 105.2794381, 27.8214804 ], [ 105.2828187, 27.8198578 ], [ 105.297117, 27.8232044 ], [ 105.3054911, 27.8225734 ], [ 105.3078975, 27.822392 ], [ 105.3106479, 27.8225801 ], [ 105.3118574, 27.8224076 ], [ 105.3121113, 27.8221239 ], [ 105.3119732, 27.8183875 ], [ 105.3122885, 27.8172827 ], [ 105.3119645, 27.8153302 ], [ 105.3115492, 27.8148499 ], [ 105.3057077, 27.8137216 ], [ 105.3051302, 27.8135671 ], [ 105.3051202, 27.8135967 ], [ 105.3035442, 27.8146528 ], [ 105.3019338, 27.8148471 ], [ 105.3009456, 27.8146894 ], [ 105.2981744, 27.8138129 ], [ 105.2942068, 27.8130759 ], [ 105.2876558, 27.8118587 ], [ 105.2846051, 27.8105006 ], [ 105.2846299, 27.8075261 ], [ 105.2854858, 27.8031131 ], [ 105.2832012, 27.8001771 ], [ 105.2785304, 27.7990247 ], [ 105.2766856, 27.8005374 ], [ 105.275656, 27.8007419 ], [ 105.2746329, 27.8004218 ], [ 105.2696918, 27.7988758 ], [ 105.2700909, 27.7978673 ], [ 105.2705373, 27.7969 ], [ 105.2725031, 27.7941622 ], [ 105.2724322, 27.7928762 ], [ 105.2722953, 27.790394 ], [ 105.272138, 27.7875419 ], [ 105.2794001, 27.7790037 ], [ 105.2824294, 27.7773405 ], [ 105.2881319, 27.7749918 ], [ 105.2892513, 27.7737785 ], [ 105.2896055, 27.7722269 ], [ 105.2903906, 27.7710568 ], [ 105.2902687, 27.7701223 ], [ 105.2867763, 27.7681113 ], [ 105.2851727, 27.76684 ], [ 105.2853383, 27.7662235 ], [ 105.2870053, 27.7643718 ], [ 105.2870887, 27.7597402 ], [ 105.287349, 27.7588474 ], [ 105.2899144, 27.756008 ], [ 105.2906801, 27.7542091 ], [ 105.2906245, 27.7512349 ], [ 105.2849472, 27.7494552 ], [ 105.2840165, 27.744684 ], [ 105.2847498, 27.7420269 ], [ 105.2856777, 27.7407291 ], [ 105.2867193, 27.737264 ], [ 105.287955, 27.7350307 ], [ 105.2885436, 27.731864 ], [ 105.2885113, 27.7291269 ], [ 105.2884896, 27.7272821 ], [ 105.2884513, 27.7240249 ], [ 105.2873003, 27.7221365 ], [ 105.2873767, 27.7170662 ], [ 105.2867801, 27.715119 ], [ 105.2871133, 27.7150381 ], [ 105.2928287, 27.7136512 ], [ 105.2997326, 27.7128938 ], [ 105.3003895, 27.7128217 ], [ 105.3019414, 27.7126514 ], [ 105.3044817, 27.7094311 ], [ 105.3045366, 27.7093614 ], [ 105.30476, 27.7090782 ], [ 105.3049757, 27.7088047 ], [ 105.305772, 27.709062 ], [ 105.3058867, 27.7090991 ], [ 105.3060391, 27.7091483 ], [ 105.3153338, 27.7175167 ], [ 105.3184644, 27.7219414 ], [ 105.3192438, 27.7230429 ], [ 105.3194984, 27.7259309 ], [ 105.3230616, 27.7301836 ], [ 105.3243546, 27.7303819 ], [ 105.3277023, 27.7298589 ], [ 105.3304592, 27.7294281 ], [ 105.3312117, 27.7297146 ], [ 105.3378702, 27.7330945 ], [ 105.3414168, 27.7379521 ], [ 105.3433539, 27.7419372 ], [ 105.3440799, 27.7438846 ], [ 105.3445565, 27.745163 ], [ 105.3461861, 27.747878 ], [ 105.3468302, 27.7489512 ], [ 105.3498137, 27.7517285 ], [ 105.3512216, 27.7522035 ], [ 105.3634881, 27.7535441 ], [ 105.3670858, 27.755714 ], [ 105.3694778, 27.7577487 ], [ 105.3718219, 27.7584514 ], [ 105.379638, 27.7607943 ], [ 105.3817634, 27.7606501 ], [ 105.3830753, 27.759551 ], [ 105.3842212, 27.7573165 ], [ 105.3837592, 27.7549538 ], [ 105.3842413, 27.7538108 ], [ 105.3853087, 27.7532659 ], [ 105.3880761, 27.7532697 ], [ 105.3906855, 27.7543867 ], [ 105.3928599, 27.7607112 ], [ 105.3908499, 27.7623198 ], [ 105.3904537, 27.7639123 ], [ 105.3938146, 27.7663938 ], [ 105.4018363, 27.7687269 ], [ 105.4146427, 27.7696305 ], [ 105.4246003, 27.7688418 ], [ 105.4271592, 27.7674729 ], [ 105.4342551, 27.7725452 ], [ 105.4344483, 27.7739862 ], [ 105.4362, 27.777983 ], [ 105.4372255, 27.7788136 ], [ 105.4454261, 27.7786153 ], [ 105.4479915, 27.7773697 ], [ 105.4495824, 27.7759659 ], [ 105.4508588, 27.7745523 ], [ 105.4515109, 27.7728234 ], [ 105.4538037, 27.7715087 ], [ 105.4553202, 27.7711487 ], [ 105.4614749, 27.7721234 ], [ 105.4643749, 27.7761603 ], [ 105.4736538, 27.7783096 ], [ 105.4835481, 27.7771017 ], [ 105.489856, 27.7763312 ], [ 105.4908681, 27.7758334 ], [ 105.4918739, 27.7739628 ], [ 105.4967865, 27.7720468 ], [ 105.5020042, 27.7719914 ], [ 105.5048556, 27.772419 ], [ 105.5068316, 27.7718368 ], [ 105.5149534, 27.7681459 ], [ 105.5177941, 27.7635475 ], [ 105.5200277, 27.7617087 ], [ 105.5244902, 27.7598262 ], [ 105.5334881, 27.7576751 ], [ 105.5345919, 27.7567368 ], [ 105.534574, 27.7564407 ], [ 105.5343049, 27.7519858 ], [ 105.537993, 27.7481253 ], [ 105.5388723, 27.7472049 ], [ 105.5394759, 27.7465731 ], [ 105.5402239, 27.7414652 ], [ 105.5402658, 27.7411795 ], [ 105.5403553, 27.7406159 ], [ 105.5425869, 27.7358668 ], [ 105.5456519, 27.7317011 ], [ 105.5470935, 27.7299002 ], [ 105.5528899, 27.7259714 ], [ 105.5555564, 27.7241639 ], [ 105.5587304, 27.7234237 ], [ 105.5661946, 27.7236515 ], [ 105.5748155, 27.7256928 ], [ 105.5774636, 27.7252594 ], [ 105.5823353, 27.7243175 ], [ 105.5894371, 27.7229443 ], [ 105.5979762, 27.7212803 ], [ 105.6018173, 27.7195432 ], [ 105.6020728, 27.7180562 ], [ 105.5993492, 27.7093875 ], [ 105.6005633, 27.7050028 ], [ 105.601043, 27.7036215 ], [ 105.6052186, 27.6974822 ], [ 105.6065271, 27.6957773 ], [ 105.6139684, 27.6924387 ], [ 105.6168495, 27.6906343 ], [ 105.6192833, 27.6845947 ], [ 105.6184685, 27.6808701 ], [ 105.618289, 27.6800497 ], [ 105.6180046, 27.6787494 ], [ 105.6200797, 27.6714601 ], [ 105.6208182, 27.669324 ], [ 105.6258574, 27.6644443 ], [ 105.6294195, 27.6637712 ], [ 105.6307133, 27.6635266 ], [ 105.6341164, 27.6625493 ], [ 105.6375168, 27.6627007 ], [ 105.6395848, 27.6634395 ], [ 105.6426943, 27.6664653 ], [ 105.6451946, 27.6705388 ], [ 105.646191, 27.6721621 ], [ 105.6467479, 27.6730694 ], [ 105.6523089, 27.6815217 ], [ 105.6557893, 27.6845349 ], [ 105.6625232, 27.6879092 ], [ 105.6627444, 27.6879252 ], [ 105.6683081, 27.6883261 ], [ 105.6698432, 27.6879346 ], [ 105.6744534, 27.6867589 ], [ 105.6774054, 27.6849659 ], [ 105.6785358, 27.6839566 ], [ 105.6795271, 27.6830715 ], [ 105.6819851, 27.6821852 ], [ 105.697313, 27.6803001 ], [ 105.7114746, 27.6842456 ], [ 105.7149577, 27.685885 ], [ 105.7163239, 27.6870872 ], [ 105.7173504, 27.6879904 ], [ 105.7155539, 27.6929284 ], [ 105.7157613, 27.6961754 ], [ 105.7176728, 27.7049227 ], [ 105.7184987, 27.7082042 ], [ 105.719729, 27.7098784 ], [ 105.7284632, 27.7130206 ], [ 105.7365835, 27.715457 ], [ 105.7426726, 27.7155149 ], [ 105.7475906, 27.7164606 ], [ 105.7552104, 27.7198186 ], [ 105.7612811, 27.7215184 ], [ 105.7633866, 27.7214169 ], [ 105.7655816, 27.7196846 ], [ 105.7663527, 27.7195034 ], [ 105.7666097, 27.719443 ], [ 105.7670362, 27.7193427 ], [ 105.7685381, 27.7195655 ], [ 105.7722328, 27.7218557 ], [ 105.7764069, 27.7225641 ], [ 105.7799834, 27.7224028 ], [ 105.7855833, 27.7207407 ], [ 105.7916679, 27.7199619 ], [ 105.7946336, 27.7174925 ], [ 105.7954805, 27.7174465 ], [ 105.795915, 27.7174229 ], [ 105.8025644, 27.7170616 ], [ 105.8083856, 27.7161676 ], [ 105.810291, 27.7143849 ], [ 105.8148899, 27.7140241 ], [ 105.8178052, 27.7142252 ], [ 105.8269037, 27.7137475 ], [ 105.8313804, 27.7106012 ], [ 105.8393304, 27.708987 ], [ 105.8413515, 27.7092187 ], [ 105.8425712, 27.7096634 ], [ 105.8446286, 27.7104135 ], [ 105.8449533, 27.7105318 ], [ 105.8522537, 27.7163153 ], [ 105.8569867, 27.7202015 ], [ 105.8647523, 27.7299353 ], [ 105.8655426, 27.7313553 ], [ 105.8648149, 27.7360327 ], [ 105.867081, 27.7379826 ], [ 105.8718467, 27.7403532 ], [ 105.8773265, 27.7423097 ], [ 105.879246, 27.7420528 ], [ 105.8795925, 27.7418249 ], [ 105.8822616, 27.740069 ], [ 105.888231, 27.7395943 ], [ 105.8892061, 27.7402567 ], [ 105.9015795, 27.748661 ], [ 105.9058155, 27.7496474 ], [ 105.9124769, 27.7490517 ], [ 105.9165754, 27.7503016 ], [ 105.9189545, 27.7506391 ], [ 105.9204373, 27.7491349 ], [ 105.920929, 27.7486362 ], [ 105.9248403, 27.7350924 ], [ 105.9250602, 27.7347557 ], [ 105.9269198, 27.7319077 ], [ 105.9287463, 27.7312279 ], [ 105.9293351, 27.7326104 ], [ 105.9299726, 27.7329399 ], [ 105.9353601, 27.733661 ], [ 105.941102, 27.7353242 ], [ 105.9426785, 27.7357808 ], [ 105.9654903, 27.7441859 ], [ 105.9744368, 27.7491425 ], [ 105.9831779, 27.753625 ], [ 105.9938061, 27.7529071 ], [ 105.9941935, 27.752739 ], [ 105.9969863, 27.7515268 ], [ 106.0002261, 27.7501204 ], [ 106.0078688, 27.7500805 ], [ 106.0119682, 27.7492847 ], [ 106.0200556, 27.7506251 ], [ 106.0204799, 27.7508469 ], [ 106.0229455, 27.7521357 ], [ 106.0312467, 27.7564745 ], [ 106.031681, 27.7567015 ], [ 106.037237, 27.7582847 ], [ 106.05125, 27.7622765 ], [ 106.0587931, 27.7665416 ], [ 106.0598777, 27.7681708 ], [ 106.0597609, 27.7693954 ], [ 106.0577197, 27.770177 ], [ 106.0553386, 27.7736815 ], [ 106.0553735, 27.7752482 ], [ 106.0569094, 27.7774727 ], [ 106.0604263, 27.7808528 ], [ 106.0644213, 27.7804435 ], [ 106.0659663, 27.7807418 ], [ 106.0660862, 27.7807649 ], [ 106.0672476, 27.7809891 ], [ 106.067489, 27.7810357 ], [ 106.0680635, 27.7811466 ], [ 106.06818, 27.7811691 ], [ 106.0689773, 27.781323 ], [ 106.0692144, 27.7813687 ], [ 106.0697004, 27.7814625 ], [ 106.0700118, 27.7813664 ], [ 106.0706234, 27.7811775 ], [ 106.072452, 27.7806128 ], [ 106.0727101, 27.7805331 ], [ 106.0741539, 27.7798608 ], [ 106.0755646, 27.7792039 ], [ 106.0833578, 27.780534 ], [ 106.083498, 27.7805699 ], [ 106.0891333, 27.7820117 ], [ 106.0934585, 27.7824733 ], [ 106.0939135, 27.7825219 ], [ 106.0969972, 27.782851 ], [ 106.1007733, 27.7832538 ], [ 106.1017278, 27.7833556 ], [ 106.1093962, 27.7811022 ], [ 106.1159254, 27.7826783 ], [ 106.1209417, 27.7824616 ], [ 106.1287608, 27.7804788 ], [ 106.1435583, 27.7757088 ], [ 106.152499, 27.7712944 ], [ 106.1536083, 27.770676 ], [ 106.1557291, 27.7694936 ], [ 106.1572121, 27.7686668 ], [ 106.1627173, 27.7661028 ], [ 106.1640607, 27.7658626 ], [ 106.1692339, 27.7656281 ], [ 106.1721897, 27.766367 ], [ 106.1749417, 27.7656441 ], [ 106.1765134, 27.764193 ], [ 106.1817775, 27.7611053 ], [ 106.1871491, 27.7586899 ], [ 106.1887247, 27.7579814 ], [ 106.1898071, 27.7577018 ], [ 106.1964238, 27.7605845 ], [ 106.1983189, 27.7618212 ], [ 106.2024158, 27.7658499 ], [ 106.2064964, 27.7675053 ], [ 106.2091832, 27.7674518 ], [ 106.2211295, 27.7644456 ], [ 106.2236457, 27.768082 ], [ 106.224244, 27.7689465 ], [ 106.224577, 27.7694278 ], [ 106.2273888, 27.7710508 ], [ 106.2335426, 27.7716613 ], [ 106.2385724, 27.7705777 ], [ 106.2450316, 27.773438 ], [ 106.2507921, 27.7784544 ], [ 106.2621815, 27.7836754 ], [ 106.2706335, 27.7894091 ], [ 106.2813184, 27.7966561 ], [ 106.2831697, 27.7979115 ], [ 106.2918683, 27.8062012 ], [ 106.3008448, 27.8107098 ], [ 106.3068128, 27.8135083 ], [ 106.311954, 27.8140368 ], [ 106.3142156, 27.8130159 ], [ 106.319353, 27.8130476 ], [ 106.3195867, 27.813049 ], [ 106.325039, 27.8158467 ], [ 106.3294174, 27.8181944 ], [ 106.337355, 27.8227782 ], [ 106.3384249, 27.823396 ], [ 106.3391967, 27.8244197 ], [ 106.3394431, 27.8260677 ], [ 106.3394767, 27.8281145 ], [ 106.3390778, 27.8283298 ], [ 106.3380212, 27.8289002 ], [ 106.3376871, 27.8290806 ], [ 106.3355302, 27.8300527 ], [ 106.3331749, 27.8303417 ], [ 106.3316397, 27.829855 ], [ 106.3292333, 27.8277896 ], [ 106.3281156, 27.8271038 ], [ 106.3273825, 27.8270371 ], [ 106.3258797, 27.8278531 ], [ 106.3203719, 27.8319768 ], [ 106.318901, 27.8327222 ], [ 106.3166591, 27.8333608 ], [ 106.3135278, 27.8359388 ], [ 106.3125905, 27.8378345 ], [ 106.312479, 27.8391839 ], [ 106.3128247, 27.8400463 ], [ 106.3148263, 27.8418581 ], [ 106.317124, 27.8453186 ], [ 106.3208898, 27.8486067 ], [ 106.3221978, 27.8511216 ], [ 106.3241523, 27.8525055 ], [ 106.3275788, 27.8540702 ], [ 106.33154, 27.8585939 ], [ 106.3329561, 27.8594815 ], [ 106.3341056, 27.8607619 ], [ 106.3353112, 27.8634957 ], [ 106.3361468, 27.8669022 ], [ 106.3368221, 27.8670399 ], [ 106.3375107, 27.8683469 ], [ 106.3375572, 27.8692796 ], [ 106.3366377, 27.8723188 ], [ 106.336616, 27.8733974 ], [ 106.3369296, 27.873946 ], [ 106.3356543, 27.875991 ], [ 106.3348892, 27.8785468 ], [ 106.3337816, 27.8797655 ], [ 106.3330423, 27.8800177 ], [ 106.3316357, 27.8799146 ], [ 106.330692, 27.8806878 ], [ 106.3298645, 27.8809141 ], [ 106.3283875, 27.8799948 ], [ 106.3276924, 27.8803102 ], [ 106.326692, 27.8799095 ], [ 106.3261313, 27.8808221 ], [ 106.3237312, 27.8816733 ], [ 106.3225788, 27.8827082 ], [ 106.3210323, 27.8830032 ], [ 106.3213644, 27.8834545 ], [ 106.3223428, 27.8838273 ], [ 106.3249754, 27.8841365 ], [ 106.3268891, 27.8847711 ], [ 106.3295302, 27.8882176 ], [ 106.3292523, 27.8889423 ], [ 106.3283961, 27.8897787 ], [ 106.3251451, 27.8921831 ], [ 106.3241949, 27.8951174 ], [ 106.3238447, 27.8982529 ], [ 106.3227441, 27.8998217 ], [ 106.3206372, 27.9003329 ], [ 106.3170722, 27.8995495 ], [ 106.3146501, 27.9003527 ], [ 106.3135251, 27.9014924 ], [ 106.3113183, 27.9018799 ], [ 106.3094718, 27.9017385 ], [ 106.3071864, 27.9027623 ], [ 106.3042217, 27.902305 ], [ 106.3015205, 27.902288 ], [ 106.2991741, 27.9029632 ], [ 106.2982851, 27.9040811 ], [ 106.298143, 27.9081968 ], [ 106.297587, 27.9116793 ], [ 106.2978119, 27.9125001 ], [ 106.2991806, 27.9135065 ], [ 106.3046849, 27.9150046 ], [ 106.3053403, 27.9154256 ], [ 106.3057764, 27.9163834 ], [ 106.305549, 27.9201178 ], [ 106.3046526, 27.9213311 ], [ 106.3059229, 27.9237387 ], [ 106.3057734, 27.9256391 ], [ 106.3063915, 27.9296939 ], [ 106.3047919, 27.9333668 ], [ 106.3047478, 27.9346785 ], [ 106.3055961, 27.9364003 ], [ 106.3056452, 27.9374835 ], [ 106.304749, 27.9392494 ], [ 106.3046872, 27.9400782 ], [ 106.3055303, 27.9405957 ], [ 106.3109464, 27.9410964 ], [ 106.3117078, 27.9446478 ], [ 106.3128422, 27.9452644 ], [ 106.3129482, 27.9461206 ], [ 106.3135506, 27.9463538 ], [ 106.3141233, 27.9477392 ], [ 106.3139715, 27.9482808 ], [ 106.3150789, 27.9492791 ], [ 106.317039, 27.9501152 ], [ 106.3195983, 27.951748 ], [ 106.3204223, 27.9527297 ], [ 106.3211625, 27.9528691 ], [ 106.3239649, 27.9556877 ], [ 106.3247042, 27.9570568 ], [ 106.3246689, 27.9618636 ], [ 106.3243295, 27.9624197 ], [ 106.3227926, 27.9634089 ], [ 106.3218254, 27.9634679 ], [ 106.3213388, 27.9639097 ], [ 106.3186656, 27.9643953 ], [ 106.3184963, 27.9642238 ], [ 106.3165196, 27.9648956 ], [ 106.3158519, 27.9654275 ], [ 106.3142691, 27.9691482 ], [ 106.3138993, 27.9741579 ], [ 106.313363, 27.974317 ], [ 106.3124471, 27.9737364 ], [ 106.3117737, 27.9736839 ], [ 106.3105021, 27.9740869 ], [ 106.3100176, 27.9747704 ], [ 106.3106305, 27.9773697 ], [ 106.3105079, 27.9800193 ], [ 106.3111508, 27.9817544 ], [ 106.3109182, 27.9827972 ], [ 106.307903, 27.9840874 ], [ 106.3079401, 27.9844042 ], [ 106.3074299, 27.9846248 ], [ 106.3047886, 27.9877767 ], [ 106.3029668, 27.9904431 ], [ 106.301779, 27.9910356 ], [ 106.3008165, 27.9921967 ], [ 106.2966288, 27.9945696 ], [ 106.2959498, 27.9959271 ], [ 106.2939959, 27.9974611 ], [ 106.2934163, 27.9990114 ], [ 106.2935338, 28.0 ], [ 106.2933112, 28.0026691 ], [ 106.2909254, 28.0063046 ], [ 106.2899016, 28.0070824 ], [ 106.2884811, 28.0073733 ], [ 106.2847006, 28.0092673 ], [ 106.2804109, 28.0096692 ], [ 106.2767517, 28.0105012 ], [ 106.2625102, 28.0070643 ], [ 106.2611165, 28.0077511 ], [ 106.2581933, 28.0099339 ], [ 106.2536749, 28.0100116 ], [ 106.2513896, 28.0096392 ], [ 106.2508955, 28.010651 ], [ 106.24935, 28.0122935 ], [ 106.2413828, 28.0151296 ], [ 106.2401104, 28.0166684 ], [ 106.2394612, 28.0184079 ], [ 106.2390318, 28.0211489 ], [ 106.2373394, 28.0233683 ], [ 106.2364584, 28.025996 ], [ 106.2365376, 28.0270338 ], [ 106.2380077, 28.0317753 ], [ 106.2502121, 28.0445894 ], [ 106.2510694, 28.0476485 ], [ 106.2517726, 28.0485769 ], [ 106.2540828, 28.0504923 ], [ 106.2617383, 28.0525055 ], [ 106.2616758, 28.0540868 ], [ 106.2611489, 28.0558992 ], [ 106.2605006, 28.0562136 ], [ 106.2602604, 28.0567298 ], [ 106.2609965, 28.0598159 ], [ 106.2610867, 28.0617471 ], [ 106.2628659, 28.0705672 ], [ 106.2626518, 28.0708351 ], [ 106.2620822, 28.0721051 ], [ 106.2601482, 28.0745297 ], [ 106.2488852, 28.0913477 ], [ 106.2486487, 28.0918698 ], [ 106.2484511, 28.092266 ], [ 106.2472063, 28.0947513 ], [ 106.2469273, 28.0951034 ], [ 106.2465978, 28.0954559 ], [ 106.2462175, 28.0957821 ], [ 106.2425856, 28.0981411 ], [ 106.242184, 28.0983778 ], [ 106.2418223, 28.0985648 ], [ 106.2414694, 28.0986487 ], [ 106.2411666, 28.0986873 ], [ 106.240823, 28.0986904 ], [ 106.2353763, 28.0997121 ], [ 106.2288118, 28.1011156 ], [ 106.2285902, 28.1011893 ], [ 106.2283792, 28.1012988 ], [ 106.2281688, 28.101462 ], [ 106.2276981, 28.1018516 ], [ 106.2268188, 28.1027514 ], [ 106.2261398, 28.1034925 ], [ 106.225352, 28.1044362 ], [ 106.2250537, 28.1048781 ], [ 106.2249798, 28.1050022 ], [ 106.2247264, 28.1054278 ], [ 106.2242528, 28.1064584 ], [ 106.2240089, 28.1072314 ], [ 106.2233135, 28.1109844 ], [ 106.2229538, 28.1131344 ], [ 106.2229479, 28.1135109 ], [ 106.2229818, 28.1147162 ], [ 106.2229973, 28.1151911 ], [ 106.2230826, 28.1155758 ], [ 106.2234171, 28.1165454 ], [ 106.2235133, 28.1170106 ], [ 106.2235378, 28.1173869 ], [ 106.2235225, 28.1178173 ], [ 106.2234653, 28.1181181 ], [ 106.2233079, 28.1185049 ], [ 106.2231295, 28.1188202 ], [ 106.2228692, 28.1190466 ], [ 106.2225981, 28.1192104 ], [ 106.222216, 28.1193931 ], [ 106.2215711, 28.1195871 ], [ 106.2182423, 28.1202576 ], [ 106.2176064, 28.1203529 ], [ 106.2159809, 28.1205466 ], [ 106.2144688, 28.120682 ], [ 106.2136034, 28.1207124 ], [ 106.2131419, 28.1207286 ], [ 106.2124247, 28.1207842 ], [ 106.2117079, 28.1208712 ], [ 106.2112481, 28.1209774 ], [ 106.2109415, 28.1210483 ], [ 106.2098335, 28.1214166 ], [ 106.2089078, 28.1218147 ], [ 106.2086365, 28.1219695 ], [ 106.2083756, 28.1221421 ], [ 106.2081951, 28.1222781 ], [ 106.2080551, 28.1224138 ], [ 106.207626, 28.1229196 ], [ 106.2070093, 28.1238259 ], [ 106.2051816, 28.1267417 ], [ 106.2049539, 28.1271739 ], [ 106.2049057, 28.1273895 ], [ 106.2048976, 28.1275688 ], [ 106.2049508, 28.1278014 ], [ 106.2051682, 28.1282611 ], [ 106.2054373, 28.1288145 ], [ 106.2055742, 28.1292973 ], [ 106.2057385, 28.1304298 ], [ 106.2057864, 28.1310927 ], [ 106.2057665, 28.1320295 ], [ 106.2057205, 28.1325092 ], [ 106.2056036, 28.1337296 ], [ 106.2055455, 28.1339631 ], [ 106.2038086, 28.1370704 ], [ 106.2034146, 28.1376938 ], [ 106.2032767, 28.1378686 ], [ 106.203115, 28.1379785 ], [ 106.2030983, 28.13798 ], [ 106.1977884, 28.1382515 ], [ 106.1951477, 28.138515 ], [ 106.1881479, 28.1402698 ], [ 106.1879571, 28.140322 ], [ 106.1873932, 28.1405781 ], [ 106.1867834, 28.1409602 ], [ 106.1785843, 28.1470178 ], [ 106.1776338, 28.1477359 ], [ 106.177538, 28.1478083 ], [ 106.1771648, 28.1481842 ], [ 106.1748649, 28.1500912 ], [ 106.1698733, 28.1523093 ], [ 106.1680878, 28.1532969 ], [ 106.1672956, 28.153644 ], [ 106.1587005, 28.1574097 ], [ 106.1569566, 28.1583017 ], [ 106.1465883, 28.1636042 ], [ 106.1444511, 28.164697 ], [ 106.1443707, 28.1647382 ], [ 106.143218, 28.1654137 ], [ 106.1422776, 28.1659648 ], [ 106.1369949, 28.1656579 ], [ 106.1365853, 28.1656473 ], [ 106.1337826, 28.1656569 ], [ 106.1333913, 28.1656656 ], [ 106.1331581, 28.1656839 ], [ 106.1331345, 28.1656876 ], [ 106.133086, 28.165699 ], [ 106.1325993, 28.1658356 ], [ 106.1319796, 28.166057 ], [ 106.1274046, 28.1677374 ], [ 106.1253675, 28.1688276 ], [ 106.1250223, 28.169033 ], [ 106.1239293, 28.1695629 ], [ 106.1229359, 28.1699605 ], [ 106.1225514, 28.1700952 ], [ 106.1222466, 28.170195 ], [ 106.1219561, 28.1702395 ], [ 106.1205807, 28.1703184 ], [ 106.1186922, 28.1704267 ], [ 106.1184306, 28.1703946 ], [ 106.1180844, 28.1702238 ], [ 106.1153487, 28.1692358 ], [ 106.1150724, 28.169217 ], [ 106.1146651, 28.1691651 ], [ 106.1094461, 28.1674684 ], [ 106.1072229, 28.1672163 ], [ 106.1013989, 28.1665558 ], [ 106.0989825, 28.1666415 ], [ 106.0982977, 28.166661 ], [ 106.0974392, 28.16664 ], [ 106.092452, 28.1663379 ], [ 106.0918446, 28.1662311 ], [ 106.0916142, 28.1661854 ], [ 106.0853988, 28.1649531 ], [ 106.0849962, 28.1648446 ], [ 106.0846956, 28.1647144 ], [ 106.0844025, 28.1645353 ], [ 106.0714707, 28.1563195 ], [ 106.0703002, 28.1554826 ], [ 106.0642551, 28.1511598 ], [ 106.0637923, 28.1505285 ], [ 106.0634661, 28.1501891 ], [ 106.0630298, 28.1498506 ], [ 106.0628841, 28.1497453 ], [ 106.0594208, 28.1472441 ], [ 106.0588279, 28.1468319 ], [ 106.0585583, 28.1466719 ], [ 106.0578399, 28.1463805 ], [ 106.056915, 28.146074 ], [ 106.0558015, 28.1457197 ], [ 106.054941, 28.1454751 ], [ 106.0416482, 28.1417774 ], [ 106.0414353, 28.1417441 ], [ 106.0368024, 28.1414655 ], [ 106.0358192, 28.1414064 ], [ 106.0354887, 28.1414159 ], [ 106.034828, 28.1414767 ], [ 106.03449, 28.1415281 ], [ 106.0340315, 28.1413514 ], [ 106.0337386, 28.1411604 ], [ 106.0331967, 28.1404667 ], [ 106.0326941, 28.1397727 ], [ 106.0323737, 28.139203 ], [ 106.0318277, 28.1380836 ], [ 106.0315488, 28.1375255 ], [ 106.0310915, 28.1366101 ], [ 106.0309853, 28.1364257 ], [ 106.030746, 28.1360749 ], [ 106.0305626, 28.1358497 ], [ 106.030324, 28.1356003 ], [ 106.0299508, 28.1352612 ], [ 106.029606, 28.1349951 ], [ 106.0281602, 28.135029 ], [ 106.0271058, 28.1350538 ], [ 106.02569, 28.135087 ], [ 106.0245731, 28.1351131 ], [ 106.0242422, 28.1350877 ], [ 106.0240685, 28.1350262 ], [ 106.0239417, 28.1349364 ], [ 106.0238145, 28.1348118 ], [ 106.023718, 28.1345962 ], [ 106.0236684, 28.1343488 ], [ 106.0236553, 28.1337977 ], [ 106.0235731, 28.130114 ], [ 106.023615, 28.1295554 ], [ 106.0237016, 28.1291182 ], [ 106.0239192, 28.1284332 ], [ 106.0241192, 28.1279432 ], [ 106.0244143, 28.1275223 ], [ 106.0247102, 28.1271922 ], [ 106.0249363, 28.1270041 ], [ 106.0251316, 28.126889 ], [ 106.0254679, 28.1267213 ], [ 106.0254822, 28.1267156 ], [ 106.025773, 28.1265983 ], [ 106.0260885, 28.1264527 ], [ 106.0265036, 28.1262332 ], [ 106.0268243, 28.1260215 ], [ 106.0271053, 28.1257822 ], [ 106.0273622, 28.1254802 ], [ 106.0275952, 28.1251575 ], [ 106.027603, 28.1251443 ], [ 106.0277829, 28.1248056 ], [ 106.0295417, 28.1214952 ], [ 106.0300153, 28.1206036 ], [ 106.0307265, 28.1192516 ], [ 106.0323708, 28.1158968 ], [ 106.032463, 28.1156693 ], [ 106.0330045, 28.1138684 ], [ 106.033011, 28.1137218 ], [ 106.0329778, 28.1135406 ], [ 106.0318783, 28.1113125 ], [ 106.0317851, 28.1111262 ], [ 106.0316705, 28.1109791 ], [ 106.0314664, 28.1108258 ], [ 106.0313301, 28.1107492 ], [ 106.0311917, 28.110686 ], [ 106.0309825, 28.1106354 ], [ 106.0307462, 28.1106162 ], [ 106.0304234, 28.1105977 ], [ 106.029841, 28.1106021 ], [ 106.0290857, 28.1106217 ], [ 106.0215344, 28.1110166 ], [ 106.0193784, 28.1112439 ], [ 106.0193464, 28.1112521 ], [ 106.0188782, 28.1114271 ], [ 106.0187764, 28.1114826 ], [ 106.0177277, 28.1120951 ], [ 106.0173056, 28.1124053 ], [ 106.0170017, 28.1127285 ], [ 106.0167373, 28.1130584 ], [ 106.0165592, 28.1133738 ], [ 106.0165285, 28.1134507 ], [ 106.0164753, 28.1136535 ], [ 106.016454, 28.1138979 ], [ 106.0164561, 28.1141212 ], [ 106.0164922, 28.1146163 ], [ 106.0165621, 28.115345 ], [ 106.0166296, 28.115833 ], [ 106.0167366, 28.1163276 ], [ 106.0168684, 28.1169442 ], [ 106.0169176, 28.1172392 ], [ 106.0169184, 28.1172473 ], [ 106.0168895, 28.1175127 ], [ 106.0168285, 28.1177295 ], [ 106.0166129, 28.118226 ], [ 106.0165975, 28.1182615 ], [ 106.016217, 28.1188156 ], [ 106.0159526, 28.119156 ], [ 106.0155941, 28.1195285 ], [ 106.0151569, 28.1199085 ], [ 106.0136357, 28.1209653 ], [ 106.0132177, 28.1212556 ], [ 106.0098595, 28.1232063 ], [ 106.009546, 28.1233552 ], [ 106.0092712, 28.12342 ], [ 106.0089565, 28.1234678 ], [ 106.008609, 28.1234674 ], [ 106.0083402, 28.1234515 ], [ 106.0080962, 28.1234161 ], [ 106.007927, 28.1233804 ], [ 106.0075934, 28.1232823 ], [ 106.0018947, 28.1215691 ], [ 105.9966422, 28.1196609 ], [ 105.9962607, 28.1195308 ], [ 105.9958913, 28.119462 ], [ 105.9955066, 28.1194648 ], [ 105.9921213, 28.1192696 ], [ 105.9913377, 28.1192753 ], [ 105.9909924, 28.1193187 ], [ 105.9904875, 28.1195471 ], [ 105.9901785, 28.1197843 ], [ 105.9897672, 28.1201755 ], [ 105.9894135, 28.1205561 ], [ 105.987878, 28.1215122 ], [ 105.9874652, 28.1217298 ], [ 105.9870859, 28.1218449 ], [ 105.9866831, 28.1218989 ], [ 105.986395, 28.1219009 ], [ 105.9861415, 28.1219028 ], [ 105.9853922, 28.1218775 ], [ 105.9851385, 28.1218589 ], [ 105.9848152, 28.1217897 ], [ 105.9844451, 28.1216493 ], [ 105.9839115, 28.1212598 ], [ 105.9836095, 28.1209963 ], [ 105.9832956, 28.1207023 ], [ 105.9828888, 28.120317 ], [ 105.9824932, 28.1199009 ], [ 105.9823065, 28.1196468 ], [ 105.982211, 28.1192899 ], [ 105.9822399, 28.1186614 ], [ 105.9822847, 28.118518 ], [ 105.9824169, 28.117853 ], [ 105.9825049, 28.1173926 ], [ 105.9825439, 28.1166158 ], [ 105.982514, 28.1158702 ], [ 105.9821751, 28.1121869 ], [ 105.9820576, 28.1119374 ], [ 105.9816972, 28.1115824 ], [ 105.9810072, 28.1111046 ], [ 105.9806077, 28.1108929 ], [ 105.9800118, 28.1106162 ], [ 105.9782892, 28.1101083 ], [ 105.9778894, 28.1104079 ], [ 105.9720584, 28.1174688 ], [ 105.9709027, 28.1196356 ], [ 105.9688179, 28.1261012 ], [ 105.9686638, 28.1265792 ], [ 105.9684482, 28.1285221 ], [ 105.9680524, 28.1320895 ], [ 105.9672684, 28.1348627 ], [ 105.9669604, 28.135952 ], [ 105.9654428, 28.1376743 ], [ 105.9635931, 28.1387322 ], [ 105.9580349, 28.141911 ], [ 105.9580327, 28.1419123 ], [ 105.9575287, 28.1422005 ], [ 105.9521007, 28.1446649 ], [ 105.9509068, 28.145207 ], [ 105.9499269, 28.1454109 ], [ 105.938976, 28.1476897 ], [ 105.9385314, 28.1477822 ], [ 105.9380202, 28.147684 ], [ 105.9344255, 28.1458639 ], [ 105.9338418, 28.1454397 ], [ 105.9340834, 28.143793 ], [ 105.9358887, 28.1416942 ], [ 105.9361587, 28.1406651 ], [ 105.9353346, 28.1375648 ], [ 105.9342755, 28.1366055 ], [ 105.9326432, 28.1361043 ], [ 105.9317326, 28.1358246 ], [ 105.9304281, 28.135424 ], [ 105.9298559, 28.135561 ], [ 105.925951, 28.1364957 ], [ 105.9254542, 28.1366146 ], [ 105.925127, 28.1369269 ], [ 105.9229304, 28.1390231 ], [ 105.9225006, 28.1394998 ], [ 105.9190453, 28.141175 ], [ 105.9129431, 28.1394551 ], [ 105.9024898, 28.1339103 ], [ 105.900221, 28.1313368 ], [ 105.8999783, 28.1310616 ], [ 105.8984907, 28.1287745 ], [ 105.8974939, 28.1272419 ], [ 105.8946945, 28.1245104 ], [ 105.892864, 28.1234472 ], [ 105.89106, 28.1230415 ], [ 105.8898903, 28.1231062 ], [ 105.8759976, 28.1256282 ], [ 105.8739092, 28.1271226 ], [ 105.8738546, 28.1273364 ], [ 105.872574, 28.132353 ], [ 105.8723933, 28.133061 ], [ 105.8727149, 28.1341342 ], [ 105.8739375, 28.1382146 ], [ 105.874391, 28.1391649 ], [ 105.8753064, 28.1410833 ], [ 105.874987, 28.1429218 ], [ 105.8738739, 28.14418 ], [ 105.8716877, 28.1453256 ], [ 105.8703964, 28.1460022 ], [ 105.8698898, 28.1462677 ], [ 105.8693163, 28.1465682 ], [ 105.8652389, 28.1496905 ], [ 105.859952, 28.1561023 ], [ 105.8594547, 28.1572457 ], [ 105.8575561, 28.1622036 ], [ 105.8573031, 28.1628642 ], [ 105.8566633, 28.1697944 ], [ 105.8565038, 28.1717902 ], [ 105.8572013, 28.1748289 ], [ 105.8577486, 28.1754029 ], [ 105.8581645, 28.1758393 ], [ 105.8592229, 28.1779772 ], [ 105.8612348, 28.1830237 ], [ 105.8614096, 28.1834623 ], [ 105.8655852, 28.1939342 ], [ 105.8657752, 28.1944108 ], [ 105.8661041, 28.1952354 ], [ 105.8661723, 28.1960023 ], [ 105.866625, 28.201088 ], [ 105.8663165, 28.2027031 ], [ 105.8660923, 28.2038769 ], [ 105.8664698, 28.2043276 ], [ 105.8688785, 28.2072038 ], [ 105.869904, 28.2084283 ], [ 105.8714956, 28.2090835 ], [ 105.8746763, 28.2103927 ], [ 105.8761243, 28.2122223 ], [ 105.8796917, 28.2174786 ], [ 105.8801503, 28.2185584 ], [ 105.8803558, 28.2190426 ], [ 105.8805387, 28.2194732 ], [ 105.8804778, 28.2201882 ], [ 105.8804778, 28.2201883 ], [ 105.8804721, 28.2202555 ], [ 105.8803495, 28.221694 ], [ 105.8802568, 28.2227819 ], [ 105.8834339, 28.2332527 ], [ 105.8836271, 28.2336693 ], [ 105.8839184, 28.2342975 ], [ 105.8848071, 28.2347924 ], [ 105.8862445, 28.2355928 ], [ 105.8868115, 28.2366261 ], [ 105.8877874, 28.2400611 ], [ 105.8879134, 28.2405047 ], [ 105.8875398, 28.2410208 ], [ 105.8864719, 28.241538 ], [ 105.8851853, 28.2421611 ], [ 105.8850684, 28.2422176 ], [ 105.8797461, 28.2447481 ], [ 105.8767933, 28.2462733 ], [ 105.8739939, 28.2477193 ], [ 105.8722651, 28.248716 ], [ 105.8711878, 28.2508835 ], [ 105.8701146, 28.2543026 ], [ 105.8699581, 28.2563065 ], [ 105.8703687, 28.2581728 ], [ 105.8686842, 28.2581132 ], [ 105.8673722, 28.2580668 ], [ 105.8609897, 28.2554677 ], [ 105.8606435, 28.2548512 ], [ 105.8602095, 28.2540784 ], [ 105.8596587, 28.2530976 ], [ 105.8595651, 28.2529309 ], [ 105.8594734, 28.2527676 ], [ 105.8593358, 28.2525226 ], [ 105.8587678, 28.2524211 ], [ 105.8575253, 28.2521992 ], [ 105.8571405, 28.2521305 ], [ 105.8566663, 28.2523397 ], [ 105.8500035, 28.2552782 ], [ 105.8485688, 28.2559109 ], [ 105.8470115, 28.257231 ], [ 105.8426806, 28.261419 ], [ 105.842383, 28.2617067 ], [ 105.8421365, 28.2629097 ], [ 105.8419382, 28.2638777 ], [ 105.8384338, 28.2690085 ], [ 105.8309824, 28.2838203 ], [ 105.8272129, 28.2930985 ], [ 105.8242667, 28.3008376 ], [ 105.8229684, 28.3049786 ], [ 105.8207285, 28.3087358 ], [ 105.8187863, 28.3103056 ], [ 105.8159389, 28.3110907 ], [ 105.8071768, 28.3104511 ], [ 105.8030896, 28.3104899 ], [ 105.7990425, 28.3118732 ], [ 105.7978466, 28.3124356 ], [ 105.7973508, 28.3120362 ], [ 105.7934121, 28.3158658 ], [ 105.7933124, 28.315969 ], [ 105.7931985, 28.3162525 ], [ 105.7929731, 28.3192305 ], [ 105.7893933, 28.3301133 ], [ 105.7857904, 28.3377952 ], [ 105.7859893, 28.3383156 ], [ 105.7849839, 28.3386162 ], [ 105.7845944, 28.3394369 ], [ 105.7835113, 28.3398963 ], [ 105.780085, 28.3404867 ], [ 105.7769833, 28.3404902 ], [ 105.774241, 28.3399271 ], [ 105.7715998, 28.3387868 ], [ 105.7686445, 28.3348994 ], [ 105.7673929, 28.3323836 ], [ 105.7669835, 28.3272896 ], [ 105.7678827, 28.322196 ], [ 105.7748263, 28.3174888 ], [ 105.776539, 28.3167424 ], [ 105.7756763, 28.3128498 ], [ 105.7571377, 28.3125 ], [ 105.7486692, 28.3112924 ], [ 105.7363252, 28.3088634 ], [ 105.7351334, 28.308051 ], [ 105.7349133, 28.3076669 ], [ 105.7349106, 28.3076682 ], [ 105.7321148, 28.3028647 ], [ 105.7315182, 28.2945483 ], [ 105.7340257, 28.290924 ], [ 105.7341311, 28.289365 ], [ 105.7335292, 28.284334 ], [ 105.7356084, 28.2799132 ], [ 105.7348448, 28.2788062 ], [ 105.7325229, 28.2739932 ], [ 105.7304512, 28.274008 ], [ 105.7276107, 28.2747274 ], [ 105.7183976, 28.2778291 ], [ 105.7013259, 28.2828441 ], [ 105.6886971, 28.2859797 ], [ 105.685395, 28.2875099 ], [ 105.6827167, 28.2921306 ], [ 105.6722273, 28.3074377 ], [ 105.6667833, 28.3145014 ], [ 105.6645673, 28.3160198 ], [ 105.6639109, 28.3161756 ], [ 105.6576848, 28.3147096 ], [ 105.6558261, 28.3141875 ], [ 105.6558137, 28.3142222 ], [ 105.6557931, 28.3142641 ], [ 105.6543572, 28.3164871 ], [ 105.6534313, 28.3178536 ], [ 105.6532491, 28.3180593 ], [ 105.6529981, 28.3182577 ], [ 105.6524423, 28.3186353 ], [ 105.6521788, 28.3187486 ], [ 105.6517624, 28.318884 ], [ 105.6508616, 28.3190835 ], [ 105.6502513, 28.3192797 ], [ 105.6499747, 28.3194143 ], [ 105.6493769, 28.3198675 ], [ 105.6473338, 28.3215841 ], [ 105.6472743, 28.3216341 ], [ 105.6468671, 28.3212545 ], [ 105.6453623, 28.3201919 ], [ 105.6427738, 28.3165254 ], [ 105.6421923, 28.3145929 ], [ 105.642915, 28.3132937 ], [ 105.6429437, 28.3125833 ], [ 105.6423468, 28.3113872 ], [ 105.6413244, 28.310661 ], [ 105.6406159, 28.3111824 ], [ 105.638157, 28.3135021 ], [ 105.6363972, 28.3156749 ], [ 105.6343824, 28.3261118 ], [ 105.6368417, 28.3282922 ], [ 105.6410921, 28.3333759 ], [ 105.6459413, 28.3415013 ], [ 105.6476267, 28.3462178 ], [ 105.6478941, 28.3507147 ], [ 105.6482397, 28.3564141 ], [ 105.6492211, 28.3617791 ], [ 105.6509027, 28.3665237 ], [ 105.6514027, 28.3744362 ], [ 105.6488003, 28.3793435 ], [ 105.6481613, 28.3809657 ], [ 105.6486031, 28.3852182 ], [ 105.6477382, 28.3933794 ], [ 105.6420634, 28.3984346 ], [ 105.6377063, 28.4017777 ], [ 105.6365754, 28.403365 ], [ 105.636602, 28.4042954 ], [ 105.6368278, 28.4045419 ], [ 105.6368284, 28.4045415 ], [ 105.6400915, 28.4080884 ], [ 105.6439127, 28.4122515 ], [ 105.644035, 28.4124428 ], [ 105.6444176, 28.4130969 ], [ 105.6450769, 28.4143968 ], [ 105.6451487, 28.4145749 ], [ 105.6452411, 28.4148244 ], [ 105.6456136, 28.4162595 ], [ 105.6456448, 28.4163932 ], [ 105.6456529, 28.4168795 ], [ 105.6443953, 28.4245452 ], [ 105.6433308, 28.4279176 ], [ 105.6414969, 28.4333484 ], [ 105.6413596, 28.4336071 ], [ 105.6411067, 28.4339744 ], [ 105.6406764, 28.4344934 ], [ 105.638021, 28.4369223 ], [ 105.6361604, 28.43825 ], [ 105.6357636, 28.4385134 ], [ 105.6357622, 28.4385198 ], [ 105.6357495, 28.4385177 ], [ 105.6331454, 28.4393214 ], [ 105.631326, 28.4377686 ], [ 105.6300664, 28.4364364 ], [ 105.6281822, 28.4356759 ], [ 105.6191277, 28.4383982 ], [ 105.6106448, 28.4426585 ], [ 105.6063758, 28.4454182 ], [ 105.6058668, 28.4461333 ], [ 105.6057879, 28.4461889 ], [ 105.6059285, 28.4463447 ], [ 105.6066485, 28.447921 ], [ 105.6080406, 28.4526073 ], [ 105.6082342, 28.4533019 ], [ 105.6084008, 28.454248 ], [ 105.6085382, 28.4550728 ], [ 105.6085812, 28.4559608 ], [ 105.6085299, 28.4569288 ], [ 105.6086091, 28.457515 ], [ 105.6087229, 28.4583248 ], [ 105.6086702, 28.4583306 ], [ 105.6089817, 28.4596543 ], [ 105.6093949, 28.460616 ], [ 105.610027, 28.461644 ], [ 105.6100365, 28.4616594 ], [ 105.6110316, 28.4632775 ], [ 105.6115191, 28.4639583 ], [ 105.6119764, 28.4643417 ], [ 105.6123849, 28.4644655 ], [ 105.6132062, 28.4645134 ], [ 105.6148847, 28.4646113 ], [ 105.6156951, 28.4646586 ], [ 105.6160915, 28.4661628 ], [ 105.6161688, 28.4666557 ], [ 105.6161629, 28.4672504 ], [ 105.6160915, 28.4677658 ], [ 105.6158763, 28.4680956 ], [ 105.6116365, 28.4736018 ], [ 105.6114256, 28.4738757 ], [ 105.6109629, 28.4743107 ], [ 105.6104937, 28.4746855 ], [ 105.606316, 28.4768822 ], [ 105.6061738, 28.476957 ], [ 105.606307, 28.4771549 ], [ 105.6085661, 28.4815074 ], [ 105.6118034, 28.4865474 ], [ 105.6126071, 28.486911 ], [ 105.6148199, 28.487912 ], [ 105.6148201, 28.4879121 ], [ 105.6169932, 28.4888951 ], [ 105.6179206, 28.4897976 ], [ 105.6181827, 28.4903139 ], [ 105.6206247, 28.4951226 ], [ 105.6206907, 28.495261 ], [ 105.6229737, 28.5000464 ], [ 105.6242793, 28.5097541 ], [ 105.6243104, 28.5099853 ], [ 105.6247874, 28.5135315 ], [ 105.624811, 28.5137069 ], [ 105.6241587, 28.5182877 ], [ 105.6237202, 28.5190462 ], [ 105.6233909, 28.5192384 ], [ 105.6221897, 28.51994 ], [ 105.6212445, 28.5224354 ], [ 105.6214267, 28.5232954 ], [ 105.6238952, 28.5246088 ], [ 105.6262318, 28.52461 ], [ 105.6294864, 28.5246116 ], [ 105.6296176, 28.5245729 ], [ 105.6299596, 28.5244471 ], [ 105.6301349, 28.5242645 ], [ 105.6305249, 28.5235405 ], [ 105.6306419, 28.5232044 ], [ 105.6310154, 28.5221307 ], [ 105.631143, 28.5219581 ], [ 105.6312676, 28.5218958 ], [ 105.6314808, 28.5218948 ], [ 105.6363733, 28.521924 ], [ 105.640965, 28.5230762 ], [ 105.6416478, 28.5230644 ], [ 105.6419615, 28.5230952 ], [ 105.6422295, 28.5231424 ], [ 105.6424587, 28.5231959 ], [ 105.6426169, 28.5232477 ], [ 105.6449729, 28.5242564 ], [ 105.6461646, 28.5252358 ], [ 105.6472556, 28.5262573 ], [ 105.6494986, 28.5266953 ], [ 105.6561448, 28.5275143 ], [ 105.6597174, 28.52699 ], [ 105.665777, 28.5305413 ], [ 105.6662015, 28.5310747 ], [ 105.6637598, 28.5354326 ], [ 105.6645107, 28.537319 ], [ 105.6655582, 28.5381811 ], [ 105.6682708, 28.5390412 ], [ 105.6694496, 28.539415 ], [ 105.6700509, 28.5393787 ], [ 105.6733609, 28.539179 ], [ 105.6777132, 28.5383279 ], [ 105.6788527, 28.5383494 ], [ 105.6796766, 28.5387649 ], [ 105.6802717, 28.5404507 ], [ 105.6801534, 28.5409015 ], [ 105.6783993, 28.5479967 ], [ 105.6781682, 28.5489363 ], [ 105.6778684, 28.5501554 ], [ 105.6775715, 28.5524073 ], [ 105.6775814, 28.5525884 ], [ 105.6776596, 28.5540217 ], [ 105.6779535, 28.5558584 ], [ 105.6784605, 28.5575394 ], [ 105.6794776, 28.5598793 ], [ 105.6805138, 28.5614651 ], [ 105.6806468, 28.5616687 ], [ 105.681845, 28.5634149 ], [ 105.6841476, 28.5659201 ], [ 105.6873814, 28.5679738 ], [ 105.6874013, 28.5679913 ], [ 105.68836, 28.5688364 ], [ 105.688988, 28.5696492 ], [ 105.6893524, 28.5703259 ], [ 105.6893749, 28.5707811 ], [ 105.6893106, 28.5713741 ], [ 105.6889262, 28.5721061 ], [ 105.6882121, 28.5734003 ], [ 105.6880045, 28.5735786 ], [ 105.6879431, 28.5750402 ], [ 105.6877925, 28.5758312 ], [ 105.6875359, 28.5765606 ], [ 105.6874868, 28.5767003 ], [ 105.6873384, 28.5778176 ], [ 105.6874261, 28.5793376 ], [ 105.6876196, 28.5806891 ], [ 105.6878033, 28.5819726 ], [ 105.6879746, 28.5843768 ], [ 105.6880699, 28.5853322 ], [ 105.6883078, 28.5877165 ], [ 105.6886999, 28.5896471 ], [ 105.6892058, 28.5911219 ], [ 105.6900924, 28.592758 ], [ 105.6909061, 28.5938756 ], [ 105.6909958, 28.5939989 ], [ 105.6922196, 28.5951093 ], [ 105.6928295, 28.5954636 ], [ 105.6928351, 28.5954669 ], [ 105.6938204, 28.5958226 ], [ 105.6946972, 28.5959556 ], [ 105.6954368, 28.5959518 ], [ 105.6961558, 28.5957677 ], [ 105.6967756, 28.5953093 ], [ 105.6977233, 28.5943939 ], [ 105.6983334, 28.5939356 ], [ 105.7003606, 28.592903 ], [ 105.7041174, 28.5914748 ], [ 105.7066796, 28.5904394 ], [ 105.7071278, 28.5903556 ], [ 105.7084292, 28.5901124 ], [ 105.709742, 28.5899681 ], [ 105.7100402, 28.589995 ], [ 105.7104626, 28.5900331 ], [ 105.7119056, 28.5904378 ], [ 105.7130471, 28.5908613 ], [ 105.714131, 28.5914053 ], [ 105.7152454, 28.5921467 ], [ 105.7166677, 28.593797 ], [ 105.7183365, 28.5959012 ], [ 105.7197625, 28.5980753 ], [ 105.7212584, 28.6019326 ], [ 105.7222778, 28.604401 ], [ 105.7225493, 28.6047779 ], [ 105.7236338, 28.6062834 ], [ 105.7254961, 28.6081632 ], [ 105.7281351, 28.6097553 ], [ 105.7319315, 28.6112122 ], [ 105.7328734, 28.611746 ], [ 105.7329673, 28.6117993 ], [ 105.7332518, 28.6121155 ], [ 105.7335682, 28.6128182 ], [ 105.733421, 28.6140473 ], [ 105.7334128, 28.6140809 ], [ 105.7331939, 28.6149847 ], [ 105.7331416, 28.6152697 ], [ 105.7330428, 28.6158085 ], [ 105.7336253, 28.616398 ], [ 105.7347567, 28.6173437 ], [ 105.7421378, 28.6196826 ], [ 105.742772, 28.6198835 ], [ 105.7438816, 28.619891 ], [ 105.7449868, 28.6192867 ], [ 105.7529706, 28.6070529 ], [ 105.7531422, 28.6042472 ], [ 105.7531052, 28.6039316 ], [ 105.7528697, 28.6019197 ], [ 105.7526022, 28.5996351 ], [ 105.7533837, 28.593852 ], [ 105.7539998, 28.5932831 ], [ 105.7563418, 28.5935439 ], [ 105.7626146, 28.5955907 ], [ 105.7628768, 28.5956996 ], [ 105.7637997, 28.5960831 ], [ 105.7642796, 28.5962824 ], [ 105.7744723, 28.6005163 ], [ 105.7760351, 28.6057098 ], [ 105.777136, 28.608972 ], [ 105.7775893, 28.6101302 ], [ 105.7781252, 28.6110653 ], [ 105.7783056, 28.61138 ], [ 105.7785138, 28.6117432 ], [ 105.7787843, 28.6122153 ], [ 105.7808102, 28.6144004 ], [ 105.7809181, 28.6145169 ], [ 105.7810659, 28.6145401 ], [ 105.7813376, 28.6145829 ], [ 105.7815675, 28.6144072 ], [ 105.7921957, 28.607213 ], [ 105.804057, 28.6036753 ], [ 105.8045943, 28.603541 ], [ 105.8058424, 28.6032824 ], [ 105.806164, 28.6032586 ], [ 105.8081005, 28.6032034 ], [ 105.8082862, 28.6032023 ], [ 105.8085467, 28.6032827 ], [ 105.8089319, 28.603477 ], [ 105.8090627, 28.6035963 ], [ 105.8099353, 28.6039958 ], [ 105.8140835, 28.6058949 ], [ 105.8236681, 28.6050331 ], [ 105.8310788, 28.6039349 ], [ 105.8326839, 28.603697 ], [ 105.8328219, 28.6038287 ], [ 105.8341391, 28.6048785 ], [ 105.8347661, 28.6053783 ], [ 105.835692, 28.6060784 ], [ 105.8366851, 28.6067383 ], [ 105.8380945, 28.6076157 ], [ 105.8400047, 28.6083299 ], [ 105.8406214, 28.6085004 ], [ 105.843335, 28.6092239 ], [ 105.8467407, 28.609842 ], [ 105.8469222, 28.6098749 ], [ 105.8471623, 28.6097718 ], [ 105.8474956, 28.6096287 ], [ 105.8486807, 28.6090532 ], [ 105.8499801, 28.6084221 ], [ 105.851038, 28.6074497 ], [ 105.8517336, 28.6068104 ], [ 105.852395, 28.6060802 ], [ 105.8564338, 28.6029651 ], [ 105.8610254, 28.6046731 ], [ 105.8650112, 28.6061555 ], [ 105.8672558, 28.606712 ], [ 105.8697334, 28.6064859 ], [ 105.8719416, 28.6052705 ], [ 105.8719755, 28.6045863 ], [ 105.872081, 28.602455 ], [ 105.8742868, 28.6000289 ], [ 105.8759542, 28.5989365 ], [ 105.8781663, 28.5981421 ], [ 105.8794093, 28.5976957 ], [ 105.8814309, 28.5985529 ], [ 105.8820885, 28.5996482 ], [ 105.8830674, 28.6012786 ], [ 105.8834309, 28.6018842 ], [ 105.8924754, 28.6065926 ], [ 105.8968628, 28.6051205 ], [ 105.8972683, 28.6052144 ], [ 105.9013109, 28.6061497 ], [ 105.9017041, 28.6062407 ], [ 105.9021988, 28.6073947 ], [ 105.9026869, 28.6138392 ], [ 105.9024869, 28.6144941 ], [ 105.9020204, 28.616022 ], [ 105.9011534, 28.6167861 ], [ 105.8942139, 28.6208975 ], [ 105.8889654, 28.6258282 ], [ 105.8884988, 28.6262665 ], [ 105.8897564, 28.6420373 ], [ 105.889786, 28.6423952 ], [ 105.8900987, 28.646176 ], [ 105.8901644, 28.6469703 ], [ 105.8862738, 28.6535851 ], [ 105.8849313, 28.6548495 ], [ 105.8849557, 28.6557659 ], [ 105.8850874, 28.6607135 ], [ 105.885096, 28.6610398 ], [ 105.8878645, 28.671588 ], [ 105.895354, 28.6728324 ], [ 105.8960674, 28.6727617 ], [ 105.8977049, 28.6725992 ], [ 105.8995184, 28.6724193 ], [ 105.9003602, 28.6727702 ], [ 105.9050658, 28.6747314 ], [ 105.9055655, 28.6749397 ], [ 105.9083577, 28.6765042 ], [ 105.9209823, 28.6813474 ], [ 105.9230113, 28.6808069 ], [ 105.9240914, 28.6811685 ], [ 105.9260446, 28.6818222 ], [ 105.9313733, 28.6841811 ], [ 105.932157, 28.6845336 ], [ 105.9332163, 28.6864915 ], [ 105.9341986, 28.6894068 ], [ 105.9344885, 28.6921719 ], [ 105.9321694, 28.695586 ], [ 105.9321691, 28.6955864 ], [ 105.9319417, 28.6959212 ], [ 105.9296139, 28.7006308 ], [ 105.9285773, 28.7052499 ], [ 105.9286767, 28.7058962 ], [ 105.9290521, 28.7064203 ], [ 105.9292705, 28.7065882 ], [ 105.9294401, 28.7066468 ], [ 105.9343557, 28.7088147 ], [ 105.9344697, 28.708807 ], [ 105.9352349, 28.7088017 ], [ 105.9359645, 28.7091002 ], [ 105.9363317, 28.7095194 ], [ 105.9365636, 28.7097876 ], [ 105.9367956, 28.7100558 ], [ 105.9374166, 28.7110466 ], [ 105.937786, 28.7117018 ], [ 105.938178, 28.7127617 ], [ 105.9386635, 28.7135679 ], [ 105.9391088, 28.7141551 ], [ 105.9395901, 28.7144891 ], [ 105.9433778, 28.7165878 ], [ 105.943485, 28.7166175 ], [ 105.9446245, 28.7169333 ], [ 105.9464742, 28.7173167 ], [ 105.9529649, 28.7177751 ], [ 105.9506923, 28.7269452 ], [ 105.9516789, 28.7281808 ], [ 105.951845, 28.7283889 ], [ 105.959955, 28.7385449 ], [ 105.9607922, 28.7395932 ], [ 105.9609253, 28.7404733 ], [ 105.9614362, 28.7464853 ], [ 105.9616369, 28.7488455 ], [ 105.961797, 28.7507299 ], [ 105.9618416, 28.7512545 ], [ 105.9620807, 28.7540665 ], [ 105.9616551, 28.7638852 ], [ 105.9621026, 28.7649834 ], [ 105.9635963, 28.766019 ], [ 105.9650284, 28.7655422 ], [ 105.9708137, 28.7587248 ], [ 105.9709098, 28.7586116 ], [ 105.9714154, 28.7559531 ], [ 105.9716327, 28.7548104 ], [ 105.9718721, 28.7543251 ], [ 105.9726164, 28.7528162 ], [ 105.9737181, 28.7505828 ], [ 105.9745219, 28.7496684 ], [ 105.9750627, 28.7494337 ], [ 105.9869151, 28.7442884 ], [ 105.9916707, 28.7459781 ], [ 105.9920948, 28.7462228 ], [ 105.9940738, 28.7473647 ], [ 105.9966694, 28.7476346 ], [ 105.9988144, 28.7472681 ], [ 105.9993051, 28.7468385 ], [ 106.0015985, 28.7448303 ], [ 106.0026632, 28.7438981 ], [ 106.0079291, 28.7392865 ], [ 106.0128841, 28.7341157 ], [ 106.0133219, 28.7336456 ], [ 106.0160826, 28.7306812 ], [ 106.0164908, 28.7302428 ], [ 106.0208639, 28.7241568 ], [ 106.0220441, 28.7225142 ], [ 106.0250775, 28.7182919 ], [ 106.0253577, 28.717747 ], [ 106.0247116, 28.7169957 ], [ 106.0233019, 28.7166247 ], [ 106.0231021, 28.716617 ], [ 106.0231019, 28.716617 ], [ 106.0225083, 28.7165944 ], [ 106.0216773, 28.7165627 ], [ 106.0192884, 28.7172953 ], [ 106.0187323, 28.7171508 ], [ 106.0185196, 28.7169548 ], [ 106.0164614, 28.7150587 ], [ 106.0158992, 28.7145408 ], [ 106.0156475, 28.7131275 ], [ 106.0158301, 28.7117662 ], [ 106.016382, 28.7109356 ], [ 106.0172516, 28.7107512 ], [ 106.0194109, 28.7104762 ], [ 106.0214898, 28.7102114 ], [ 106.0224089, 28.7100943 ], [ 106.0224091, 28.7100943 ], [ 106.0236504, 28.7099362 ], [ 106.0257849, 28.7103071 ], [ 106.0275649, 28.7106164 ], [ 106.0314346, 28.7098204 ], [ 106.0322401, 28.7092486 ], [ 106.0322646, 28.7092312 ], [ 106.0324945, 28.709068 ], [ 106.032718, 28.7088072 ], [ 106.0325086, 28.7074519 ], [ 106.0297434, 28.703947 ], [ 106.0286739, 28.7025912 ], [ 106.0283167, 28.7017333 ], [ 106.0274755, 28.6997121 ], [ 106.0271386, 28.6989027 ], [ 106.0281263, 28.697212 ], [ 106.0340192, 28.6928344 ], [ 106.0341445, 28.6927413 ], [ 106.035148, 28.6925898 ], [ 106.0358548, 28.6934255 ], [ 106.0384043, 28.6964398 ], [ 106.0395106, 28.6970364 ], [ 106.0408008, 28.6971048 ], [ 106.0420244, 28.6965843 ], [ 106.048439, 28.6938552 ], [ 106.053169, 28.6896258 ], [ 106.053736, 28.6894722 ], [ 106.0598347, 28.6878194 ], [ 106.0607085, 28.6881894 ], [ 106.0619699, 28.6897572 ], [ 106.0623246, 28.6901981 ], [ 106.0633631, 28.69192 ], [ 106.0652276, 28.6932947 ], [ 106.0653803, 28.6932465 ], [ 106.0653758, 28.6932418 ], [ 106.0654427, 28.693192 ], [ 106.0670521, 28.6922971 ], [ 106.0677186, 28.6919603 ], [ 106.0678823, 28.6919038 ], [ 106.0746171, 28.6898126 ], [ 106.0815904, 28.6842555 ], [ 106.0811566, 28.6800312 ], [ 106.0821052, 28.6784473 ], [ 106.0829037, 28.6771139 ], [ 106.0839835, 28.6753109 ], [ 106.0843602, 28.6750684 ], [ 106.0854527, 28.6739843 ], [ 106.0854964, 28.6739014 ], [ 106.0858035, 28.6728666 ], [ 106.0858551, 28.6726034 ], [ 106.0858901, 28.6721675 ], [ 106.0858141, 28.6718196 ], [ 106.0850823, 28.6694352 ], [ 106.0851485, 28.6690638 ], [ 106.0852192, 28.6686669 ], [ 106.0850076, 28.6678608 ], [ 106.0836541, 28.6670785 ], [ 106.0830258, 28.6667153 ], [ 106.0820862, 28.6645689 ], [ 106.0818103, 28.6639387 ], [ 106.0819265, 28.6629334 ], [ 106.0833197, 28.6592222 ], [ 106.0852617, 28.6587165 ], [ 106.0856382, 28.6586185 ], [ 106.08845, 28.6586191 ], [ 106.0897977, 28.6577127 ], [ 106.0917592, 28.6541818 ], [ 106.092129, 28.6518964 ], [ 106.0934921, 28.643471 ], [ 106.0943961, 28.6426373 ], [ 106.1037121, 28.6340453 ], [ 106.1039808, 28.6338199 ], [ 106.1069262, 28.6338118 ], [ 106.1079297, 28.6339678 ], [ 106.1088753, 28.6341147 ], [ 106.1094601, 28.6342056 ], [ 106.1174257, 28.6355909 ], [ 106.1180237, 28.6359783 ], [ 106.120723, 28.637727 ], [ 106.1203746, 28.6410189 ], [ 106.1192205, 28.6429574 ], [ 106.117769, 28.6441173 ], [ 106.1246092, 28.6466593 ], [ 106.1375134, 28.646711 ], [ 106.1433166, 28.6449095 ], [ 106.152083, 28.6421875 ], [ 106.1538485, 28.6416392 ], [ 106.1611075, 28.6393847 ], [ 106.1631726, 28.6365611 ], [ 106.1637234, 28.6353415 ], [ 106.1655362, 28.6313277 ], [ 106.1655721, 28.6296694 ], [ 106.1650536, 28.6252578 ], [ 106.1645208, 28.6228232 ], [ 106.1649009, 28.6218018 ], [ 106.1669072, 28.6164098 ], [ 106.167934, 28.6151191 ], [ 106.1685769, 28.6152419 ], [ 106.1696427, 28.6154457 ], [ 106.170774, 28.6148141 ], [ 106.1714449, 28.6139539 ], [ 106.1785221, 28.6048787 ], [ 106.1786899, 28.6046565 ], [ 106.1801545, 28.602716 ], [ 106.1808719, 28.6017655 ], [ 106.1811336, 28.6009342 ], [ 106.1803737, 28.5975929 ], [ 106.1802919, 28.5965422 ], [ 106.1802817, 28.5964112 ], [ 106.1801207, 28.5943429 ], [ 106.1803851, 28.5921367 ], [ 106.1805338, 28.5908957 ], [ 106.1814147, 28.5889112 ], [ 106.185916, 28.5819925 ], [ 106.1904833, 28.5783635 ], [ 106.1904834, 28.5783634 ], [ 106.1910994, 28.5778739 ], [ 106.1939904, 28.5767591 ], [ 106.1969489, 28.5756181 ], [ 106.1975717, 28.575378 ], [ 106.2036047, 28.5738738 ], [ 106.2044794, 28.5745675 ], [ 106.2109784, 28.5767566 ], [ 106.2123598, 28.5766974 ], [ 106.2158793, 28.5765065 ], [ 106.2162394, 28.5764076 ], [ 106.2168061, 28.5760371 ], [ 106.2168062, 28.576037 ], [ 106.2187413, 28.5747718 ], [ 106.2183861, 28.573987 ], [ 106.2179523, 28.5730284 ], [ 106.2179497, 28.5724504 ], [ 106.2179456, 28.571542 ], [ 106.2179407, 28.5704458 ], [ 106.2185622, 28.5695316 ], [ 106.2253564, 28.5651745 ], [ 106.2267156, 28.5643028 ], [ 106.2316475, 28.5611394 ], [ 106.2388157, 28.5564668 ], [ 106.2447899, 28.5485686 ], [ 106.253902, 28.5454046 ], [ 106.2550717, 28.5460595 ], [ 106.2557006, 28.5460621 ], [ 106.2560151, 28.5459368 ], [ 106.2657453, 28.5420585 ], [ 106.2659093, 28.5418489 ], [ 106.2676868, 28.5395766 ], [ 106.2684023, 28.5379365 ], [ 106.2714387, 28.5364279 ], [ 106.2732396, 28.5361291 ], [ 106.2736901, 28.536652 ], [ 106.2727946, 28.5406811 ], [ 106.2730996, 28.5418059 ], [ 106.2745489, 28.5422704 ], [ 106.2783112, 28.5422963 ], [ 106.2854518, 28.5415915 ], [ 106.2869618, 28.541332 ], [ 106.2879243, 28.5397091 ], [ 106.2922537, 28.5290605 ], [ 106.3019759, 28.5058121 ], [ 106.3026899, 28.5051924 ], [ 106.3123129, 28.4988349 ], [ 106.321839, 28.4882061 ], [ 106.3275622, 28.4835709 ], [ 106.3401578, 28.4815838 ], [ 106.3497725, 28.4825939 ], [ 106.3611162, 28.4829109 ], [ 106.3629263, 28.4828192 ], [ 106.3637715, 28.4822204 ], [ 106.3657132, 28.479168 ], [ 106.3668988, 28.4787374 ], [ 106.3739528, 28.4811371 ], [ 106.3752226, 28.4829198 ], [ 106.3749807, 28.4840238 ], [ 106.3727932, 28.4911418 ], [ 106.3709896, 28.5022958 ], [ 106.3726905, 28.5053066 ], [ 106.3725889, 28.5089255 ], [ 106.3722309, 28.5213951 ], [ 106.3694035, 28.5277156 ], [ 106.3684093, 28.5291147 ], [ 106.3641243, 28.527523 ], [ 106.3622295, 28.527428 ], [ 106.3583737, 28.5306057 ], [ 106.3575549, 28.5331798 ], [ 106.3570579, 28.5347425 ], [ 106.3568064, 28.5351056 ], [ 106.3540199, 28.5391291 ], [ 106.3534895, 28.5398949 ], [ 106.3530813, 28.5401029 ], [ 106.3475027, 28.5429452 ], [ 106.3469553, 28.542996 ], [ 106.3461906, 28.5430669 ], [ 106.3454915, 28.5431317 ], [ 106.3438301, 28.5420478 ], [ 106.3423179, 28.5406211 ], [ 106.3419814, 28.5397593 ], [ 106.3407813, 28.5366855 ], [ 106.3377094, 28.5354205 ], [ 106.337362, 28.5352774 ], [ 106.3364088, 28.5354457 ], [ 106.3359226, 28.5359756 ], [ 106.3342734, 28.5406749 ], [ 106.3333706, 28.5443151 ], [ 106.3309609, 28.5540299 ], [ 106.3285021, 28.5554499 ], [ 106.3278316, 28.5558371 ], [ 106.3282555, 28.5563572 ], [ 106.333874, 28.5610116 ], [ 106.3411088, 28.5689761 ], [ 106.3445248, 28.585873 ], [ 106.3446132, 28.5870057 ], [ 106.3377519, 28.6006778 ], [ 106.337686, 28.600809 ], [ 106.3364148, 28.6015571 ], [ 106.3306167, 28.6049688 ], [ 106.3267379, 28.6072509 ], [ 106.3261252, 28.6082782 ], [ 106.3206217, 28.6175039 ], [ 106.3198586, 28.6189086 ], [ 106.3171472, 28.623899 ], [ 106.3182555, 28.6243576 ], [ 106.3194359, 28.6240821 ], [ 106.3211982, 28.62457 ], [ 106.3220583, 28.6257502 ], [ 106.3232499, 28.6273851 ], [ 106.3259312, 28.6343076 ], [ 106.3257595, 28.6353024 ], [ 106.3255213, 28.6366825 ], [ 106.3249847, 28.6397915 ], [ 106.3218733, 28.6414534 ], [ 106.3212489, 28.6414405 ], [ 106.3185771, 28.6413853 ], [ 106.3180601, 28.6413746 ], [ 106.3178078, 28.6412993 ], [ 106.3159444, 28.6407433 ], [ 106.3135274, 28.6410347 ], [ 106.3099373, 28.6417693 ], [ 106.3074637, 28.6426424 ], [ 106.3069829, 28.6430159 ], [ 106.3047656, 28.6447384 ], [ 106.303154, 28.6460494 ], [ 106.3030054, 28.6463336 ], [ 106.302189, 28.6478944 ], [ 106.3017115, 28.6525458 ], [ 106.3027251, 28.6563271 ], [ 106.3040831, 28.6613926 ], [ 106.3059811, 28.6634538 ], [ 106.3067377, 28.663712 ], [ 106.3085673, 28.6643366 ], [ 106.3089399, 28.6643821 ], [ 106.3136032, 28.6649516 ], [ 106.3161821, 28.6663173 ], [ 106.3161824, 28.6663175 ], [ 106.3169332, 28.6667151 ], [ 106.3169334, 28.6675402 ], [ 106.3155761, 28.6701215 ], [ 106.3138906, 28.6717868 ], [ 106.3121641, 28.6726236 ], [ 106.3110185, 28.6722477 ], [ 106.3104303, 28.6720547 ], [ 106.3095621, 28.6720811 ], [ 106.3089632, 28.6725311 ], [ 106.3031844, 28.6768734 ], [ 106.3027317, 28.6774454 ], [ 106.3026882, 28.6778845 ], [ 106.3007147, 28.6977936 ], [ 106.3009501, 28.7061027 ], [ 106.3011138, 28.7118829 ], [ 106.3002472, 28.7137114 ], [ 106.2932929, 28.7167337 ], [ 106.2874853, 28.7174379 ], [ 106.2872909, 28.717579 ], [ 106.2818619, 28.7215192 ], [ 106.2809838, 28.7232847 ], [ 106.2811009, 28.7233928 ], [ 106.2818437, 28.724079 ], [ 106.2821522, 28.724364 ], [ 106.2851783, 28.7252273 ], [ 106.285588, 28.725237 ], [ 106.2873206, 28.7252777 ], [ 106.2876325, 28.7252851 ], [ 106.2844266, 28.7309543 ], [ 106.2828207, 28.7337939 ], [ 106.2807977, 28.7373706 ], [ 106.2803179, 28.7375972 ], [ 106.2763625, 28.7394647 ], [ 106.2700983, 28.7420041 ], [ 106.2688237, 28.7431334 ], [ 106.2686775, 28.7442762 ], [ 106.267198, 28.7558451 ], [ 106.2672675, 28.756406 ], [ 106.2681725, 28.7637116 ], [ 106.2733658, 28.7686277 ], [ 106.2743019, 28.7690785 ], [ 106.2748945, 28.7698749 ], [ 106.2761404, 28.773089 ], [ 106.2760891, 28.7739185 ], [ 106.2752828, 28.7748903 ], [ 106.2614604, 28.7873309 ], [ 106.2607003, 28.7878137 ], [ 106.2580814, 28.7886401 ], [ 106.2549168, 28.7891678 ], [ 106.2543042, 28.78927 ], [ 106.2529542, 28.788948 ], [ 106.2511501, 28.787497 ], [ 106.2504602, 28.7875377 ], [ 106.2502855, 28.787548 ], [ 106.2493529, 28.787603 ], [ 106.2479014, 28.7884455 ], [ 106.2465676, 28.7901768 ], [ 106.2445411, 28.7969556 ], [ 106.2444702, 28.797193 ], [ 106.2441404, 28.8024445 ], [ 106.2440302, 28.8041999 ], [ 106.2438363, 28.8072881 ], [ 106.2437395, 28.8088283 ], [ 106.2466461, 28.8158437 ], [ 106.2526251, 28.8201384 ], [ 106.249524, 28.831507 ], [ 106.2504518, 28.8418053 ], [ 106.2517396, 28.8435904 ], [ 106.2562962, 28.8454899 ], [ 106.2601779, 28.8482326 ], [ 106.2611609, 28.8509574 ], [ 106.2602223, 28.8521091 ], [ 106.2588945, 28.8524397 ], [ 106.2565654, 28.8531605 ], [ 106.2541532, 28.8573831 ], [ 106.2539094, 28.8578097 ], [ 106.2516912, 28.8653807 ], [ 106.2505858, 28.8679687 ], [ 106.2465939, 28.8707428 ], [ 106.2457686, 28.8706939 ], [ 106.2431328, 28.8697054 ], [ 106.2400753, 28.8712062 ], [ 106.2384273, 28.8725235 ], [ 106.2302337, 28.8781682 ], [ 106.2262502, 28.8846408 ], [ 106.2246679, 28.8927207 ], [ 106.224164, 28.8935157 ], [ 106.2227034, 28.894013 ], [ 106.21672, 28.894914 ], [ 106.2158316, 28.8949704 ], [ 106.2141633, 28.8941628 ], [ 106.212126, 28.8947215 ], [ 106.2115665, 28.8951426 ], [ 106.2095548, 28.8966565 ], [ 106.2082644, 28.8976275 ], [ 106.207551, 28.8985453 ], [ 106.2054981, 28.9017335 ], [ 106.203829, 28.9040391 ], [ 106.2017641, 28.9062029 ], [ 106.2012932, 28.9065402 ], [ 106.196063, 28.9102863 ], [ 106.1942614, 28.9105928 ], [ 106.1926917, 28.9104368 ], [ 106.1917286, 28.910341 ], [ 106.1893793, 28.9110767 ], [ 106.1882302, 28.9114366 ], [ 106.1880052, 28.9115988 ], [ 106.1822838, 28.9157233 ], [ 106.1812062, 28.9166226 ], [ 106.1795685, 28.9179894 ], [ 106.1760938, 28.9201641 ], [ 106.1759091, 28.9202797 ], [ 106.1699865, 28.9239353 ], [ 106.169454, 28.9242639 ], [ 106.1693853, 28.919772 ], [ 106.1672025, 28.9164114 ], [ 106.1659323, 28.9151319 ], [ 106.1652166, 28.9147612 ], [ 106.1605108, 28.9123235 ], [ 106.1589775, 28.9117673 ], [ 106.1462308, 28.907142 ], [ 106.145592, 28.9069102 ], [ 106.1452637, 28.9068871 ], [ 106.1452632, 28.9068871 ], [ 106.1410787, 28.9065936 ], [ 106.1395111, 28.9066826 ], [ 106.1365716, 28.9068494 ], [ 106.1347879, 28.9072153 ], [ 106.1299682, 28.9082036 ], [ 106.1196485, 28.9066605 ], [ 106.1122567, 28.9052725 ], [ 106.1118323, 28.9051928 ], [ 106.1098273, 28.903661 ], [ 106.1093463, 28.9032936 ], [ 106.1065745, 28.9020824 ], [ 106.1050851, 28.9018264 ], [ 106.0992284, 28.9008197 ], [ 106.0908821, 28.9022826 ], [ 106.0899145, 28.9024521 ], [ 106.0883011, 28.9033121 ], [ 106.0832393, 28.9066437 ], [ 106.0824161, 28.9074305 ], [ 106.0727279, 28.9166891 ], [ 106.0724255, 28.9192023 ], [ 106.0722296, 28.9208308 ], [ 106.0715765, 28.9215135 ], [ 106.069749, 28.922988 ], [ 106.068856, 28.9235274 ], [ 106.06522, 28.9229836 ], [ 106.0563281, 28.9199164 ], [ 106.0561671, 28.9198609 ], [ 106.0552889, 28.9182304 ], [ 106.0553949, 28.9148022 ], [ 106.0554201, 28.9139867 ], [ 106.0547868, 28.9136446 ], [ 106.0481201, 28.9100431 ], [ 106.0443174, 28.9092822 ], [ 106.0334451, 28.9138507 ], [ 106.0334421, 28.9138563 ], [ 106.0334277, 28.913856 ], [ 106.0330807, 28.9138477 ], [ 106.0330584, 28.9145692 ], [ 106.0331026, 28.9153178 ], [ 106.033386, 28.9161076 ], [ 106.0354304, 28.9212561 ], [ 106.0370163, 28.9252495 ], [ 106.040672, 28.9292028 ], [ 106.0406226, 28.9303934 ], [ 106.0406078, 28.9307506 ], [ 106.0404188, 28.9353106 ], [ 106.0392295, 28.9356253 ], [ 106.0382649, 28.9359345 ], [ 106.0374231, 28.936275 ], [ 106.0347086, 28.9379984 ], [ 106.0344413, 28.938216 ], [ 106.034348, 28.9386908 ], [ 106.0345391, 28.9394328 ], [ 106.0361433, 28.9436929 ], [ 106.0365527, 28.944207 ], [ 106.0371562, 28.9445364 ], [ 106.0379295, 28.9446813 ], [ 106.0403363, 28.9452607 ], [ 106.0415346, 28.9456501 ], [ 106.0423769, 28.9459669 ], [ 106.0429956, 28.9462799 ], [ 106.0435022, 28.946707 ], [ 106.043679, 28.9472336 ], [ 106.0438826, 28.9479971 ], [ 106.0439396, 28.948794 ], [ 106.043861, 28.9535117 ], [ 106.0416066, 28.9557586 ], [ 106.0398266, 28.9571014 ], [ 106.0392907, 28.9575057 ], [ 106.036293, 28.9586706 ], [ 106.0354521, 28.9588359 ], [ 106.0343519, 28.958867 ], [ 106.0310197, 28.9583784 ], [ 106.0300251, 28.9580059 ], [ 106.0274383, 28.9570372 ], [ 106.0241312, 28.9547258 ], [ 106.0244818, 28.9536569 ], [ 106.0240167, 28.951823 ], [ 106.0235968, 28.9513442 ], [ 106.0231258, 28.9512825 ], [ 106.0220814, 28.9517318 ], [ 106.0157822, 28.954653 ], [ 106.0124348, 28.9569997 ], [ 106.0112957, 28.9580945 ], [ 106.0044065, 28.9661263 ], [ 106.0024536, 28.969589 ], [ 106.0015746, 28.9720683 ], [ 106.0015183, 28.9723777 ], [ 106.0010927, 28.9747185 ], [ 106.000512, 28.9751048 ], [ 105.9999624, 28.9754704 ], [ 105.9973606, 28.9772013 ], [ 105.992296, 28.9797108 ], [ 105.9810174, 28.9841041 ], [ 105.9808416, 28.9841726 ], [ 105.9791519, 28.9833104 ], [ 105.9782534, 28.9828518 ], [ 105.973137, 28.979906 ], [ 105.9694512, 28.977074 ], [ 105.9690952, 28.9759442 ], [ 105.9696053, 28.9750704 ], [ 105.970607, 28.9747042 ], [ 105.9763831, 28.9743585 ], [ 105.9848589, 28.9721838 ], [ 105.9852343, 28.9720291 ], [ 105.9857901, 28.9710169 ], [ 105.9863757, 28.9681816 ], [ 105.9851883, 28.9655112 ], [ 105.9840865, 28.965243 ], [ 105.9799129, 28.9648883 ], [ 105.9789426, 28.9648058 ], [ 105.9734626, 28.9643398 ], [ 105.967983, 28.9704346 ], [ 105.9663324, 28.970939 ], [ 105.9651376, 28.9713041 ], [ 105.9644724, 28.9706856 ], [ 105.9602153, 28.9667276 ], [ 105.9599804, 28.9661521 ], [ 105.9593702, 28.9646566 ], [ 105.959187, 28.9642077 ], [ 105.9591673, 28.9620673 ], [ 105.9590256, 28.9618624 ], [ 105.9566117, 28.9583727 ], [ 105.9563346, 28.9579721 ], [ 105.9509769, 28.9521126 ], [ 105.950088, 28.9511404 ], [ 105.949911, 28.9509468 ], [ 105.9476524, 28.9487093 ], [ 105.9436687, 28.9447624 ], [ 105.9433232, 28.9445621 ], [ 105.9417884, 28.9436721 ], [ 105.9410803, 28.9432615 ], [ 105.9379495, 28.9419589 ], [ 105.9370276, 28.9415752 ], [ 105.9349415, 28.9407072 ], [ 105.9309737, 28.9390561 ], [ 105.9295239, 28.9399715 ], [ 105.9283324, 28.9396317 ], [ 105.9280917, 28.9395631 ], [ 105.9257118, 28.9385324 ], [ 105.9243847, 28.9379577 ], [ 105.9232818, 28.93748 ], [ 105.9185915, 28.9354484 ], [ 105.9034527, 28.9226565 ], [ 105.9035914, 28.9224939 ], [ 105.9057264, 28.9199904 ], [ 105.9071551, 28.91836 ], [ 105.9090879, 28.9168002 ], [ 105.9108221, 28.91408 ], [ 105.9122298, 28.9118719 ], [ 105.9125124, 28.9114286 ], [ 105.9133255, 28.9081235 ], [ 105.9132841, 28.9077948 ], [ 105.9130925, 28.9062773 ], [ 105.911346, 28.903969 ], [ 105.9086504, 28.9026062 ], [ 105.9076929, 28.9024634 ], [ 105.9072229, 28.9023933 ], [ 105.9067018, 28.9023155 ], [ 105.9023989, 28.9038221 ], [ 105.9019152, 28.904143 ], [ 105.9002795, 28.9055626 ], [ 105.9001295, 28.9063646 ], [ 105.9017662, 28.9087014 ], [ 105.9015658, 28.909117 ], [ 105.8950711, 28.9118409 ], [ 105.8941373, 28.9122324 ], [ 105.8926147, 28.9122149 ], [ 105.8884767, 28.9112757 ], [ 105.887944, 28.9111548 ], [ 105.8873742, 28.9116561 ], [ 105.8826328, 28.9158273 ], [ 105.8826607, 28.9158892 ], [ 105.8844754, 28.9199034 ], [ 105.8852988, 28.9217893 ], [ 105.8855462, 28.9238602 ], [ 105.8848469, 28.9275643 ], [ 105.8835917, 28.933133 ], [ 105.880061, 28.936917 ], [ 105.8723371, 28.938749 ], [ 105.8632215, 28.9344409 ], [ 105.8511597, 28.9306877 ], [ 105.8414276, 28.9333495 ], [ 105.8410854, 28.9345342 ], [ 105.839851, 28.936638 ], [ 105.8363366, 28.9400603 ], [ 105.8341349, 28.9419014 ], [ 105.8261167, 28.9486054 ], [ 105.8210214, 28.945093 ], [ 105.8125861, 28.9449415 ], [ 105.8077975, 28.9449565 ], [ 105.8058637, 28.9449356 ], [ 105.8024046, 28.9425437 ], [ 105.801858, 28.9402827 ], [ 105.8004004, 28.9385651 ], [ 105.7992026, 28.9379645 ], [ 105.7950891, 28.9379337 ], [ 105.7909675, 28.9409824 ], [ 105.7880709, 28.9461784 ], [ 105.7879014, 28.9466075 ], [ 105.7893448, 28.950604 ], [ 105.7911204, 28.9528447 ], [ 105.792098, 28.9533913 ], [ 105.7940105, 28.9529657 ], [ 105.7966863, 28.9517622 ], [ 105.7979628, 28.9503184 ], [ 105.7988385, 28.9498574 ], [ 105.7992787, 28.9499239 ], [ 105.8021631, 28.9513568 ], [ 105.8023061, 28.9515769 ], [ 105.8049373, 28.9568091 ], [ 105.8063445, 28.9600875 ], [ 105.8063628, 28.9604189 ], [ 105.8039936, 28.9606678 ], [ 105.7980965, 28.9595705 ], [ 105.795979, 28.9598869 ], [ 105.7923219, 28.964245 ], [ 105.7924226, 28.9650868 ], [ 105.7940173, 28.9662237 ], [ 105.7941956, 28.9669545 ], [ 105.7929875, 28.9691575 ], [ 105.7909968, 28.9717104 ], [ 105.7837943, 28.9808536 ], [ 105.7817701, 28.9831993 ], [ 105.7625732, 28.9887986 ], [ 105.7568542, 28.9934291 ], [ 105.7576201, 29.0070513 ], [ 105.7577624, 29.0074689 ], [ 105.7621775, 29.0103952 ], [ 105.7627435, 29.011122 ], [ 105.7628295, 29.0130792 ], [ 105.7628514, 29.0131064 ], [ 105.7627874, 29.0131462 ], [ 105.7624413, 29.0133868 ], [ 105.7623043, 29.0135505 ], [ 105.7622669, 29.0137665 ], [ 105.7622617, 29.0141667 ], [ 105.7622897, 29.0144424 ], [ 105.7624694, 29.0149944 ], [ 105.7628997, 29.0155922 ], [ 105.7629541, 29.0159177 ], [ 105.7628932, 29.0169127 ], [ 105.7626863, 29.0175226 ], [ 105.7625672, 29.0176962 ], [ 105.7602226, 29.020119 ], [ 105.7595037, 29.0205274 ], [ 105.7593738, 29.0205468 ], [ 105.7591852, 29.0205435 ], [ 105.7587995, 29.0203992 ], [ 105.7584873, 29.0207849 ], [ 105.7578927, 29.0215197 ], [ 105.7552636, 29.0247683 ], [ 105.7544098, 29.0252178 ], [ 105.7527313, 29.0262819 ], [ 105.7516344, 29.0270297 ], [ 105.751193, 29.0278479 ], [ 105.750973, 29.0282559 ], [ 105.7508097, 29.0285587 ], [ 105.7497321, 29.0305565 ], [ 105.7484808, 29.0328762 ], [ 105.7471384, 29.0357134 ], [ 105.7471398, 29.0360278 ], [ 105.7468676, 29.0376073 ], [ 105.746845, 29.0376554 ], [ 105.74679, 29.0377014 ], [ 105.7466603, 29.0377422 ], [ 105.7464962, 29.0377715 ], [ 105.7422461, 29.0382503 ], [ 105.741869, 29.0382928 ], [ 105.7418662, 29.0382737 ], [ 105.7382459, 29.0425239 ], [ 105.7380782, 29.0429345 ], [ 105.7381389, 29.0430787 ], [ 105.7411269, 29.0501781 ], [ 105.7411665, 29.0502722 ], [ 105.7429647, 29.0516843 ], [ 105.7460753, 29.0544008 ], [ 105.7461639, 29.0544781 ], [ 105.7471824, 29.0565031 ], [ 105.7486471, 29.0594153 ], [ 105.7499508, 29.0620072 ], [ 105.7509347, 29.0639632 ], [ 105.7514114, 29.0649108 ], [ 105.7525994, 29.0672724 ], [ 105.7540571, 29.072907 ], [ 105.7541293, 29.0731859 ], [ 105.7540113, 29.0733605 ], [ 105.7533311, 29.074368 ], [ 105.7530287, 29.0748157 ], [ 105.7520863, 29.0753134 ], [ 105.7476978, 29.0765063 ], [ 105.7465997, 29.0767822 ], [ 105.7444125, 29.0769073 ], [ 105.7433698, 29.0769669 ], [ 105.7421838, 29.0774507 ], [ 105.7418682, 29.077711 ], [ 105.7412497, 29.0782213 ], [ 105.7380815, 29.0814348 ], [ 105.73746, 29.0822778 ], [ 105.737893, 29.0847455 ], [ 105.7379581, 29.0849518 ], [ 105.738591, 29.0869568 ], [ 105.7395817, 29.0900951 ], [ 105.7395164, 29.090281 ], [ 105.7393839, 29.0906581 ], [ 105.7330999, 29.0983409 ], [ 105.7329932, 29.0984713 ], [ 105.7326818, 29.0985873 ], [ 105.729565, 29.0997478 ], [ 105.7269026, 29.099499 ], [ 105.7266638, 29.0996548 ], [ 105.7245945, 29.1010049 ], [ 105.7256953, 29.1097041 ], [ 105.7280714, 29.1134925 ], [ 105.7287756, 29.1160352 ], [ 105.7281745, 29.1183388 ], [ 105.7278495, 29.1186786 ], [ 105.7267157, 29.1206145 ], [ 105.7265299, 29.1222953 ], [ 105.7272728, 29.123272 ], [ 105.727568, 29.1236602 ], [ 105.736353, 29.1317706 ], [ 105.7386153, 29.1313079 ], [ 105.7395863, 29.1311093 ], [ 105.741608, 29.1311271 ], [ 105.7431638, 29.1311408 ], [ 105.7458585, 29.131854 ], [ 105.7478607, 29.1334781 ], [ 105.7478773, 29.1334979 ], [ 105.7489033, 29.1347244 ], [ 105.7493313, 29.135236 ], [ 105.7495444, 29.1361153 ], [ 105.7491452, 29.1366696 ], [ 105.7428479, 29.1428335 ], [ 105.7425435, 29.1431314 ], [ 105.7421823, 29.1429452 ], [ 105.7364806, 29.137681 ], [ 105.7360644, 29.1369684 ], [ 105.7360516, 29.1368049 ], [ 105.7359674, 29.1357268 ], [ 105.7338021, 29.1326803 ], [ 105.7332538, 29.1320112 ], [ 105.7324655, 29.1320491 ], [ 105.730738, 29.1330557 ], [ 105.7302237, 29.1333554 ], [ 105.7279863, 29.134692 ], [ 105.725923, 29.1359246 ], [ 105.7251103, 29.13641 ], [ 105.7247738, 29.1383276 ], [ 105.7247728, 29.1383288 ], [ 105.7247655, 29.1383375 ], [ 105.7247714, 29.1383414 ], [ 105.7250027, 29.1385889 ], [ 105.7251937, 29.1388603 ], [ 105.7253808, 29.1393817 ], [ 105.7255745, 29.1401538 ], [ 105.7266171, 29.1461457 ], [ 105.7272114, 29.1495609 ], [ 105.7259927, 29.1560603 ], [ 105.7255796, 29.1563841 ], [ 105.7252993, 29.1566039 ], [ 105.7250651, 29.1567289 ], [ 105.7239912, 29.1573019 ], [ 105.7239273, 29.1573618 ], [ 105.7238709, 29.157475 ], [ 105.7238717, 29.1575878 ], [ 105.7246172, 29.1620537 ], [ 105.7246431, 29.1622086 ], [ 105.7245443, 29.1622214 ], [ 105.7242358, 29.1629135 ], [ 105.7176258, 29.1734086 ], [ 105.7173091, 29.1737263 ], [ 105.7146536, 29.1763901 ], [ 105.7142995, 29.1765384 ], [ 105.7138006, 29.1767474 ], [ 105.7133218, 29.1769479 ], [ 105.7113453, 29.1768084 ], [ 105.7089318, 29.1773628 ], [ 105.7086989, 29.1775552 ], [ 105.7070529, 29.1789155 ], [ 105.7051284, 29.1807938 ], [ 105.7054686, 29.1813868 ], [ 105.7055931, 29.1816037 ], [ 105.7058788, 29.1821017 ], [ 105.7069178, 29.183639 ], [ 105.7099594, 29.1876741 ], [ 105.7143656, 29.190096 ], [ 105.7166492, 29.1899788 ], [ 105.718266, 29.1910733 ], [ 105.7184254, 29.1911812 ], [ 105.719584, 29.1919655 ], [ 105.7201102, 29.1923217 ], [ 105.7202762, 29.1938321 ], [ 105.7195541, 29.1983383 ], [ 105.719273, 29.19919 ], [ 105.7141522, 29.2058301 ], [ 105.7132507, 29.2069991 ], [ 105.7124719, 29.2071816 ], [ 105.7101813, 29.2077186 ], [ 105.7090591, 29.2081393 ], [ 105.7065182, 29.2090918 ], [ 105.7043331, 29.210659 ], [ 105.7060195, 29.2151118 ], [ 105.7065119, 29.2164119 ], [ 105.708098, 29.2210793 ], [ 105.7084999, 29.2222618 ], [ 105.7082299, 29.2227858 ], [ 105.7079595, 29.2228943 ], [ 105.7064478, 29.2235013 ], [ 105.7054055, 29.2236302 ], [ 105.7035847, 29.2238553 ], [ 105.7020573, 29.2265041 ], [ 105.7021271, 29.2273087 ], [ 105.703275, 29.2318826 ], [ 105.7038649, 29.2342333 ], [ 105.7049934, 29.2357152 ], [ 105.7053108, 29.236132 ], [ 105.7051634, 29.2412406 ], [ 105.7051416, 29.2419934 ], [ 105.703633, 29.2450658 ], [ 105.7029326, 29.2462557 ], [ 105.7012571, 29.2473602 ], [ 105.7003197, 29.2479781 ], [ 105.6960343, 29.2548285 ], [ 105.695445, 29.2557705 ], [ 105.6951212, 29.2579045 ], [ 105.6958252, 29.2619099 ], [ 105.6936681, 29.2694127 ], [ 105.6934014, 29.2703404 ], [ 105.6927468, 29.2711911 ], [ 105.6916061, 29.2716066 ], [ 105.6891525, 29.2708002 ], [ 105.6880731, 29.2707493 ], [ 105.6875611, 29.2712603 ], [ 105.6872803, 29.2726174 ], [ 105.6875442, 29.2751279 ], [ 105.6884156, 29.2834146 ], [ 105.6888847, 29.2861094 ], [ 105.6897802, 29.2898012 ], [ 105.689829, 29.290002 ], [ 105.6902478, 29.2903876 ], [ 105.6926818, 29.292628 ], [ 105.6938441, 29.292975 ], [ 105.6950798, 29.2922766 ], [ 105.7010172, 29.2925204 ], [ 105.7030553, 29.2926041 ], [ 105.7059083, 29.2927211 ], [ 105.7074098, 29.2927827 ], [ 105.7087064, 29.2928358 ], [ 105.7117749, 29.2929615 ], [ 105.7124667, 29.2929899 ], [ 105.7140879, 29.294464 ], [ 105.7142368, 29.295028 ], [ 105.7139056, 29.2960465 ], [ 105.7116699, 29.2988828 ], [ 105.7110733, 29.2990169 ], [ 105.6993803, 29.301645 ], [ 105.6978508, 29.3017942 ], [ 105.6973197, 29.3015307 ], [ 105.6893176, 29.2975602 ], [ 105.6885562, 29.2971824 ], [ 105.6880956, 29.2967717 ], [ 105.6819116, 29.2912572 ], [ 105.6815823, 29.2909087 ], [ 105.6801176, 29.2893593 ], [ 105.6799197, 29.2889602 ], [ 105.6764866, 29.2820351 ], [ 105.6766605, 29.2807077 ], [ 105.6768086, 29.2795763 ], [ 105.6762519, 29.2781952 ], [ 105.6754098, 29.2775076 ], [ 105.6734588, 29.2771926 ], [ 105.6702137, 29.2780973 ], [ 105.6685068, 29.2785732 ], [ 105.6625176, 29.2789984 ], [ 105.6618557, 29.2787617 ], [ 105.6599821, 29.2776794 ], [ 105.6598797, 29.2776202 ], [ 105.6587166, 29.2765318 ], [ 105.6576696, 29.2740092 ], [ 105.6580312, 29.2726235 ], [ 105.6651862, 29.2682245 ], [ 105.6678373, 29.267251 ], [ 105.6693939, 29.2675921 ], [ 105.6706215, 29.2669405 ], [ 105.6712933, 29.266231 ], [ 105.6690479, 29.2627119 ], [ 105.6653734, 29.2573216 ], [ 105.6639485, 29.2561284 ], [ 105.6526996, 29.2547999 ], [ 105.6496463, 29.2558033 ], [ 105.6428251, 29.2583574 ], [ 105.6351171, 29.2657027 ], [ 105.6383221, 29.2708551 ], [ 105.6406971, 29.2720441 ], [ 105.6408697, 29.2738932 ], [ 105.6411488, 29.2773234 ], [ 105.6389562, 29.2795793 ], [ 105.6320207, 29.2833121 ], [ 105.6283679, 29.2839366 ], [ 105.6270134, 29.2837029 ], [ 105.6251175, 29.2818478 ], [ 105.6249995, 29.2809869 ], [ 105.6258623, 29.2798249 ], [ 105.6260004, 29.2786945 ], [ 105.6183155, 29.274985 ], [ 105.6116628, 29.2734196 ], [ 105.6118613, 29.2711202 ], [ 105.6147755, 29.2682542 ], [ 105.6153007, 29.2672068 ], [ 105.6152801, 29.2664443 ], [ 105.6146469, 29.2655999 ], [ 105.6123093, 29.2624898 ], [ 105.6094903, 29.2596642 ], [ 105.6050337, 29.2576651 ], [ 105.6036533, 29.258448 ], [ 105.6034177, 29.2594517 ], [ 105.6056585, 29.2625907 ], [ 105.6065036, 29.2638861 ], [ 105.6079983, 29.2769842 ], [ 105.6067809, 29.2781195 ], [ 105.6025812, 29.2788587 ], [ 105.6021299, 29.2788043 ], [ 105.6014804, 29.2779316 ], [ 105.6002999, 29.2771179 ], [ 105.5951803, 29.2747684 ], [ 105.577923, 29.273545 ], [ 105.5739416, 29.2737073 ], [ 105.5660089, 29.2773383 ], [ 105.554611, 29.281439 ], [ 105.5349653, 29.276393 ], [ 105.533771, 29.2759318 ], [ 105.5249717, 29.2723006 ], [ 105.5222779, 29.2710487 ], [ 105.5190871, 29.2675166 ], [ 105.5177293, 29.2665333 ], [ 105.5167144, 29.2664808 ], [ 105.5144752, 29.2663765 ], [ 105.5066617, 29.2724505 ], [ 105.5051253, 29.2752302 ], [ 105.5063473, 29.2805717 ], [ 105.5071573, 29.2815007 ], [ 105.5076731, 29.2815693 ], [ 105.5080417, 29.2812007 ], [ 105.5087997, 29.2813814 ], [ 105.5106788, 29.2835067 ], [ 105.5100609, 29.2855849 ], [ 105.5060207, 29.2894838 ], [ 105.5031343, 29.2889016 ], [ 105.4994871, 29.2876796 ], [ 105.49085, 29.2840814 ], [ 105.488956, 29.2825198 ], [ 105.48502, 29.28084 ], [ 105.481886, 29.2799156 ], [ 105.4713701, 29.2813216 ], [ 105.4711754, 29.281527 ], [ 105.4714088, 29.2814531 ], [ 105.4718603, 29.2825484 ], [ 105.4720566, 29.2838982 ], [ 105.4721372, 29.2846979 ], [ 105.4719839, 29.2853874 ], [ 105.4715368, 29.2858611 ], [ 105.4708547, 29.2865422 ], [ 105.4698857, 29.2871792 ], [ 105.4691908, 29.287636 ], [ 105.4659858, 29.2890173 ], [ 105.4627897, 29.2903731 ], [ 105.4624756, 29.2904529 ], [ 105.4618583, 29.2905632 ], [ 105.4613857, 29.2905614 ], [ 105.4585187, 29.2905504 ], [ 105.4575094, 29.2905465 ], [ 105.4569997, 29.2905989 ], [ 105.4564754, 29.2907385 ], [ 105.4560989, 29.2909456 ], [ 105.4554366, 29.2929855 ], [ 105.4633572, 29.3192927 ], [ 105.464131, 29.3222128 ], [ 105.4642117, 29.3225062 ], [ 105.464294, 29.3226603 ], [ 105.4642458, 29.3226881 ], [ 105.4621061, 29.3257663 ], [ 105.4586368, 29.3287126 ], [ 105.4556262, 29.3307822 ], [ 105.4523687, 29.3321271 ], [ 105.4508094, 29.3319723 ], [ 105.4503825, 29.3290501 ], [ 105.451074, 29.3272232 ], [ 105.4426586, 29.322503 ], [ 105.4383909, 29.3239256 ], [ 105.4277371, 29.3210899 ], [ 105.4216981, 29.3175276 ], [ 105.4192417, 29.3123914 ], [ 105.4181144, 29.3121715 ], [ 105.4153649, 29.3146699 ], [ 105.416119, 29.3174798 ], [ 105.4164469, 29.3184053 ], [ 105.4169044, 29.3196965 ], [ 105.4175224, 29.321745 ], [ 105.4177506, 29.3225015 ], [ 105.4203551, 29.3321352 ], [ 105.4203402, 29.3334601 ], [ 105.4203392, 29.3335528 ], [ 105.4199117, 29.3352619 ], [ 105.4162029, 29.3463915 ], [ 105.4143454, 29.3489543 ], [ 105.4124221, 29.3518476 ], [ 105.4122022, 29.3524414 ], [ 105.4133576, 29.3538379 ], [ 105.4180021, 29.3594513 ], [ 105.418295, 29.3598053 ], [ 105.4185735, 29.3599451 ], [ 105.4259459, 29.3636457 ], [ 105.4269517, 29.3636729 ], [ 105.4272443, 29.3636808 ], [ 105.4339001, 29.3668698 ], [ 105.435058, 29.3678972 ], [ 105.4370761, 29.3696879 ], [ 105.436979, 29.3699179 ], [ 105.436272, 29.3715922 ], [ 105.434443, 29.3740928 ], [ 105.433746, 29.3744145 ], [ 105.4325267, 29.3749772 ], [ 105.4289861, 29.378439 ], [ 105.4289706, 29.3784541 ], [ 105.4278552, 29.3795446 ], [ 105.4277531, 29.3799658 ], [ 105.4273322, 29.3817025 ], [ 105.4272997, 29.3818369 ], [ 105.4279575, 29.3827762 ], [ 105.434406, 29.3873072 ], [ 105.4392946, 29.3907456 ], [ 105.4375836, 29.3947368 ], [ 105.4375183, 29.3960162 ], [ 105.4379851, 29.399064 ], [ 105.4382492, 29.4002807 ], [ 105.4388512, 29.4007365 ], [ 105.4403308, 29.401252 ], [ 105.4401636, 29.4020025 ], [ 105.4399984, 29.4027444 ], [ 105.439944, 29.4029883 ], [ 105.4278912, 29.4121544 ], [ 105.4275934, 29.4134654 ], [ 105.4253234, 29.41951 ], [ 105.4251333, 29.4198275 ], [ 105.4242188, 29.4213548 ], [ 105.42308, 29.4215384 ], [ 105.4196159, 29.4220967 ], [ 105.4165283, 29.4225943 ], [ 105.4155591, 29.4227505 ], [ 105.4097791, 29.4236817 ], [ 105.3961175, 29.4258815 ], [ 105.3846749, 29.425482 ], [ 105.3843713, 29.4254714 ], [ 105.3825541, 29.4248798 ], [ 105.3823286, 29.4248064 ], [ 105.3805786, 29.4242366 ], [ 105.378914, 29.4236946 ], [ 105.3783023, 29.4234955 ], [ 105.3774986, 29.4232337 ], [ 105.3763568, 29.422862 ], [ 105.3701312, 29.4201665 ], [ 105.3698355, 29.4200385 ], [ 105.3689535, 29.4213931 ], [ 105.369944, 29.4248524 ], [ 105.3702892, 29.425962 ], [ 105.3712323, 29.4289933 ], [ 105.3733066, 29.4293593 ], [ 105.3745828, 29.4299088 ], [ 105.3769629, 29.4309336 ], [ 105.3784478, 29.4317422 ], [ 105.3790916, 29.4320928 ], [ 105.3792011, 29.4321524 ], [ 105.380084, 29.4326332 ], [ 105.3855763, 29.4356237 ], [ 105.3936658, 29.4400277 ], [ 105.3945513, 29.4401983 ], [ 105.3944964, 29.4404166 ], [ 105.3934758, 29.4444739 ], [ 105.393577, 29.4447184 ], [ 105.3939386, 29.4452659 ], [ 105.3930896, 29.4460599 ], [ 105.3909222, 29.4480866 ], [ 105.3862317, 29.4539781 ], [ 105.3856338, 29.4556635 ], [ 105.3810103, 29.4573838 ], [ 105.379037, 29.458118 ], [ 105.3768632, 29.4589267 ], [ 105.3744853, 29.4598112 ], [ 105.3735832, 29.4601468 ], [ 105.3730266, 29.4603538 ], [ 105.3729779, 29.4604625 ], [ 105.3726733, 29.4603632 ], [ 105.3709395, 29.4608035 ], [ 105.3626261, 29.4617631 ], [ 105.3601261, 29.4608962 ], [ 105.3595734, 29.460541 ], [ 105.3592686, 29.4591757 ], [ 105.3587944, 29.4570513 ], [ 105.3580339, 29.4563374 ], [ 105.3507618, 29.4495103 ], [ 105.3475082, 29.4521168 ], [ 105.3468417, 29.4525082 ], [ 105.3462161, 29.4528755 ], [ 105.3433121, 29.4519598 ], [ 105.340716, 29.4509383 ], [ 105.3402392, 29.4507506 ], [ 105.3377311, 29.4462876 ], [ 105.3349186, 29.4422758 ], [ 105.3333978, 29.4428456 ], [ 105.3300666, 29.4448248 ], [ 105.3287125, 29.4456292 ], [ 105.3268806, 29.4467175 ], [ 105.3262425, 29.4470966 ], [ 105.3224658, 29.4493401 ], [ 105.322016, 29.4497216 ], [ 105.3208498, 29.450711 ], [ 105.3212121, 29.4535887 ], [ 105.3213948, 29.4539108 ], [ 105.3217907, 29.4546085 ], [ 105.3220801, 29.4551184 ], [ 105.3225401, 29.4550145 ], [ 105.3248679, 29.4544886 ], [ 105.325554, 29.4543336 ], [ 105.3262225, 29.4534296 ], [ 105.3273485, 29.4531751 ], [ 105.3275127, 29.4532425 ], [ 105.3282289, 29.4535366 ], [ 105.3285229, 29.4536574 ], [ 105.3316584, 29.4561428 ], [ 105.3323705, 29.4567072 ], [ 105.3351794, 29.4620401 ], [ 105.3353625, 29.4623878 ], [ 105.334681, 29.4666071 ], [ 105.3341561, 29.4674058 ], [ 105.3276396, 29.4744102 ], [ 105.3269319, 29.474944 ], [ 105.325142, 29.4755487 ], [ 105.3232493, 29.4760989 ], [ 105.3228495, 29.4760579 ], [ 105.3214502, 29.4759144 ], [ 105.320546, 29.4760245 ], [ 105.3197242, 29.4761245 ], [ 105.3193407, 29.4761713 ], [ 105.3192191, 29.4762147 ], [ 105.3181773, 29.4765873 ], [ 105.3171664, 29.4769488 ], [ 105.3168269, 29.4814874 ], [ 105.3168028, 29.4818107 ], [ 105.3166562, 29.4837693 ], [ 105.3166962, 29.4866539 ], [ 105.3170312, 29.4875637 ], [ 105.3184729, 29.4895866 ], [ 105.3188775, 29.4904729 ], [ 105.3199565, 29.4972789 ], [ 105.3200563, 29.4979082 ], [ 105.3198676, 29.4989417 ], [ 105.3197161, 29.4997722 ], [ 105.3196763, 29.4998138 ], [ 105.3176547, 29.5019338 ], [ 105.3171932, 29.5022611 ], [ 105.3169035, 29.503924 ], [ 105.315874, 29.5098332 ], [ 105.3157159, 29.5165804 ], [ 105.312161, 29.5203472 ], [ 105.3103619, 29.5222534 ], [ 105.3081868, 29.5244953 ], [ 105.3059028, 29.528775 ], [ 105.303806, 29.5290101 ], [ 105.3037102, 29.5290208 ], [ 105.303603, 29.5290353 ], [ 105.3033817, 29.5291197 ], [ 105.3031655, 29.5292357 ], [ 105.3029572, 29.5293586 ], [ 105.3027333, 29.5295485 ], [ 105.3025463, 29.5297082 ], [ 105.2997736, 29.532248 ], [ 105.2996636, 29.5323849 ], [ 105.299585, 29.5325746 ], [ 105.2984524, 29.5353585 ], [ 105.298257, 29.5355229 ], [ 105.2978123, 29.535912 ], [ 105.2977064, 29.5360398 ], [ 105.2977039, 29.5360413 ], [ 105.2976339, 29.5360566 ], [ 105.2942221, 29.5368048 ], [ 105.2941206, 29.5368231 ], [ 105.2930699, 29.5370129 ], [ 105.2922478, 29.5371051 ], [ 105.291427, 29.5371972 ], [ 105.2898381, 29.5419136 ], [ 105.2899459, 29.5483633 ], [ 105.2930027, 29.5665066 ], [ 105.2969687, 29.5773062 ], [ 105.3037095, 29.5789257 ], [ 105.3096661, 29.575809 ], [ 105.3106386, 29.5762458 ], [ 105.3133845, 29.5798998 ], [ 105.3141243, 29.5829789 ], [ 105.3129549, 29.5879969 ], [ 105.3110662, 29.5893757 ], [ 105.308295, 29.5921633 ], [ 105.307773, 29.5969714 ], [ 105.3090699, 29.599476 ], [ 105.3173649, 29.6123139 ], [ 105.318851, 29.6127695 ], [ 105.3205839, 29.6121531 ], [ 105.3259324, 29.6076652 ], [ 105.3267297, 29.6066283 ], [ 105.326583, 29.6051054 ], [ 105.3260383, 29.6042759 ], [ 105.3212427, 29.6002864 ], [ 105.3210401, 29.5995071 ], [ 105.3211202, 29.5993483 ], [ 105.3210512, 29.5992122 ], [ 105.3224635, 29.5986655 ], [ 105.3324436, 29.599291 ], [ 105.3376658, 29.6047767 ], [ 105.3380681, 29.6053733 ], [ 105.3383741, 29.6063717 ], [ 105.3383697, 29.6063727 ], [ 105.3392547, 29.6092506 ], [ 105.3392565, 29.6092501 ], [ 105.3398473, 29.6111774 ], [ 105.3403599, 29.6148129 ], [ 105.3404639, 29.6159641 ], [ 105.3407316, 29.6174575 ], [ 105.3409764, 29.6183241 ], [ 105.3413973, 29.61946 ], [ 105.3418426, 29.620399 ], [ 105.3434198, 29.6230843 ], [ 105.3439898, 29.6238918 ], [ 105.3445421, 29.6244224 ], [ 105.3502965, 29.6288764 ], [ 105.351279, 29.6295297 ], [ 105.3517427, 29.629758 ], [ 105.3525281, 29.6300595 ], [ 105.3541845, 29.6306954 ], [ 105.3563997, 29.6315458 ], [ 105.3570341, 29.6316753 ], [ 105.3579434, 29.6316546 ], [ 105.359069, 29.6315058 ], [ 105.360186, 29.631255 ], [ 105.3614773, 29.6307777 ], [ 105.3624348, 29.6302722 ], [ 105.3627085, 29.6298196 ], [ 105.3627068, 29.6293469 ], [ 105.3627062, 29.629171 ], [ 105.3625454, 29.6285228 ], [ 105.3624833, 29.627488 ], [ 105.3625726, 29.6268173 ], [ 105.3630233, 29.6257265 ], [ 105.3633591, 29.6251571 ], [ 105.3633696, 29.6251472 ], [ 105.3638164, 29.6247222 ], [ 105.3649854, 29.6238674 ], [ 105.3666122, 29.6237612 ], [ 105.3677411, 29.6236875 ], [ 105.3701191, 29.6235322 ], [ 105.3712242, 29.6237178 ], [ 105.3723683, 29.624079 ], [ 105.3733626, 29.6245353 ], [ 105.3733983, 29.6245598 ], [ 105.374257, 29.6251491 ], [ 105.3744414, 29.6252757 ], [ 105.3751778, 29.625915 ], [ 105.3755886, 29.6264677 ], [ 105.3760754, 29.6272826 ], [ 105.3762863, 29.6279015 ], [ 105.3763275, 29.6279356 ], [ 105.3762943, 29.6279662 ], [ 105.37643, 29.6283898 ], [ 105.3772657, 29.6309997 ], [ 105.377307, 29.6318939 ], [ 105.377108, 29.63277 ], [ 105.376422, 29.6337197 ], [ 105.3739, 29.6354135 ], [ 105.373626, 29.6359043 ], [ 105.3711596, 29.6428106 ], [ 105.3708323, 29.6437995 ], [ 105.3737665, 29.6466024 ], [ 105.3773926, 29.6474837 ], [ 105.3832185, 29.6494929 ], [ 105.3832265, 29.6494969 ], [ 105.3832948, 29.6497489 ], [ 105.3862995, 29.6510636 ], [ 105.3864784, 29.6511705 ], [ 105.3880236, 29.6521533 ], [ 105.3890309, 29.6528132 ], [ 105.3895235, 29.6531934 ], [ 105.3896131, 29.6533045 ], [ 105.3898033, 29.6536019 ], [ 105.3898634, 29.6537611 ], [ 105.3898499, 29.654014 ], [ 105.3898121, 29.6541758 ], [ 105.3894313, 29.6579263 ], [ 105.3884489, 29.6579445 ], [ 105.3872049, 29.6616233 ], [ 105.3860166, 29.6637531 ], [ 105.3850335, 29.6648301 ], [ 105.38439, 29.6650146 ], [ 105.3825518, 29.6676042 ], [ 105.3826717, 29.6676212 ], [ 105.3822717, 29.6697739 ], [ 105.3817771, 29.670171 ], [ 105.3796499, 29.6712308 ], [ 105.3844092, 29.6726254 ], [ 105.3846579, 29.6727566 ], [ 105.3848709, 29.6729571 ], [ 105.385041, 29.6732299 ], [ 105.3854826, 29.6776899 ], [ 105.3854819, 29.6782531 ], [ 105.3854346, 29.6782531 ], [ 105.3858604, 29.6785214 ], [ 105.3865932, 29.6788591 ], [ 105.3909963, 29.6776228 ], [ 105.3918532, 29.676106 ], [ 105.393183, 29.6753785 ], [ 105.3970235, 29.6745017 ], [ 105.3977671, 29.6746263 ], [ 105.4034467, 29.6786895 ], [ 105.4045118, 29.6801483 ], [ 105.4049965, 29.6817134 ], [ 105.4096463, 29.6865701 ], [ 105.4158819, 29.6905192 ], [ 105.419471, 29.6907391 ], [ 105.4202888, 29.6902114 ], [ 105.4211939, 29.6879811 ], [ 105.4309493, 29.6789513 ], [ 105.4356599, 29.6786024 ], [ 105.4573942, 29.6772759 ], [ 105.4605317, 29.6759372 ], [ 105.4734828, 29.6780175 ], [ 105.4781009, 29.6809251 ], [ 105.4790089, 29.6819191 ], [ 105.4772241, 29.686339 ], [ 105.4771196, 29.6865978 ], [ 105.4697065, 29.6999694 ], [ 105.4695296, 29.7008365 ], [ 105.4686235, 29.7052776 ], [ 105.4685703, 29.7055382 ], [ 105.4689492, 29.707385 ], [ 105.4694479, 29.7098154 ], [ 105.4695583, 29.7103536 ], [ 105.4702237, 29.7113644 ], [ 105.4750406, 29.7186812 ], [ 105.4755383, 29.719112 ], [ 105.479649, 29.720927 ], [ 105.4809678, 29.7215093 ], [ 105.4878192, 29.7234613 ], [ 105.4884901, 29.7236524 ], [ 105.4886459, 29.7234723 ], [ 105.4914475, 29.7202325 ], [ 105.4930307, 29.7171832 ], [ 105.4929262, 29.7164755 ], [ 105.4927302, 29.7151478 ], [ 105.4939848, 29.7130769 ], [ 105.4941296, 29.7130076 ], [ 105.4966749, 29.7117905 ], [ 105.5051708, 29.7084788 ], [ 105.505792, 29.7083629 ], [ 105.5063009, 29.708268 ], [ 105.5070229, 29.7085964 ], [ 105.5080018, 29.7090417 ], [ 105.508976, 29.7090905 ], [ 105.5114208, 29.7083794 ], [ 105.5164811, 29.7069072 ], [ 105.516977, 29.706763 ], [ 105.5177211, 29.7057732 ], [ 105.5214646, 29.7007935 ], [ 105.5230167, 29.698035 ], [ 105.5261343, 29.697111 ], [ 105.5275121, 29.6970535 ], [ 105.528412, 29.6970159 ], [ 105.5349475, 29.6967426 ], [ 105.5357839, 29.6970871 ], [ 105.5359367, 29.6995125 ], [ 105.5353894, 29.7004755 ], [ 105.533175, 29.7020509 ], [ 105.5330086, 29.7021693 ], [ 105.5318957, 29.7024651 ], [ 105.5315756, 29.7024014 ], [ 105.5300703, 29.7021019 ], [ 105.5300134, 29.7021966 ], [ 105.5284751, 29.7047583 ], [ 105.5266977, 29.7088985 ], [ 105.5265176, 29.7104507 ], [ 105.5268217, 29.7106845 ], [ 105.5392067, 29.7202018 ], [ 105.5411365, 29.7215486 ], [ 105.542775, 29.722692 ], [ 105.5398108, 29.7289561 ], [ 105.5395772, 29.7292543 ], [ 105.5385764, 29.7305324 ], [ 105.5384757, 29.73144 ], [ 105.5385404, 29.734447 ], [ 105.5385459, 29.7347005 ], [ 105.5386189, 29.734952 ], [ 105.5392062, 29.7369734 ], [ 105.5392289, 29.7370513 ], [ 105.5393926, 29.7371006 ], [ 105.5412337, 29.7376555 ], [ 105.5446313, 29.7386793 ], [ 105.5455735, 29.738492 ], [ 105.5478581, 29.7380378 ], [ 105.5487709, 29.7366373 ], [ 105.5488553, 29.7365432 ], [ 105.5503609, 29.7348631 ], [ 105.5509997, 29.7341503 ], [ 105.5548153, 29.7298923 ], [ 105.5551573, 29.7295106 ], [ 105.5557822, 29.7293312 ], [ 105.5613391, 29.7277358 ], [ 105.5626712, 29.7275395 ], [ 105.5634872, 29.7279896 ], [ 105.563973, 29.7303236 ], [ 105.5639723, 29.7303274 ], [ 105.5639719, 29.7303273 ], [ 105.5639715, 29.7303272 ], [ 105.5613845, 29.7365101 ], [ 105.5610391, 29.7373355 ], [ 105.5607655, 29.7381966 ], [ 105.5606405, 29.7387469 ], [ 105.5604073, 29.7397734 ], [ 105.560393, 29.7398425 ], [ 105.5603903, 29.7398634 ], [ 105.5603703, 29.7400212 ], [ 105.5603751, 29.740118 ], [ 105.5604161, 29.7401979 ], [ 105.5605238, 29.7403892 ], [ 105.5609453, 29.7409832 ], [ 105.5612802, 29.7413523 ], [ 105.5619513, 29.741949 ], [ 105.5621356, 29.7420935 ], [ 105.5620617, 29.7425872 ], [ 105.5621011, 29.7426622 ], [ 105.5633746, 29.7445393 ], [ 105.56368, 29.7449896 ], [ 105.566557, 29.7461803 ], [ 105.5713161, 29.7471263 ], [ 105.5717859, 29.7474772 ], [ 105.5722362, 29.7478136 ], [ 105.572261, 29.7478828 ], [ 105.5724278, 29.748348 ], [ 105.5724212, 29.748689 ], [ 105.5724044, 29.7495519 ], [ 105.5721732, 29.7614329 ], [ 105.5718372, 29.7619684 ], [ 105.5713633, 29.7619013 ], [ 105.5701707, 29.7617324 ], [ 105.5670809, 29.7629816 ], [ 105.5663228, 29.7634976 ], [ 105.566326, 29.7640728 ], [ 105.5663446, 29.7673894 ], [ 105.5665803, 29.7685205 ], [ 105.5667319, 29.7692482 ], [ 105.5668728, 29.7693899 ], [ 105.5684942, 29.7710202 ], [ 105.5701043, 29.7726391 ], [ 105.5717846, 29.7741111 ], [ 105.5727852, 29.7749876 ], [ 105.5728635, 29.7750606 ], [ 105.5736342, 29.7757792 ], [ 105.5750732, 29.7771208 ], [ 105.5767184, 29.7788427 ], [ 105.5770903, 29.7793078 ], [ 105.5787356, 29.7816828 ], [ 105.5821668, 29.7866354 ], [ 105.5806117, 29.7889985 ], [ 105.5793746, 29.7908782 ], [ 105.5790082, 29.7911768 ], [ 105.5774669, 29.7924332 ], [ 105.5763275, 29.7939761 ], [ 105.5778963, 29.8008828 ], [ 105.578447, 29.8013752 ], [ 105.5787343, 29.8042486 ], [ 105.5793064, 29.8060749 ], [ 105.5794719, 29.8062659 ], [ 105.5798161, 29.8068564 ], [ 105.5812607, 29.8087325 ], [ 105.581429, 29.808951 ], [ 105.5823542, 29.8099068 ], [ 105.582634, 29.8113696 ], [ 105.5833033, 29.8148677 ], [ 105.583357, 29.8151485 ], [ 105.581967, 29.8166585 ], [ 105.5807199, 29.8180132 ], [ 105.5793763, 29.8190446 ], [ 105.5787563, 29.8200269 ], [ 105.5788155, 29.8211443 ], [ 105.579924, 29.8220233 ], [ 105.5810449, 29.8229121 ], [ 105.5814718, 29.8232506 ], [ 105.5839356, 29.8252042 ], [ 105.5853312, 29.8262108 ], [ 105.5872498, 29.825226 ], [ 105.5885345, 29.8245665 ], [ 105.5913648, 29.8231135 ], [ 105.592192, 29.821942 ], [ 105.5924266, 29.8216098 ], [ 105.592654, 29.821566 ], [ 105.5940342, 29.8212999 ], [ 105.5946301, 29.8214533 ], [ 105.5955736, 29.8214044 ], [ 105.5983533, 29.8204695 ], [ 105.5998195, 29.820408 ], [ 105.6004554, 29.8203813 ], [ 105.6010176, 29.8203576 ], [ 105.6014435, 29.8203397 ], [ 105.6015322, 29.8204472 ], [ 105.6043625, 29.8238754 ], [ 105.6052086, 29.8249003 ], [ 105.6064559, 29.826411 ], [ 105.6064888, 29.8268644 ], [ 105.6058562, 29.8282347 ], [ 105.6053806, 29.8284779 ], [ 105.6042477, 29.8290573 ], [ 105.6046709, 29.8329932 ], [ 105.6063984, 29.8366705 ], [ 105.6069228, 29.8377869 ], [ 105.609894, 29.8441108 ], [ 105.6108919, 29.8462346 ], [ 105.6133977, 29.8487497 ], [ 105.6134588, 29.848811 ], [ 105.6144916, 29.8489121 ], [ 105.6162957, 29.8485199 ], [ 105.6173823, 29.8474959 ], [ 105.6172505, 29.8470466 ], [ 105.6169327, 29.845963 ], [ 105.6174277, 29.8450079 ], [ 105.6228262, 29.8400453 ], [ 105.6230274, 29.8398604 ], [ 105.6255607, 29.8396102 ], [ 105.6260636, 29.8396452 ], [ 105.6376454, 29.8404512 ], [ 105.6378835, 29.8404677 ], [ 105.6384564, 29.8410025 ], [ 105.6391912, 29.8416884 ], [ 105.6414917, 29.8430379 ], [ 105.6453474, 29.8438715 ], [ 105.6489579, 29.844652 ], [ 105.6553067, 29.844954 ], [ 105.6557514, 29.8443738 ], [ 105.656867, 29.8440947 ], [ 105.6593454, 29.8445009 ], [ 105.6652669, 29.846859 ], [ 105.6661012, 29.847887 ], [ 105.666383, 29.8487123 ], [ 105.6667413, 29.8497616 ], [ 105.666811, 29.8503087 ], [ 105.6670423, 29.852123 ], [ 105.6672591, 29.8525152 ], [ 105.6677626, 29.8534265 ], [ 105.6724311, 29.8565188 ], [ 105.67426, 29.857241 ], [ 105.6864799, 29.8549853 ], [ 105.6877381, 29.8531632 ], [ 105.6882753, 29.8510851 ], [ 105.6883936, 29.8493893 ], [ 105.6884432, 29.848679 ], [ 105.6913945, 29.8469662 ], [ 105.6944262, 29.8455913 ], [ 105.6947492, 29.8454448 ], [ 105.7045752, 29.8435208 ], [ 105.7054779, 29.843344 ], [ 105.7054825, 29.8433455 ], [ 105.7054821, 29.8433459 ], [ 105.7054809, 29.8433468 ], [ 105.7079515, 29.8456476 ], [ 105.7088629, 29.8464964 ], [ 105.7107117, 29.848218 ], [ 105.7128036, 29.850104 ], [ 105.715782, 29.8556879 ], [ 105.7157271, 29.8558559 ], [ 105.7157121, 29.8560027 ], [ 105.7156756, 29.8587554 ], [ 105.7157494, 29.8589785 ], [ 105.7158943, 29.8593557 ], [ 105.7159209, 29.8594247 ], [ 105.7160612, 29.859641 ], [ 105.7188798, 29.8614628 ], [ 105.723133, 29.8625564 ], [ 105.7262423, 29.8633557 ], [ 105.7273376, 29.8636373 ], [ 105.7276066, 29.8636358 ], [ 105.7279456, 29.8636135 ], [ 105.7285643, 29.8634572 ], [ 105.7294358, 29.8631478 ], [ 105.729449, 29.8631431 ], [ 105.729499, 29.8631253 ], [ 105.7295388, 29.8631112 ], [ 105.7297758, 29.863027 ], [ 105.7300466, 29.8630413 ], [ 105.7310885, 29.8631782 ], [ 105.7310965, 29.8631798 ], [ 105.7317795, 29.8633171 ], [ 105.733694, 29.864438 ], [ 105.7338119, 29.8645596 ], [ 105.7339536, 29.8647525 ], [ 105.734031, 29.8657307 ], [ 105.7340094, 29.8658334 ], [ 105.7339758, 29.8659938 ], [ 105.7337084, 29.8664053 ], [ 105.7332198, 29.8667546 ], [ 105.7328686, 29.8670018 ], [ 105.7321258, 29.8674946 ], [ 105.7319626, 29.867577 ], [ 105.7316712, 29.8677112 ], [ 105.7309242, 29.8679192 ], [ 105.7303756, 29.8680751 ], [ 105.7302827, 29.8681572 ], [ 105.7300856, 29.8683927 ], [ 105.7296913, 29.8690266 ], [ 105.7292648, 29.8697123 ], [ 105.7292303, 29.8698042 ], [ 105.7292078, 29.8699266 ], [ 105.7292443, 29.8701201 ], [ 105.7297855, 29.8729198 ], [ 105.7302893, 29.8773313 ], [ 105.7306657, 29.8806462 ], [ 105.730793, 29.8817675 ], [ 105.7308412, 29.8821924 ], [ 105.7308889, 29.8826128 ], [ 105.731192, 29.8852814 ], [ 105.7295036, 29.889233 ], [ 105.725562, 29.8952788 ], [ 105.7188277, 29.8956141 ], [ 105.7123955, 29.8982855 ], [ 105.7076145, 29.9024027 ], [ 105.7073749, 29.9028392 ], [ 105.7068637, 29.9044125 ], [ 105.7071573, 29.9062063 ], [ 105.7072008, 29.9064715 ], [ 105.7107407, 29.9064649 ], [ 105.7118273, 29.9067078 ], [ 105.7121865, 29.9070416 ], [ 105.7121917, 29.9077753 ], [ 105.7120367, 29.9100644 ], [ 105.711957, 29.910898 ], [ 105.7111896, 29.9143294 ], [ 105.710186, 29.918817 ], [ 105.7062388, 29.9206749 ], [ 105.7054029, 29.9207578 ], [ 105.7018642, 29.925092 ], [ 105.7008999, 29.9263926 ], [ 105.6975503, 29.9309101 ], [ 105.6983112, 29.931503 ], [ 105.6989864, 29.9314804 ], [ 105.704493, 29.931296 ], [ 105.7049345, 29.9312812 ], [ 105.7060322, 29.9306302 ], [ 105.7067118, 29.9302271 ], [ 105.710769, 29.9325681 ], [ 105.711064, 29.9329832 ], [ 105.7154159, 29.9391059 ], [ 105.7156296, 29.9394065 ], [ 105.715531, 29.9401557 ], [ 105.7154261, 29.9409529 ], [ 105.7152775, 29.9420822 ], [ 105.7147386, 29.942595 ], [ 105.7140464, 29.9426714 ], [ 105.7135543, 29.9427258 ], [ 105.7131709, 29.9430263 ], [ 105.713834, 29.9443266 ], [ 105.7144785, 29.9455904 ], [ 105.7150559, 29.9467226 ], [ 105.7171682, 29.9508642 ], [ 105.7214979, 29.9538665 ], [ 105.72701, 29.9595627 ], [ 105.7276469, 29.9602208 ], [ 105.7277315, 29.9612949 ], [ 105.7271353, 29.9659369 ], [ 105.7270279, 29.9662186 ], [ 105.726493, 29.9676213 ], [ 105.7264663, 29.9676912 ], [ 105.7262339, 29.9683007 ], [ 105.7257831, 29.9693387 ], [ 105.7246752, 29.9718897 ], [ 105.7242717, 29.9723867 ], [ 105.7226365, 29.9744005 ], [ 105.7202431, 29.977249 ], [ 105.7199201, 29.9780218 ], [ 105.720218, 29.9860726 ], [ 105.7202394, 29.9866506 ], [ 105.7255904, 29.9963317 ], [ 105.7255545, 29.9963581 ], [ 105.7258215, 29.9966335 ], [ 105.7277925, 30.0000192 ], [ 105.7279151, 30.0002187 ], [ 105.7286746, 30.0014545 ], [ 105.728678, 30.0014599 ], [ 105.7286936, 30.0014684 ], [ 105.7288479, 30.0015517 ], [ 105.7289458, 30.0016045 ], [ 105.7332025, 30.0026078 ], [ 105.735399, 30.0031255 ], [ 105.7363928, 30.0033597 ], [ 105.7423759, 30.0047694 ], [ 105.7424743, 30.004781 ], [ 105.7433503, 30.0048843 ], [ 105.7434556, 30.0048967 ], [ 105.7437226, 30.0050465 ], [ 105.7437519, 30.005105 ], [ 105.7437747, 30.0051504 ], [ 105.7437977, 30.0051417 ], [ 105.752797, 30.0165378 ], [ 105.7522313, 30.0186113 ], [ 105.7499246, 30.0270656 ], [ 105.7450747, 30.0364694 ], [ 105.744556, 30.0368058 ], [ 105.7436054, 30.0367711 ], [ 105.7387551, 30.0359315 ], [ 105.7318255, 30.0316489 ], [ 105.7264793, 30.0279307 ], [ 105.7251439, 30.0287704 ], [ 105.7230767, 30.0300701 ], [ 105.7229645, 30.0308814 ], [ 105.7226023, 30.0340253 ], [ 105.722742, 30.0351155 ], [ 105.7223345, 30.0376365 ], [ 105.7220547, 30.0380381 ], [ 105.7193724, 30.0418867 ], [ 105.7183594, 30.0433401 ], [ 105.7173988, 30.0440656 ], [ 105.7167552, 30.0441224 ], [ 105.7155319, 30.0442305 ], [ 105.7144694, 30.0438948 ], [ 105.7113729, 30.0417776 ], [ 105.7100764, 30.040556 ], [ 105.7089331, 30.0394788 ], [ 105.7054915, 30.0385851 ], [ 105.7038174, 30.0382226 ], [ 105.7034796, 30.0381495 ], [ 105.7031925, 30.0381948 ], [ 105.6852604, 30.0410225 ], [ 105.6846022, 30.0411593 ], [ 105.6837275, 30.0420436 ], [ 105.6828796, 30.0436897 ], [ 105.6827422, 30.0439564 ], [ 105.6807956, 30.0506222 ], [ 105.6727595, 30.0599736 ], [ 105.6723616, 30.0604366 ], [ 105.6728617, 30.0624185 ], [ 105.6733555, 30.0643747 ], [ 105.6735422, 30.0651146 ], [ 105.6738421, 30.0663029 ], [ 105.6736585, 30.0677652 ], [ 105.6729395, 30.0693187 ], [ 105.6718895, 30.0715873 ], [ 105.6713689, 30.0722911 ], [ 105.6707505, 30.0731271 ], [ 105.6683452, 30.0762123 ], [ 105.6676513, 30.0760575 ], [ 105.6664544, 30.0746982 ], [ 105.6652401, 30.0733189 ], [ 105.6617887, 30.0707788 ], [ 105.6611908, 30.0707171 ], [ 105.655703, 30.0701505 ], [ 105.6550835, 30.0703345 ], [ 105.6363356, 30.0759024 ], [ 105.6361915, 30.0759452 ], [ 105.634608, 30.0791954 ], [ 105.6345114, 30.0802256 ], [ 105.6330432, 30.0958902 ], [ 105.6347028, 30.0988279 ], [ 105.6383765, 30.1020902 ], [ 105.6355653, 30.1041721 ], [ 105.6322339, 30.1061755 ], [ 105.6314554, 30.1063659 ], [ 105.6266615, 30.1075386 ], [ 105.625904, 30.1077239 ], [ 105.623066, 30.108418 ], [ 105.6215622, 30.1087368 ], [ 105.6083834, 30.1115298 ], [ 105.6029638, 30.1121749 ], [ 105.6011771, 30.1120194 ], [ 105.5998961, 30.1119078 ], [ 105.5987178, 30.1118052 ], [ 105.5933332, 30.1116519 ], [ 105.5926592, 30.1117237 ], [ 105.5924493, 30.111746 ], [ 105.591511, 30.1127622 ], [ 105.5881414, 30.116905 ], [ 105.5871735, 30.118095 ], [ 105.5857048, 30.1210355 ], [ 105.5848093, 30.1228282 ], [ 105.5830021, 30.1240859 ], [ 105.5801338, 30.1258476 ], [ 105.5795581, 30.1262011 ], [ 105.5786343, 30.1267685 ], [ 105.577109, 30.1274183 ], [ 105.5749903, 30.128321 ], [ 105.5741649, 30.1282221 ], [ 105.5727549, 30.127558 ], [ 105.5716683, 30.1270462 ], [ 105.5692153, 30.1273903 ], [ 105.5692726, 30.1280669 ], [ 105.5693834, 30.1293766 ], [ 105.5694128, 30.1297235 ], [ 105.5700818, 30.1354102 ], [ 105.570766, 30.1396275 ], [ 105.5738047, 30.1435462 ], [ 105.5741382, 30.1439764 ], [ 105.5800928, 30.1464496 ], [ 105.5806817, 30.1465484 ], [ 105.5846381, 30.1472118 ], [ 105.585449, 30.1473477 ], [ 105.5869636, 30.1466079 ], [ 105.5875893, 30.1463023 ], [ 105.5889507, 30.146576 ], [ 105.5901367, 30.1468146 ], [ 105.5906298, 30.1471554 ], [ 105.5914061, 30.148659 ], [ 105.5928595, 30.155445 ], [ 105.5928962, 30.155454 ], [ 105.5928875, 30.1554805 ], [ 105.5928922, 30.1555979 ], [ 105.5929418, 30.1568404 ], [ 105.5929432, 30.156877 ], [ 105.5930701, 30.1580847 ], [ 105.5932271, 30.1590002 ], [ 105.593256, 30.1591687 ], [ 105.5934397, 30.159889 ], [ 105.5935335, 30.1605772 ], [ 105.5934764, 30.1610192 ], [ 105.5933812, 30.1613509 ], [ 105.5877966, 30.1638512 ], [ 105.5861924, 30.1643569 ], [ 105.5812745, 30.1659071 ], [ 105.5806305, 30.1660727 ], [ 105.5805803, 30.1660855 ], [ 105.5804457, 30.1660766 ], [ 105.5804009, 30.1660737 ], [ 105.579927, 30.1660423 ], [ 105.5796604, 30.1660246 ], [ 105.568774, 30.1645484 ], [ 105.5687788, 30.1645216 ], [ 105.568677, 30.1645081 ], [ 105.5674933, 30.1643512 ], [ 105.5667548, 30.1637843 ], [ 105.5619379, 30.1600861 ], [ 105.5601682, 30.1585888 ], [ 105.5576491, 30.1564573 ], [ 105.5537766, 30.1531804 ], [ 105.5536295, 30.152321 ], [ 105.5529773, 30.1485118 ], [ 105.5528961, 30.1480373 ], [ 105.5527532, 30.1472026 ], [ 105.5523262, 30.1467332 ], [ 105.5513353, 30.1465735 ], [ 105.5507466, 30.1466784 ], [ 105.5423641, 30.149518 ], [ 105.5329877, 30.1551917 ], [ 105.5321794, 30.1563622 ], [ 105.5312817, 30.1626071 ], [ 105.5312841, 30.1626659 ], [ 105.5313801, 30.1649911 ], [ 105.5318191, 30.1659003 ], [ 105.533747, 30.1698923 ], [ 105.5341342, 30.170694 ], [ 105.5350141, 30.1713986 ], [ 105.5388688, 30.1744851 ], [ 105.5411675, 30.1763255 ], [ 105.5476089, 30.1810503 ], [ 105.5533977, 30.1840097 ], [ 105.5547885, 30.1852688 ], [ 105.5564388, 30.1871089 ], [ 105.5623274, 30.1871071 ], [ 105.562754, 30.1869663 ], [ 105.5659668, 30.1859057 ], [ 105.5665791, 30.1852603 ], [ 105.5687232, 30.1829998 ], [ 105.5690663, 30.1826381 ], [ 105.568502, 30.1806667 ], [ 105.568131, 30.1793706 ], [ 105.568784, 30.1783706 ], [ 105.5694345, 30.1773743 ], [ 105.5696674, 30.1772451 ], [ 105.5727213, 30.1755512 ], [ 105.5730716, 30.1755285 ], [ 105.5748888, 30.1754107 ], [ 105.5757285, 30.1753562 ], [ 105.5761747, 30.1754657 ], [ 105.5825359, 30.1770258 ], [ 105.5827272, 30.1776964 ], [ 105.5845155, 30.1839636 ], [ 105.5852807, 30.185319 ], [ 105.586924, 30.1869301 ], [ 105.5876759, 30.1869644 ], [ 105.5922854, 30.1871743 ], [ 105.5944271, 30.18713 ], [ 105.5947524, 30.1865487 ], [ 105.5945945, 30.1858738 ], [ 105.5942104, 30.1842316 ], [ 105.5945134, 30.1832609 ], [ 105.5993939, 30.1812077 ], [ 105.5994614, 30.1811793 ], [ 105.6015389, 30.1803052 ], [ 105.6016019, 30.1802787 ], [ 105.608447, 30.1826398 ], [ 105.6099138, 30.1835874 ], [ 105.6125709, 30.1861236 ], [ 105.6142288, 30.189037 ], [ 105.615784, 30.1900404 ], [ 105.6199966, 30.1896451 ], [ 105.6209449, 30.1893679 ], [ 105.6217929, 30.1891201 ], [ 105.622508, 30.1889111 ], [ 105.6278783, 30.1862239 ], [ 105.6385894, 30.1884142 ], [ 105.6405028, 30.1890294 ], [ 105.6415201, 30.1917566 ], [ 105.6414686, 30.1923072 ], [ 105.6411104, 30.19613 ], [ 105.6407897, 30.1986393 ], [ 105.6405748, 30.1997112 ], [ 105.6397571, 30.2008114 ], [ 105.6390462, 30.2017677 ], [ 105.6404169, 30.2065618 ], [ 105.6407325, 30.2073278 ], [ 105.6419316, 30.2102386 ], [ 105.6424629, 30.2115282 ], [ 105.6434519, 30.2120136 ], [ 105.6478882, 30.2112006 ], [ 105.650797, 30.2106674 ], [ 105.6508972, 30.2106649 ], [ 105.6547372, 30.210568 ], [ 105.6557675, 30.210542 ], [ 105.6558708, 30.210736 ], [ 105.657729, 30.2142265 ], [ 105.6579408, 30.2146243 ], [ 105.6577911, 30.2151647 ], [ 105.6565516, 30.2196373 ], [ 105.656462, 30.2199607 ], [ 105.6529257, 30.2252017 ], [ 105.6517932, 30.2259849 ], [ 105.6495392, 30.2260327 ], [ 105.6486413, 30.2256437 ], [ 105.6481529, 30.2250699 ], [ 105.6482275, 30.2242593 ], [ 105.6483627, 30.2227889 ], [ 105.6431642, 30.2217531 ], [ 105.6428678, 30.221762 ], [ 105.6319261, 30.2220903 ], [ 105.616292, 30.2371801 ], [ 105.6155344, 30.2379112 ], [ 105.6178429, 30.2445062 ], [ 105.6178438, 30.2446515 ], [ 105.6177156, 30.2449535 ], [ 105.6154356, 30.2471331 ], [ 105.6148207, 30.2473763 ], [ 105.6141982, 30.2566847 ], [ 105.6139159, 30.2609041 ], [ 105.6201973, 30.2777794 ], [ 105.6206346, 30.2786097 ], [ 105.6223461, 30.2789795 ], [ 105.6411883, 30.2765986 ], [ 105.6426168, 30.276418 ], [ 105.6437732, 30.275955 ], [ 105.6475129, 30.2724696 ], [ 105.648787, 30.2710446 ], [ 105.6502976, 30.2693552 ], [ 105.6564887, 30.2669228 ], [ 105.6568548, 30.2667789 ], [ 105.6573637, 30.2667641 ], [ 105.6602706, 30.2666792 ], [ 105.6610167, 30.2666574 ], [ 105.661175, 30.2682665 ], [ 105.6617385, 30.2690047 ], [ 105.662487, 30.2690466 ], [ 105.6641269, 30.2684254 ], [ 105.6648498, 30.2677997 ], [ 105.6650033, 30.2671129 ], [ 105.6652795, 30.2658765 ], [ 105.6652874, 30.2655101 ], [ 105.665376, 30.2614394 ], [ 105.665376, 30.2605671 ], [ 105.6653759, 30.2567604 ], [ 105.6668584, 30.2561154 ], [ 105.6682284, 30.2560666 ], [ 105.6796888, 30.2556578 ], [ 105.6807459, 30.2557293 ], [ 105.6824832, 30.2558468 ], [ 105.6857658, 30.2578624 ], [ 105.6863683, 30.2581886 ], [ 105.6888535, 30.2595341 ], [ 105.6902706, 30.2598872 ], [ 105.6906443, 30.259948 ], [ 105.6924322, 30.2600237 ], [ 105.694762, 30.2601223 ], [ 105.6971174, 30.260222 ], [ 105.6989617, 30.2600088 ], [ 105.7010321, 30.2597695 ], [ 105.7024613, 30.2596043 ], [ 105.7051706, 30.259291 ], [ 105.7060969, 30.2591839 ], [ 105.7078297, 30.2589835 ], [ 105.7115334, 30.2567682 ], [ 105.7147944, 30.2548174 ], [ 105.7169383, 30.2538872 ], [ 105.717874, 30.2534813 ], [ 105.7178713, 30.2534767 ], [ 105.7185714, 30.2535426 ], [ 105.7210149, 30.257885 ], [ 105.7212036, 30.2582203 ], [ 105.7210221, 30.2589292 ], [ 105.7192246, 30.261694 ], [ 105.7181675, 30.2628051 ], [ 105.717528, 30.2634773 ], [ 105.7171141, 30.2646566 ], [ 105.7177448, 30.2662651 ], [ 105.7193691, 30.2676083 ], [ 105.7206366, 30.2680232 ], [ 105.7262234, 30.2687941 ], [ 105.73035, 30.2727456 ], [ 105.7314202, 30.2739422 ], [ 105.73165, 30.2750238 ], [ 105.7322856, 30.2780143 ], [ 105.7322743, 30.2791401 ], [ 105.7314374, 30.280245 ], [ 105.7305248, 30.2804207 ], [ 105.7250206, 30.280995 ], [ 105.7238063, 30.2810546 ], [ 105.7214524, 30.2793369 ], [ 105.7194463, 30.2784526 ], [ 105.7191499, 30.2782949 ], [ 105.7188132, 30.2781157 ], [ 105.7184647, 30.2786091 ], [ 105.7151696, 30.2815016 ], [ 105.711959, 30.2832459 ], [ 105.708938, 30.287288 ], [ 105.7076814, 30.2906978 ], [ 105.7076283, 30.290683 ], [ 105.7066828, 30.3020347 ], [ 105.7062739, 30.3069435 ], [ 105.707637, 30.3186558 ], [ 105.7085558, 30.3215288 ], [ 105.7087211, 30.3220458 ], [ 105.7112073, 30.3255495 ], [ 105.7121353, 30.3268573 ], [ 105.7125561, 30.3274502 ], [ 105.7130081, 30.327575 ], [ 105.7197935, 30.3248654 ], [ 105.7200978, 30.3247439 ], [ 105.7205027, 30.3243834 ], [ 105.7206545, 30.3242483 ], [ 105.7208413, 30.324082 ], [ 105.722327, 30.3227594 ], [ 105.7225772, 30.3225367 ], [ 105.7227737, 30.322104 ], [ 105.7223971, 30.3211253 ], [ 105.7233895, 30.3201908 ], [ 105.7235447, 30.3201581 ], [ 105.7245215, 30.3199524 ], [ 105.7250388, 30.3198435 ], [ 105.7258642, 30.3196696 ], [ 105.7262451, 30.3197504 ], [ 105.7279365, 30.3201089 ], [ 105.7279752, 30.3204943 ], [ 105.7282119, 30.3228516 ], [ 105.7284092, 30.3242268 ], [ 105.7300777, 30.324477 ], [ 105.7313555, 30.3224772 ], [ 105.7333412, 30.32229 ], [ 105.7348613, 30.3212806 ], [ 105.7374161, 30.3214794 ], [ 105.7378347, 30.3217365 ], [ 105.7379345, 30.3222271 ], [ 105.736942, 30.3237897 ], [ 105.7373225, 30.3254296 ], [ 105.7373517, 30.3254711 ], [ 105.7373343, 30.3254804 ], [ 105.7366145, 30.3258621 ], [ 105.7360341, 30.3262895 ], [ 105.7348019, 30.3281436 ], [ 105.7304369, 30.3350358 ], [ 105.7301519, 30.3355116 ], [ 105.7298466, 30.3360422 ], [ 105.7297395, 30.3362978 ], [ 105.7296445, 30.336618 ], [ 105.7295957, 30.3369619 ], [ 105.7295957, 30.3372006 ], [ 105.7296516, 30.3375727 ], [ 105.7298033, 30.3380255 ], [ 105.7300257, 30.3385457 ], [ 105.7301585, 30.3387887 ], [ 105.7303713, 30.3391296 ], [ 105.730602, 30.3394092 ], [ 105.7308195, 30.3396244 ], [ 105.7311002, 30.3397845 ], [ 105.7312888, 30.3398729 ], [ 105.7315742, 30.3399658 ], [ 105.7319731, 30.3400583 ], [ 105.7323063, 30.3401198 ], [ 105.7329434, 30.3402209 ], [ 105.7340319, 30.3403522 ], [ 105.7369188, 30.3406061 ], [ 105.7395059, 30.3408292 ], [ 105.7401139, 30.340886 ], [ 105.7403952, 30.3409183 ], [ 105.7406297, 30.3409508 ], [ 105.7407486, 30.3409791 ], [ 105.7434256, 30.3416788 ], [ 105.7462695, 30.342422 ], [ 105.7466216, 30.3425148 ], [ 105.7469347, 30.3426349 ], [ 105.7473498, 30.3428086 ], [ 105.7476707, 30.3429805 ], [ 105.7479511, 30.3431306 ], [ 105.7484162, 30.3434187 ], [ 105.7490281, 30.3438301 ], [ 105.7495467, 30.3442383 ], [ 105.7501006, 30.3447392 ], [ 105.7506526, 30.3453063 ], [ 105.7511654, 30.3458904 ], [ 105.7513235, 30.3461789 ], [ 105.7515141, 30.3465316 ], [ 105.751929, 30.3473018 ], [ 105.7521285, 30.3477317 ], [ 105.7522625, 30.3480563 ], [ 105.7523708, 30.3483486 ], [ 105.7524218, 30.3485872 ], [ 105.7524589, 30.3488401 ], [ 105.7524608, 30.3490861 ], [ 105.7524056, 30.349352 ], [ 105.7523343, 30.3496158 ], [ 105.7521801, 30.3499983 ], [ 105.7502674, 30.3544188 ], [ 105.7482555, 30.3583473 ], [ 105.7478216, 30.3593327 ], [ 105.7477062, 30.3598024 ], [ 105.7476809, 30.3602587 ], [ 105.747734, 30.3606425 ], [ 105.7478239, 30.3610409 ], [ 105.7480421, 30.3615377 ], [ 105.7483101, 30.3620684 ], [ 105.7485423, 30.3624175 ], [ 105.7488654, 30.3628393 ], [ 105.749212, 30.3632249 ], [ 105.7500074, 30.3640707 ], [ 105.7521238, 30.3658804 ], [ 105.7523019, 30.3660249 ], [ 105.7525732, 30.3662325 ], [ 105.7530295, 30.3665372 ], [ 105.7550986, 30.3678939 ], [ 105.7554003, 30.3680781 ], [ 105.7555317, 30.3681584 ], [ 105.7556416, 30.3682255 ], [ 105.755883, 30.3683803 ], [ 105.7560727, 30.3685056 ], [ 105.7566595, 30.368956 ], [ 105.7570222, 30.3692737 ], [ 105.7574026, 30.3696509 ], [ 105.7576619, 30.3699097 ], [ 105.7581376, 30.3704128 ], [ 105.7585788, 30.3708863 ], [ 105.7651822, 30.3780906 ], [ 105.765371, 30.3783445 ], [ 105.7654665, 30.3784927 ], [ 105.7655539, 30.378693 ], [ 105.7655866, 30.3788225 ], [ 105.7655772, 30.3798589 ], [ 105.7655473, 30.3800543 ], [ 105.7654774, 30.3803944 ], [ 105.7653706, 30.3808688 ], [ 105.7652786, 30.3811982 ], [ 105.7649912, 30.3821205 ], [ 105.7646815, 30.3830455 ], [ 105.7645248, 30.3834121 ], [ 105.7643745, 30.383741 ], [ 105.7642934, 30.3838745 ], [ 105.7641849, 30.3840177 ], [ 105.7640435, 30.3841563 ], [ 105.7638799, 30.3842618 ], [ 105.7636613, 30.3843486 ], [ 105.763459, 30.384402 ], [ 105.7633002, 30.3844172 ], [ 105.7631137, 30.3843993 ], [ 105.7629213, 30.3843292 ], [ 105.7626083, 30.3842101 ], [ 105.7623036, 30.3841102 ], [ 105.7621641, 30.3840874 ], [ 105.7620261, 30.3840731 ], [ 105.7618123, 30.3840743 ], [ 105.7615934, 30.3841136 ], [ 105.7611998, 30.3842394 ], [ 105.7599708, 30.3847645 ], [ 105.759665, 30.3849088 ], [ 105.7594958, 30.3849953 ], [ 105.7587498, 30.3854369 ], [ 105.7587536, 30.3854417 ], [ 105.7577773, 30.3860126 ], [ 105.7553879, 30.388418 ], [ 105.7617628, 30.3922959 ], [ 105.7611012, 30.3946672 ], [ 105.7628244, 30.4008246 ], [ 105.7635401, 30.402565 ], [ 105.7641537, 30.4036537 ], [ 105.7648976, 30.4047578 ], [ 105.7660674, 30.4064938 ], [ 105.7699251, 30.4115942 ], [ 105.7699734, 30.4116541 ], [ 105.7700691, 30.4117388 ], [ 105.770119, 30.4117693 ], [ 105.7702118, 30.4117961 ], [ 105.7703051, 30.4118068 ], [ 105.7723455, 30.4117851 ], [ 105.7788246, 30.4109861 ], [ 105.7838216, 30.4112761 ], [ 105.7844957, 30.4118596 ], [ 105.7904368, 30.4196117 ], [ 105.791327, 30.4214287 ], [ 105.7913361, 30.4225592 ], [ 105.7890351, 30.4256675 ], [ 105.7867855, 30.4287754 ], [ 105.7865792, 30.4298031 ], [ 105.7869964, 30.4304477 ], [ 105.7926098, 30.4336047 ], [ 105.7945658, 30.4313465 ], [ 105.7966239, 30.4300471 ], [ 105.7973447, 30.430013 ], [ 105.8021558, 30.4336803 ], [ 105.8126611, 30.4397221 ], [ 105.8192985, 30.4399261 ], [ 105.8271104, 30.4348411 ], [ 105.8286739, 30.4288955 ], [ 105.8310293, 30.4212192 ], [ 105.837672, 30.4161485 ], [ 105.8391509, 30.4154621 ], [ 105.8353432, 30.4087475 ], [ 105.8346717, 30.4084989 ], [ 105.8343231, 30.4078689 ], [ 105.835368, 30.4005653 ], [ 105.8374225, 30.3969743 ], [ 105.8416712, 30.3941205 ], [ 105.8426838, 30.3941288 ], [ 105.8452745, 30.3950567 ], [ 105.8469479, 30.3960798 ], [ 105.8501235, 30.401132 ], [ 105.8533937, 30.4061612 ], [ 105.8577075, 30.4127159 ], [ 105.858321, 30.4131953 ], [ 105.8607291, 30.4132924 ], [ 105.8618691, 30.4128323 ], [ 105.8684163, 30.4086656 ], [ 105.869217, 30.4041155 ], [ 105.8670581, 30.4025753 ], [ 105.8661225, 30.4025443 ], [ 105.8653935, 30.4006268 ], [ 105.8653814, 30.398302 ], [ 105.8663006, 30.3954991 ], [ 105.868203, 30.392303 ], [ 105.8703245, 30.3903658 ], [ 105.8737261, 30.3891272 ], [ 105.8762369, 30.3887757 ], [ 105.8823885, 30.3935319 ], [ 105.8831628, 30.3956614 ], [ 105.8851942, 30.4030338 ], [ 105.8853014, 30.4035017 ], [ 105.8832753, 30.405308 ], [ 105.881915, 30.406723 ], [ 105.8823546, 30.4088474 ], [ 105.8862301, 30.4132246 ], [ 105.8876913, 30.4134932 ], [ 105.8884394, 30.4132058 ], [ 105.8889163, 30.4122765 ], [ 105.8929267, 30.4078458 ], [ 105.8984868, 30.4049514 ], [ 105.8989476, 30.4084218 ], [ 105.8993542, 30.4097058 ], [ 105.9000793, 30.4101769 ], [ 105.9008102, 30.4093983 ], [ 105.9039709, 30.4050177 ], [ 105.9024727, 30.4026106 ], [ 105.9004319, 30.3999618 ], [ 105.8998344, 30.3993709 ], [ 105.8985551, 30.399283 ], [ 105.8979361, 30.400098 ], [ 105.8963507, 30.4008568 ], [ 105.8954948, 30.4005685 ], [ 105.8947068, 30.399778 ], [ 105.8938919, 30.3960422 ], [ 105.8941081, 30.3934076 ], [ 105.8952252, 30.391704 ], [ 105.8962437, 30.3904772 ], [ 105.8983081, 30.3891762 ], [ 105.8992673, 30.3896069 ], [ 105.9110887, 30.3980433 ], [ 105.9127063, 30.3985229 ], [ 105.9181335, 30.3957216 ], [ 105.9209218, 30.3934296 ], [ 105.9351544, 30.3814944 ], [ 105.9352857, 30.3808686 ], [ 105.9369602, 30.3783351 ], [ 105.9386718, 30.3769988 ], [ 105.9408093, 30.375347 ], [ 105.9435977, 30.375379 ], [ 105.9497626, 30.3768294 ], [ 105.9507746, 30.3776849 ], [ 105.9544681, 30.3799191 ], [ 105.9555069, 30.3800008 ], [ 105.9653459, 30.3798764 ], [ 105.9661847, 30.3796768 ], [ 105.9664503, 30.3787674 ], [ 105.966188, 30.378271 ], [ 105.9679752, 30.3768073 ], [ 105.9706561, 30.3755081 ], [ 105.973825, 30.3741233 ], [ 105.9747487, 30.3738412 ], [ 105.9752665, 30.3745823 ], [ 105.9752818, 30.3747862 ], [ 105.9759466, 30.3755554 ], [ 105.9786671, 30.3753665 ], [ 105.9786061, 30.3767139 ], [ 105.9807872, 30.3775862 ], [ 105.9814743, 30.3788578 ], [ 105.9820936, 30.3788531 ], [ 105.9824584, 30.3781822 ], [ 105.9828838, 30.3780601 ], [ 105.9833164, 30.3787605 ], [ 105.9845781, 30.3788254 ], [ 105.9853259, 30.3798239 ], [ 105.9873692, 30.3814958 ], [ 105.9887631, 30.381879 ], [ 105.9862801, 30.3791548 ], [ 105.9855307, 30.3788554 ], [ 105.9853855, 30.3780607 ], [ 105.9840275, 30.3778106 ], [ 105.9829768, 30.3764112 ], [ 105.983465, 30.3750698 ], [ 105.9825832, 30.3743484 ], [ 105.9832741, 30.3736806 ], [ 105.9848029, 30.3729997 ], [ 105.9849483, 30.3720986 ], [ 105.9855878, 30.3717219 ], [ 105.9856768, 30.3711782 ], [ 105.9873379, 30.3700202 ], [ 105.9881462, 30.3702149 ], [ 105.9887057, 30.3712595 ], [ 105.9892739, 30.371456 ], [ 105.9895765, 30.3708438 ], [ 105.9905419, 30.3704571 ], [ 105.9908606, 30.3697332 ], [ 105.9917165, 30.3695408 ], [ 105.9920761, 30.3706739 ], [ 105.9928762, 30.3714064 ], [ 105.9943249, 30.3712986 ], [ 105.9945928, 30.3714974 ], [ 105.9934825, 30.3728299 ], [ 105.9949974, 30.3733316 ], [ 105.9962272, 30.3744826 ], [ 105.9968706, 30.3787174 ], [ 105.9972129, 30.3790979 ], [ 105.9980524, 30.379348 ], [ 105.9997391, 30.3795429 ], [ 106.0001052, 30.3795852 ], [ 106.0047057, 30.378419 ], [ 106.0199687, 30.3743938 ], [ 106.028496, 30.3707658 ], [ 106.0360917, 30.3627952 ], [ 106.0361633, 30.3627212 ], [ 106.0380437, 30.3607786 ], [ 106.039859, 30.3589031 ], [ 106.0434259, 30.3552177 ], [ 106.0455882, 30.3529834 ], [ 106.0465977, 30.3523891 ], [ 106.0497685, 30.3505225 ], [ 106.0502116, 30.3502615 ], [ 106.0505392, 30.3500687 ], [ 106.0495543, 30.3475174 ], [ 106.0560889, 30.3456197 ], [ 106.0610426, 30.3441807 ], [ 106.0626687, 30.3437083 ], [ 106.063546, 30.3434535 ], [ 106.0654125, 30.3429112 ], [ 106.0702513, 30.337628 ], [ 106.0703086, 30.3375416 ], [ 106.0703541, 30.3375642 ], [ 106.0729124, 30.3390095 ], [ 106.0733529, 30.3392583 ], [ 106.073399, 30.3393978 ], [ 106.0742416, 30.3419458 ], [ 106.0742126, 30.3421612 ], [ 106.0741472, 30.3426479 ], [ 106.0740388, 30.3434533 ], [ 106.0740296, 30.3441958 ], [ 106.0743664, 30.345726 ], [ 106.0756856, 30.3470041 ], [ 106.076108, 30.347128 ], [ 106.0782852, 30.3477668 ], [ 106.083272, 30.348825 ], [ 106.0848378, 30.3483902 ], [ 106.0855316, 30.3476791 ], [ 106.0876018, 30.3380572 ], [ 106.0875563, 30.3374613 ], [ 106.0874742, 30.3363853 ], [ 106.087434, 30.3358596 ], [ 106.0863014, 30.3297509 ], [ 106.0862168, 30.3295288 ], [ 106.0861247, 30.3293419 ], [ 106.0858476, 30.3287801 ], [ 106.0934867, 30.325945 ], [ 106.094115, 30.3257118 ], [ 106.0944446, 30.3255895 ], [ 106.0987078, 30.324007 ], [ 106.0989546, 30.3239154 ], [ 106.0990743, 30.3237515 ], [ 106.099206, 30.3235711 ], [ 106.0996155, 30.3228361 ], [ 106.0997062, 30.3226475 ], [ 106.0996928, 30.3225786 ], [ 106.0996488, 30.3223527 ], [ 106.0996352, 30.3223058 ], [ 106.0996137, 30.3222315 ], [ 106.0995442, 30.3219912 ], [ 106.0987173, 30.3206761 ], [ 106.0975031, 30.3183066 ], [ 106.0973382, 30.3179847 ], [ 106.1018025, 30.3136507 ], [ 106.1018281, 30.3136272 ], [ 106.1020398, 30.313434 ], [ 106.1022557, 30.3133717 ], [ 106.1027096, 30.3134108 ], [ 106.1035835, 30.3136481 ], [ 106.1042055, 30.3138712 ], [ 106.1042503, 30.3138873 ], [ 106.1042601, 30.3138939 ], [ 106.1045358, 30.3140825 ], [ 106.1046174, 30.3141382 ], [ 106.1047013, 30.3143017 ], [ 106.1046644, 30.3143937 ], [ 106.1046239, 30.3144949 ], [ 106.1045867, 30.3145877 ], [ 106.1045347, 30.3146594 ], [ 106.1042843, 30.3150053 ], [ 106.1040564, 30.3153821 ], [ 106.1039858, 30.3157731 ], [ 106.1040143, 30.3159579 ], [ 106.1040436, 30.3161474 ], [ 106.1042958, 30.3166658 ], [ 106.1044146, 30.3168487 ], [ 106.1044339, 30.3168784 ], [ 106.10772, 30.3195333 ], [ 106.1083991, 30.3199899 ], [ 106.1092247, 30.3202344 ], [ 106.1101345, 30.3202947 ], [ 106.1110353, 30.320253 ], [ 106.1113483, 30.3202096 ], [ 106.1113767, 30.3201865 ], [ 106.1115615, 30.3200366 ], [ 106.1116278, 30.3199829 ], [ 106.1116995, 30.3198341 ], [ 106.1118691, 30.3194825 ], [ 106.1119571, 30.3193002 ], [ 106.1120251, 30.3191323 ], [ 106.1122087, 30.3186793 ], [ 106.1123521, 30.3184611 ], [ 106.1125323, 30.318187 ], [ 106.112835, 30.3179261 ], [ 106.1164233, 30.316461 ], [ 106.1166429, 30.3164795 ], [ 106.1166889, 30.3165005 ], [ 106.1168864, 30.3165906 ], [ 106.1169501, 30.3166196 ], [ 106.1172708, 30.3169947 ], [ 106.1175234, 30.3172901 ], [ 106.1176834, 30.3171871 ], [ 106.1189525, 30.3165816 ], [ 106.1193727, 30.3158037 ], [ 106.120403, 30.3136869 ], [ 106.1205298, 30.3134264 ], [ 106.1195154, 30.3117527 ], [ 106.1191156, 30.3114574 ], [ 106.1182001, 30.3107812 ], [ 106.1179636, 30.3095921 ], [ 106.1183464, 30.3085466 ], [ 106.1217964, 30.3048239 ], [ 106.1221436, 30.3044493 ], [ 106.1223379, 30.3044371 ], [ 106.1265509, 30.3041731 ], [ 106.1268249, 30.3041559 ], [ 106.1277956, 30.3047639 ], [ 106.1278953, 30.3049053 ], [ 106.1285862, 30.3058853 ], [ 106.1294574, 30.3089553 ], [ 106.1294675, 30.3091554 ], [ 106.1296004, 30.3117785 ], [ 106.1294946, 30.3120485 ], [ 106.1292991, 30.3125472 ], [ 106.1257314, 30.3170384 ], [ 106.1252964, 30.3175416 ], [ 106.1243961, 30.3185831 ], [ 106.1217141, 30.3230997 ], [ 106.1216109, 30.3231185 ], [ 106.1216376, 30.3232285 ], [ 106.1216884, 30.3235527 ], [ 106.1217045, 30.3236555 ], [ 106.1217081, 30.3239694 ], [ 106.1215644, 30.3250752 ], [ 106.1215447, 30.3251351 ], [ 106.1215338, 30.3251683 ], [ 106.1214787, 30.3253356 ], [ 106.1205917, 30.3262758 ], [ 106.1196512, 30.3273798 ], [ 106.1196501, 30.3273857 ], [ 106.1196194, 30.3275622 ], [ 106.1196481, 30.3277078 ], [ 106.1196503, 30.3277193 ], [ 106.119742, 30.3278027 ], [ 106.1198397, 30.3278581 ], [ 106.1201014, 30.3279041 ], [ 106.1201901, 30.3279197 ], [ 106.1203735, 30.3279395 ], [ 106.1204786, 30.3279509 ], [ 106.1207245, 30.3279376 ], [ 106.1279248, 30.3272178 ], [ 106.1280232, 30.3271869 ], [ 106.1281361, 30.3271514 ], [ 106.1283514, 30.3270837 ], [ 106.1284483, 30.3269574 ], [ 106.1287143, 30.3264432 ], [ 106.1288549, 30.3260856 ], [ 106.1288562, 30.32608 ], [ 106.1289376, 30.3257336 ], [ 106.1289557, 30.3255877 ], [ 106.1289906, 30.3253065 ], [ 106.129254, 30.3229219 ], [ 106.129567, 30.3200871 ], [ 106.1285675, 30.316161 ], [ 106.1321228, 30.3154577 ], [ 106.1352243, 30.3170419 ], [ 106.1409757, 30.3169026 ], [ 106.1443076, 30.3168218 ], [ 106.144993, 30.3168052 ], [ 106.1526519, 30.3165151 ], [ 106.1530013, 30.3164934 ], [ 106.1581083, 30.3139663 ], [ 106.1582766, 30.3138469 ], [ 106.1583305, 30.3138087 ], [ 106.1584351, 30.3136632 ], [ 106.1584423, 30.3135523 ], [ 106.1584561, 30.3133369 ], [ 106.1584493, 30.313054 ], [ 106.1584409, 30.3130101 ], [ 106.1584077, 30.312836 ], [ 106.1585199, 30.3112232 ], [ 106.159571, 30.3095652 ], [ 106.1609875, 30.3090419 ], [ 106.163256, 30.3082037 ], [ 106.1657062, 30.307282 ], [ 106.1667818, 30.3068774 ], [ 106.1691565, 30.2998247 ], [ 106.1695323, 30.2984743 ], [ 106.1698801, 30.2972238 ], [ 106.1701456, 30.2962698 ], [ 106.170423, 30.2952725 ], [ 106.1712225, 30.2923986 ], [ 106.1726943, 30.2871072 ], [ 106.1731635, 30.2854204 ], [ 106.1729337, 30.2823954 ], [ 106.1721549, 30.2775187 ], [ 106.1758706, 30.2751915 ], [ 106.1766148, 30.2674086 ], [ 106.1764275, 30.2640468 ], [ 106.1753742, 30.2638404 ], [ 106.1748791, 30.2637434 ], [ 106.1744699, 30.2629305 ], [ 106.1719367, 30.2588449 ], [ 106.1689731, 30.256223 ], [ 106.1681904, 30.2552665 ], [ 106.1669409, 30.2537394 ], [ 106.1666653, 30.2525828 ], [ 106.1672715, 30.2516823 ], [ 106.1744427, 30.2435877 ], [ 106.1745768, 30.2435909 ], [ 106.174579, 30.2435232 ], [ 106.1745938, 30.2434622 ], [ 106.174596, 30.2434534 ], [ 106.174609, 30.2433999 ], [ 106.1747999, 30.2431248 ], [ 106.1750116, 30.2428312 ], [ 106.1752347, 30.2426151 ], [ 106.1756262, 30.242443 ], [ 106.1756775, 30.2424372 ], [ 106.1759355, 30.2424083 ], [ 106.1764547, 30.2424082 ], [ 106.176455, 30.2424082 ], [ 106.1764562, 30.2424085 ], [ 106.177097, 30.2425573 ], [ 106.1775817, 30.2427079 ], [ 106.1784022, 30.2428646 ], [ 106.1785804, 30.2428402 ], [ 106.1786648, 30.2427411 ], [ 106.1786966, 30.2427036 ], [ 106.1787563, 30.2426336 ], [ 106.1788169, 30.2424516 ], [ 106.1788779, 30.2422679 ], [ 106.1791242, 30.2413544 ], [ 106.1791227, 30.241236 ], [ 106.179101, 30.2411329 ], [ 106.1790949, 30.2411041 ], [ 106.1759977, 30.2343336 ], [ 106.176782, 30.2342763 ], [ 106.1847506, 30.2349565 ], [ 106.1889863, 30.2353179 ], [ 106.196897, 30.2369112 ], [ 106.1978333, 30.2367853 ], [ 106.1979023, 30.2348112 ], [ 106.1977112, 30.2339531 ], [ 106.1974856, 30.23294 ], [ 106.1976385, 30.2328235 ], [ 106.1968159, 30.2320097 ], [ 106.1970365, 30.2318446 ], [ 106.1971475, 30.2317615 ], [ 106.1971508, 30.2317242 ], [ 106.1972027, 30.2311436 ], [ 106.1970475, 30.2304187 ], [ 106.1969199, 30.230145 ], [ 106.1968114, 30.2299123 ], [ 106.1923512, 30.2233612 ], [ 106.190433, 30.2213733 ], [ 106.1879998, 30.2188518 ], [ 106.1878689, 30.2187009 ], [ 106.1880959, 30.2185524 ], [ 106.1881938, 30.2184883 ], [ 106.1888655, 30.2172296 ], [ 106.1891895, 30.2166226 ], [ 106.1997811, 30.2072315 ], [ 106.2005966, 30.2065502 ], [ 106.2006587, 30.20654 ], [ 106.209542, 30.205087 ], [ 106.209816, 30.2050421 ], [ 106.2098173, 30.2050411 ], [ 106.2100735, 30.2048427 ], [ 106.2105809, 30.2053369 ], [ 106.2112569, 30.2058052 ], [ 106.2118584, 30.206222 ], [ 106.2132608, 30.2071935 ], [ 106.2135397, 30.2073754 ], [ 106.21489, 30.2082557 ], [ 106.2170321, 30.209564 ], [ 106.2172462, 30.2096887 ], [ 106.2182666, 30.2102828 ], [ 106.2203617, 30.2115427 ], [ 106.2216923, 30.2128068 ], [ 106.2218668, 30.2129725 ], [ 106.2223491, 30.2134307 ], [ 106.2225088, 30.2136588 ], [ 106.2233783, 30.2149012 ], [ 106.2239161, 30.2163512 ], [ 106.2254513, 30.2161528 ], [ 106.2264468, 30.2155913 ], [ 106.2286973, 30.214322 ], [ 106.2288202, 30.2141607 ], [ 106.2356784, 30.2051594 ], [ 106.2358976, 30.204453 ], [ 106.2357601, 30.2035887 ], [ 106.2351877, 30.2003588 ], [ 106.2348778, 30.1999484 ], [ 106.2326504, 30.1969978 ], [ 106.2317372, 30.1957883 ], [ 106.230957, 30.1951947 ], [ 106.2305074, 30.1948527 ], [ 106.229869, 30.194367 ], [ 106.2296208, 30.1941782 ], [ 106.2288218, 30.1935704 ], [ 106.2321617, 30.1879669 ], [ 106.2381734, 30.1815128 ], [ 106.2402555, 30.1804906 ], [ 106.240996, 30.1804801 ], [ 106.2439069, 30.1831315 ], [ 106.2439784, 30.1834458 ], [ 106.2456626, 30.1908472 ], [ 106.2457125, 30.1910668 ], [ 106.2452937, 30.1926775 ], [ 106.2441756, 30.1935286 ], [ 106.2435955, 30.1939701 ], [ 106.2416195, 30.1966812 ], [ 106.2415499, 30.198538 ], [ 106.2421549, 30.199655 ], [ 106.2430028, 30.2008261 ], [ 106.2484987, 30.2016175 ], [ 106.250055, 30.2016403 ], [ 106.2510126, 30.20144 ], [ 106.2522955, 30.1996567 ], [ 106.2527765, 30.1985276 ], [ 106.2538934, 30.1981301 ], [ 106.2550255, 30.1981786 ], [ 106.2561165, 30.1992652 ], [ 106.2570642, 30.2001742 ], [ 106.2573531, 30.2001138 ], [ 106.25825, 30.1993408 ], [ 106.2596452, 30.1981381 ], [ 106.2606844, 30.1972424 ], [ 106.2607373, 30.1936174 ], [ 106.2597175, 30.1929583 ], [ 106.2585401, 30.1921973 ], [ 106.2588143, 30.1915033 ], [ 106.2594997, 30.1897681 ], [ 106.2600944, 30.1889696 ], [ 106.2611901, 30.1874983 ], [ 106.2617433, 30.1871005 ], [ 106.2652971, 30.1871203 ], [ 106.2677925, 30.1886235 ], [ 106.2678064, 30.1889799 ], [ 106.2683994, 30.2040943 ], [ 106.2682381, 30.2050845 ], [ 106.2678513, 30.2074592 ], [ 106.2677221, 30.2082524 ], [ 106.26719, 30.209247 ], [ 106.2661737, 30.2101495 ], [ 106.2655999, 30.2103946 ], [ 106.2642155, 30.2109858 ], [ 106.2611756, 30.2114883 ], [ 106.2603757, 30.2118832 ], [ 106.2601436, 30.2121438 ], [ 106.2569938, 30.21568 ], [ 106.2571676, 30.2166893 ], [ 106.2584846, 30.2171178 ], [ 106.259319, 30.2173892 ], [ 106.262096, 30.2176207 ], [ 106.2718814, 30.2139231 ], [ 106.2723618, 30.2135429 ], [ 106.2741344, 30.2121402 ], [ 106.274694, 30.2116973 ], [ 106.2752525, 30.2112553 ], [ 106.2753198, 30.2107091 ], [ 106.2754413, 30.2097218 ], [ 106.2756224, 30.208251 ], [ 106.2750357, 30.2073799 ], [ 106.2740945, 30.2069215 ], [ 106.2732652, 30.2049571 ], [ 106.2731494, 30.2046828 ], [ 106.2736873, 30.1983751 ], [ 106.2742362, 30.1977352 ], [ 106.2749619, 30.1978235 ], [ 106.276901, 30.1980596 ], [ 106.2784898, 30.1982531 ], [ 106.2803748, 30.1994392 ], [ 106.2863972, 30.2063617 ], [ 106.2901168, 30.2106366 ], [ 106.2899638, 30.2111229 ], [ 106.2883451, 30.2162683 ], [ 106.2879269, 30.2177119 ], [ 106.2875829, 30.2212002 ], [ 106.2877545, 30.2222647 ], [ 106.2902799, 30.2231325 ], [ 106.2939806, 30.2244655 ], [ 106.2946102, 30.2246923 ], [ 106.2965844, 30.2255601 ], [ 106.299755, 30.2269537 ], [ 106.3004969, 30.227314 ], [ 106.3020029, 30.2280453 ], [ 106.3028588, 30.2284609 ], [ 106.3031503, 30.2289635 ], [ 106.302448, 30.2300119 ], [ 106.3024152, 30.2300608 ], [ 106.3021421, 30.2304684 ], [ 106.2999227, 30.2331147 ], [ 106.2985857, 30.2352458 ], [ 106.2973629, 30.2371948 ], [ 106.2953611, 30.2403981 ], [ 106.2962305, 30.2415187 ], [ 106.2965077, 30.241469 ], [ 106.2999132, 30.2408585 ], [ 106.3010918, 30.2406429 ], [ 106.3033911, 30.2402225 ], [ 106.3042913, 30.2400579 ], [ 106.3052083, 30.2398902 ], [ 106.3055109, 30.2398349 ], [ 106.3065082, 30.2394015 ], [ 106.3099693, 30.2378974 ], [ 106.3118143, 30.2365853 ], [ 106.3123621, 30.2361957 ], [ 106.3168107, 30.2326234 ], [ 106.3238599, 30.2299712 ], [ 106.326855, 30.2288869 ], [ 106.3293132, 30.2283995 ], [ 106.3310194, 30.2281779 ], [ 106.3318706, 30.2288468 ], [ 106.3332892, 30.2348444 ], [ 106.3360818, 30.2407634 ], [ 106.3410917, 30.2423182 ], [ 106.3499133, 30.2450553 ], [ 106.3614746, 30.2452342 ], [ 106.3639827, 30.2479413 ], [ 106.3650047, 30.2490442 ], [ 106.3664292, 30.2505816 ], [ 106.3684582, 30.251281 ], [ 106.3690863, 30.251101 ], [ 106.3774335, 30.2481862 ], [ 106.3815658, 30.2460455 ], [ 106.3834909, 30.2455197 ], [ 106.3863431, 30.2457369 ], [ 106.3863716, 30.2468874 ], [ 106.3842577, 30.2498458 ], [ 106.3823129, 30.2525121 ], [ 106.3811179, 30.2529872 ], [ 106.3801354, 30.252281 ], [ 106.3789796, 30.2531543 ], [ 106.3788106, 30.2534979 ], [ 106.3781949, 30.2547497 ], [ 106.3781619, 30.2574131 ], [ 106.3781596, 30.2575999 ], [ 106.3788845, 30.2580547 ], [ 106.3837472, 30.2580613 ], [ 106.3843109, 30.258062 ], [ 106.3863016, 30.2577828 ], [ 106.3865343, 30.2575336 ], [ 106.3912811, 30.2524494 ], [ 106.3942201, 30.2491487 ], [ 106.3961008, 30.2463646 ], [ 106.3984176, 30.2446406 ], [ 106.3994634, 30.2447606 ], [ 106.4093176, 30.2458904 ], [ 106.4194022, 30.2550299 ], [ 106.4210539, 30.2553798 ], [ 106.4245907, 30.2561289 ], [ 106.4249569, 30.2562064 ], [ 106.4250257, 30.2565122 ], [ 106.4258874, 30.2603393 ], [ 106.4263849, 30.2625489 ], [ 106.4264718, 30.2629349 ], [ 106.4253119, 30.2644246 ], [ 106.4246506, 30.2652738 ], [ 106.4224015, 30.2654295 ], [ 106.4158276, 30.2675119 ], [ 106.4093346, 30.2723453 ], [ 106.4090719, 30.2725409 ], [ 106.4057262, 30.2754843 ], [ 106.4053845, 30.2761254 ], [ 106.4051906, 30.2764891 ], [ 106.404795, 30.2772315 ], [ 106.4046165, 30.2775664 ], [ 106.4051591, 30.2783412 ], [ 106.413084, 30.281201 ], [ 106.4149656, 30.281699 ], [ 106.4157209, 30.2808737 ], [ 106.4174351, 30.2797353 ], [ 106.4179507, 30.2796384 ], [ 106.4211403, 30.279039 ], [ 106.4292988, 30.2794338 ], [ 106.4302469, 30.2794797 ], [ 106.4315906, 30.2825996 ], [ 106.4314711, 30.2841351 ], [ 106.429144, 30.2892082 ], [ 106.4285115, 30.289887 ], [ 106.4280731, 30.2903575 ], [ 106.4275539, 30.2909147 ], [ 106.4245857, 30.2925507 ], [ 106.4244744, 30.2930566 ], [ 106.4251053, 30.2944229 ], [ 106.427317, 30.2964255 ], [ 106.4282988, 30.2971216 ], [ 106.4288166, 30.2974887 ], [ 106.4295304, 30.2977934 ], [ 106.4309715, 30.297825 ], [ 106.4312971, 30.2975061 ], [ 106.434178, 30.2946837 ], [ 106.4357917, 30.2915882 ], [ 106.4374514, 30.290907 ], [ 106.4382515, 30.2911445 ], [ 106.4395822, 30.2920302 ], [ 106.4405723, 30.2926893 ], [ 106.4410506, 30.2930077 ], [ 106.4416375, 30.2935884 ], [ 106.4420456, 30.2947817 ], [ 106.4413962, 30.2972219 ], [ 106.4405687, 30.2990376 ], [ 106.4381534, 30.3018149 ], [ 106.4365501, 30.3029977 ], [ 106.4344966, 30.3043847 ], [ 106.4322065, 30.3058733 ], [ 106.4318142, 30.3061284 ], [ 106.4330637, 30.3073576 ], [ 106.4359137, 30.3097628 ], [ 106.4363295, 30.3118952 ], [ 106.4369706, 30.3124469 ], [ 106.4471611, 30.3106678 ], [ 106.452228, 30.308604 ], [ 106.4519817, 30.30819 ], [ 106.4495838, 30.3069286 ], [ 106.4468904, 30.3071005 ], [ 106.4458146, 30.3066768 ], [ 106.4454907, 30.3061784 ], [ 106.4443757, 30.3030845 ], [ 106.4443503, 30.3013518 ], [ 106.4474116, 30.2994902 ], [ 106.4480213, 30.2993887 ], [ 106.4497028, 30.2994459 ], [ 106.4504507, 30.2998354 ], [ 106.4519568, 30.3042791 ], [ 106.4523764, 30.3046059 ], [ 106.4544339, 30.3049902 ], [ 106.4553941, 30.3049701 ], [ 106.4595267, 30.3032289 ], [ 106.4622104, 30.3016837 ], [ 106.4651892, 30.3011662 ], [ 106.4679055, 30.3022829 ], [ 106.4686804, 30.3030128 ], [ 106.4692999, 30.3050325 ], [ 106.4754091, 30.3048501 ], [ 106.4883333, 30.3010473 ], [ 106.4930721, 30.299337 ], [ 106.4954128, 30.2982402 ], [ 106.4953667, 30.29736 ], [ 106.4958928, 30.292949 ], [ 106.5053124, 30.2918283 ], [ 106.5072648, 30.2924747 ], [ 106.5070862, 30.2945409 ], [ 106.5069331, 30.2969644 ], [ 106.5070935, 30.2980498 ], [ 106.5089245, 30.3002478 ], [ 106.5108998, 30.301134 ], [ 106.517065, 30.3032107 ], [ 106.5173387, 30.3029863 ], [ 106.5174052, 30.3030473 ], [ 106.5178977, 30.3032832 ], [ 106.5182122, 30.3034209 ], [ 106.5184377, 30.3035126 ], [ 106.521867, 30.304828 ], [ 106.5220911, 30.3048312 ], [ 106.5224487, 30.3046798 ], [ 106.5241561, 30.3041843 ], [ 106.5274233, 30.3032361 ], [ 106.5399183, 30.2996089 ], [ 106.5412039, 30.2993063 ], [ 106.5410985, 30.300049 ], [ 106.5408766, 30.3027094 ], [ 106.5408252, 30.303634 ], [ 106.5408466, 30.3043006 ], [ 106.5410418, 30.3062694 ], [ 106.5412899, 30.3087727 ], [ 106.5414291, 30.3092473 ], [ 106.5421616, 30.3111535 ], [ 106.5424106, 30.3116268 ], [ 106.5435115, 30.3132142 ], [ 106.5441048, 30.3139407 ], [ 106.544907, 30.3146838 ], [ 106.5458751, 30.3155012 ], [ 106.5474737, 30.3166159 ], [ 106.5481828, 30.3170171 ], [ 106.5488908, 30.3173517 ], [ 106.5495764, 30.3176579 ], [ 106.5501397, 30.3178704 ], [ 106.5517177, 30.3183661 ], [ 106.5524126, 30.3185674 ], [ 106.5528865, 30.3186761 ], [ 106.5536879, 30.3186666 ], [ 106.5542143, 30.3186222 ], [ 106.5546628, 30.3185121 ], [ 106.5551538, 30.3183157 ], [ 106.557074, 30.3175403 ], [ 106.5581536, 30.3170702 ], [ 106.5587188, 30.3167015 ], [ 106.5590929, 30.3164224 ], [ 106.5593808, 30.3162078 ], [ 106.5598561, 30.3157163 ], [ 106.560677, 30.3148586 ], [ 106.5666648, 30.3095763 ], [ 106.567447, 30.3090526 ], [ 106.5679909, 30.3087317 ], [ 106.5685033, 30.3085064 ], [ 106.5688633, 30.3083592 ], [ 106.5706335, 30.3078331 ], [ 106.5726123, 30.3073045 ], [ 106.5773746, 30.3064565 ], [ 106.5782397, 30.3063127 ], [ 106.579051, 30.3062457 ], [ 106.5801269, 30.3062423 ], [ 106.5810994, 30.3063386 ], [ 106.5824506, 30.3059609 ], [ 106.5850972, 30.3018895 ], [ 106.5855011, 30.3006805 ], [ 106.5866787, 30.2971554 ], [ 106.5869603, 30.2968036 ], [ 106.5871076, 30.2967117 ], [ 106.5889514, 30.2955902 ], [ 106.5896129, 30.2951888 ], [ 106.5898742, 30.2950865 ], [ 106.5902373, 30.2950671 ], [ 106.5975738, 30.2948396 ], [ 106.6082601, 30.2959394 ], [ 106.6082585, 30.2959507 ], [ 106.6153397, 30.2889717 ], [ 106.6180548, 30.2861785 ], [ 106.6189647, 30.2849393 ], [ 106.6198958, 30.2829882 ], [ 106.6196328, 30.2806381 ], [ 106.6194475, 30.2778975 ], [ 106.6197027, 30.2757844 ], [ 106.6209143, 30.2692935 ], [ 106.6228685, 30.2681657 ], [ 106.6269143, 30.2680262 ], [ 106.6301534, 30.2698443 ], [ 106.6333551, 30.2628984 ], [ 106.6397668, 30.2519278 ], [ 106.6392317, 30.2497271 ], [ 106.6376088, 30.2495635 ], [ 106.6336648, 30.2492232 ], [ 106.6299331, 30.2489126 ], [ 106.6193122, 30.2446715 ], [ 106.6062858, 30.2370758 ], [ 106.6044797, 30.2359287 ], [ 106.6048017, 30.2355472 ], [ 106.6050027, 30.2348029 ], [ 106.6052722, 30.2334287 ], [ 106.6055392, 30.2326846 ], [ 106.6057395, 30.2321123 ], [ 106.6060678, 30.231641 ], [ 106.606536, 30.2309688 ], [ 106.6075275, 30.2305135 ], [ 106.6091127, 30.2301173 ], [ 106.6147218, 30.2299624 ], [ 106.6159757, 30.2299088 ], [ 106.6168351, 30.2295103 ], [ 106.6173659, 30.2287671 ], [ 106.6174359, 30.2277359 ], [ 106.6178363, 30.2265912 ], [ 106.6185644, 30.2260204 ], [ 106.6198193, 30.2256804 ], [ 106.6216681, 30.2253421 ], [ 106.6238224, 30.2251566 ], [ 106.6239874, 30.2250013 ], [ 106.6242971, 30.2245439 ], [ 106.6246514, 30.2239337 ], [ 106.6246546, 30.2230934 ], [ 106.6243961, 30.2217175 ], [ 106.6240062, 30.2201885 ], [ 106.624125, 30.2195624 ], [ 106.6242216, 30.2193881 ], [ 106.6254977, 30.2189362 ], [ 106.6268884, 30.2186385 ], [ 106.6271836, 30.2185753 ], [ 106.6284018, 30.2161075 ], [ 106.6283405, 30.2149041 ], [ 106.6278835, 30.2136423 ], [ 106.6271638, 30.2120932 ], [ 106.6258482, 30.2111153 ], [ 106.6249902, 30.2112274 ], [ 106.6236042, 30.2113952 ], [ 106.622485, 30.210819 ], [ 106.6216976, 30.209728 ], [ 106.6213729, 30.2084093 ], [ 106.6215776, 30.206691 ], [ 106.6237034, 30.2028584 ], [ 106.6246387, 30.2011138 ], [ 106.6252981, 30.1998837 ], [ 106.6266206, 30.1990281 ], [ 106.628738, 30.1988114 ], [ 106.6287982, 30.1988053 ], [ 106.6301134, 30.1998404 ], [ 106.6313647, 30.2003597 ], [ 106.6324207, 30.2001908 ], [ 106.6329528, 30.1990464 ], [ 106.632761, 30.1974416 ], [ 106.6326431, 30.1971631 ], [ 106.6319112, 30.1954338 ], [ 106.6304656, 30.1939972 ], [ 106.6285605, 30.1919864 ], [ 106.6284352, 30.1902671 ], [ 106.6291649, 30.1891806 ], [ 106.6319369, 30.1886729 ], [ 106.6328598, 30.1887902 ], [ 106.6358193, 30.1910332 ], [ 106.6420801, 30.1923686 ], [ 106.643074, 30.1923714 ], [ 106.6447843, 30.1923762 ], [ 106.645906, 30.1922647 ], [ 106.6463034, 30.1918074 ], [ 106.6462412, 30.1907759 ], [ 106.6452584, 30.188997 ], [ 106.6399333, 30.1843985 ], [ 106.6380944, 30.1823307 ], [ 106.637572, 30.1809541 ], [ 106.637519, 30.1799694 ], [ 106.6375103, 30.179808 ], [ 106.6377778, 30.1788347 ], [ 106.6390997, 30.1780363 ], [ 106.6411463, 30.1774118 ], [ 106.648401, 30.17726 ], [ 106.6503808, 30.1768644 ], [ 106.6505133, 30.1766929 ], [ 106.6514415, 30.1753203 ], [ 106.6519783, 30.1727434 ], [ 106.6517848, 30.1715397 ], [ 106.6509309, 30.1706206 ], [ 106.6486276, 30.1693538 ], [ 106.6471162, 30.1679173 ], [ 106.6467917, 30.166484 ], [ 106.6470601, 30.1652242 ], [ 106.6482496, 30.1644827 ], [ 106.6522722, 30.1643791 ], [ 106.6533255, 30.1648403 ], [ 106.6555539, 30.1686278 ], [ 106.659085, 30.1702999 ], [ 106.6595696, 30.1705293 ], [ 106.6608225, 30.1705326 ], [ 106.6620118, 30.1698482 ], [ 106.6626077, 30.1691623 ], [ 106.6628087, 30.1682461 ], [ 106.662681, 30.1670425 ], [ 106.6622914, 30.1653226 ], [ 106.6622958, 30.1640621 ], [ 106.6627609, 30.163032 ], [ 106.6639543, 30.1611444 ], [ 106.6639923, 30.1611035 ], [ 106.6660722, 30.1588581 ], [ 106.6671275, 30.1587463 ], [ 106.6719338, 30.160764 ], [ 106.6733822, 30.161398 ], [ 106.6735308, 30.1614055 ], [ 106.6745688, 30.1614583 ], [ 106.6755594, 30.1610025 ], [ 106.676221, 30.1603166 ], [ 106.6762914, 30.158999 ], [ 106.6762954, 30.1577958 ], [ 106.6755742, 30.1565907 ], [ 106.6729435, 30.154636 ], [ 106.6720677, 30.1540744 ], [ 106.6709699, 30.1533704 ], [ 106.6701158, 30.1525088 ], [ 106.670052, 30.1518784 ], [ 106.6701215, 30.1508472 ], [ 106.6710534, 30.1493121 ], [ 106.6687931, 30.1319805 ], [ 106.667094, 30.1263759 ], [ 106.6676198, 30.124085 ], [ 106.6683674, 30.1234469 ], [ 106.66897, 30.1233656 ], [ 106.6696284, 30.1250253 ], [ 106.6705352, 30.1254583 ], [ 106.6743346, 30.1252936 ], [ 106.6768886, 30.125681 ], [ 106.6821561, 30.1267972 ], [ 106.6849668, 30.1280783 ], [ 106.6855823, 30.1281086 ], [ 106.686691, 30.1274453 ], [ 106.6873716, 30.1274366 ], [ 106.6882318, 30.1276546 ], [ 106.6894118, 30.1284794 ], [ 106.688804, 30.1243201 ], [ 106.6864628, 30.1200132 ], [ 106.689124, 30.1192876 ], [ 106.6957748, 30.1184047 ], [ 106.697686, 30.1178913 ], [ 106.6960257, 30.1134804 ], [ 106.696021, 30.1131229 ], [ 106.6959525, 30.1079287 ], [ 106.6958464, 30.0998847 ], [ 106.6976188, 30.0973323 ], [ 106.6984153, 30.0954517 ], [ 106.6980963, 30.0930121 ], [ 106.6979691, 30.0920388 ], [ 106.6977276, 30.0912414 ], [ 106.6970722, 30.0890763 ], [ 106.6961264, 30.0873715 ], [ 106.6944601, 30.0857987 ], [ 106.6939802, 30.0845324 ], [ 106.6940318, 30.0808965 ], [ 106.6952646, 30.0766805 ], [ 106.6975602, 30.0731789 ], [ 106.6980537, 30.0724261 ], [ 106.6983732, 30.0721302 ], [ 106.6999182, 30.0706989 ], [ 106.7000242, 30.0706006 ], [ 106.7017293, 30.0708766 ], [ 106.703823, 30.0714207 ], [ 106.708867, 30.0716921 ], [ 106.7095532, 30.0716218 ], [ 106.7229366, 30.0597194 ], [ 106.7234877, 30.0589763 ], [ 106.723932, 30.0581733 ], [ 106.7237027, 30.0566861 ], [ 106.7236843, 30.0565669 ], [ 106.7236043, 30.0560484 ], [ 106.7216391, 30.0509367 ], [ 106.7193847, 30.0479461 ], [ 106.7190827, 30.046785 ], [ 106.7199551, 30.0442441 ], [ 106.7204125, 30.0431803 ], [ 106.7229418, 30.0376 ], [ 106.7241985, 30.0348272 ], [ 106.7261998, 30.0304109 ], [ 106.7272189, 30.0292324 ], [ 106.7299236, 30.0294332 ], [ 106.7351155, 30.0287294 ], [ 106.7358344, 30.0286319 ], [ 106.7376388, 30.0283872 ], [ 106.7386186, 30.0282544 ], [ 106.7433971, 30.0254623 ], [ 106.7439748, 30.0250911 ], [ 106.747285, 30.0229638 ], [ 106.7486583, 30.0220811 ], [ 106.7489034, 30.0220319 ], [ 106.7641031, 30.018978 ], [ 106.7657387, 30.0186493 ], [ 106.7678483, 30.0182253 ], [ 106.7692828, 30.0183989 ], [ 106.7826823, 30.0200205 ], [ 106.7829247, 30.0201417 ], [ 106.7882376, 30.0227998 ], [ 106.7915177, 30.0247249 ], [ 106.8038004, 30.0319322 ], [ 106.8044105, 30.0329994 ], [ 106.80645, 30.032488 ], [ 106.8136823, 30.0330211 ], [ 106.8161482, 30.0333105 ], [ 106.8217095, 30.0340488 ], [ 106.8218739, 30.0341288 ], [ 106.8247926, 30.0366998 ], [ 106.8316519, 30.0452491 ], [ 106.8337239, 30.0525396 ], [ 106.8338063, 30.0525463 ], [ 106.8348937, 30.0525058 ], [ 106.836502, 30.0524459 ], [ 106.8379715, 30.0519407 ], [ 106.838856, 30.0510567 ], [ 106.8437678, 30.0461471 ], [ 106.8459932, 30.0439225 ], [ 106.8490695, 30.0408471 ], [ 106.8496528, 30.0402639 ], [ 106.8501929, 30.0397239 ], [ 106.856057, 30.0337552 ], [ 106.8557194, 30.0325035 ], [ 106.8551276, 30.030309 ], [ 106.8551192, 30.0302775 ], [ 106.8556147, 30.0301801 ], [ 106.8561431, 30.0300762 ], [ 106.8729571, 30.0336566 ], [ 106.8742341, 30.0342464 ], [ 106.8829643, 30.0374964 ], [ 106.8876165, 30.0334206 ], [ 106.8928478, 30.0347904 ], [ 106.8980552, 30.0356097 ], [ 106.8988509, 30.0357348 ], [ 106.8990163, 30.0353776 ], [ 106.8999597, 30.0333397 ], [ 106.9015442, 30.0298716 ], [ 106.9015331, 30.0292902 ], [ 106.9019737, 30.0290283 ], [ 106.905258, 30.027615 ], [ 106.9059821, 30.0273578 ], [ 106.9074227, 30.0274955 ], [ 106.9091399, 30.0277332 ], [ 106.9099001, 30.0278384 ], [ 106.9197109, 30.0377405 ], [ 106.9200146, 30.0378493 ], [ 106.9260424, 30.0400096 ], [ 106.9262607, 30.0400877 ], [ 106.9273729, 30.0404863 ], [ 106.9288443, 30.0410135 ], [ 106.9327748, 30.0424218 ], [ 106.9403214, 30.0398963 ], [ 106.9415783, 30.0399571 ], [ 106.9435738, 30.0415312 ], [ 106.9455676, 30.044057 ], [ 106.9523674, 30.0559805 ], [ 106.9525495, 30.0562997 ], [ 106.9531715, 30.0599454 ], [ 106.9530931, 30.0600877 ], [ 106.9516163, 30.0627705 ], [ 106.9501539, 30.0641315 ], [ 106.9521788, 30.0694837 ], [ 106.953028, 30.0717281 ], [ 106.9534343, 30.0721756 ], [ 106.9535975, 30.0723553 ], [ 106.9547534, 30.0736281 ], [ 106.9561086, 30.0751204 ], [ 106.957223, 30.0763475 ], [ 106.9622342, 30.0818648 ], [ 106.9624604, 30.0820786 ], [ 106.963835, 30.0833778 ], [ 106.9647947, 30.0842849 ], [ 106.9657691, 30.0846261 ], [ 106.9750411, 30.0878731 ], [ 106.9765689, 30.0884081 ], [ 106.978517, 30.0881239 ], [ 106.9798018, 30.0879364 ], [ 106.980109, 30.0877345 ], [ 106.981352, 30.0869174 ], [ 106.9815179, 30.086694 ], [ 106.9843021, 30.0829431 ], [ 106.988185, 30.0764788 ], [ 106.9896043, 30.0739431 ], [ 106.9949041, 30.0644731 ], [ 106.9947929, 30.0611058 ], [ 106.9947494, 30.059788 ], [ 106.9957444, 30.0587507 ], [ 106.9959519, 30.0585345 ], [ 106.9981693, 30.0562229 ], [ 106.9984204, 30.0559611 ], [ 106.9990135, 30.0558383 ], [ 107.0033985, 30.0549305 ], [ 107.0076776, 30.0540444 ], [ 107.0094532, 30.0545025 ], [ 107.0099171, 30.0546222 ], [ 107.0107434, 30.0544443 ], [ 107.0123906, 30.0511986 ], [ 107.0124643, 30.0510535 ], [ 107.0142854, 30.046162 ], [ 107.0143508, 30.0447324 ], [ 107.0144828, 30.0418457 ], [ 107.0149729, 30.0404102 ], [ 107.0156417, 30.0395256 ], [ 107.0167485, 30.0387655 ], [ 107.0200443, 30.0369371 ], [ 107.025629, 30.035833 ], [ 107.0273171, 30.0354992 ], [ 107.0388228, 30.0371427 ], [ 107.0396988, 30.0373914 ], [ 107.0378326, 30.0419522 ], [ 107.0337969, 30.0452642 ], [ 107.0329825, 30.0472148 ], [ 107.0340139, 30.0512605 ], [ 107.0369192, 30.0570626 ], [ 107.0391012, 30.0580925 ], [ 107.0422799, 30.0578974 ], [ 107.0476343, 30.0551621 ], [ 107.0475452, 30.0548272 ], [ 107.0469361, 30.0525389 ], [ 107.04666, 30.0515016 ], [ 107.0465451, 30.0510698 ], [ 107.0467115, 30.0504275 ], [ 107.0476673, 30.0467379 ], [ 107.0477501, 30.046418 ], [ 107.0482291, 30.0461559 ], [ 107.0509027, 30.0446924 ], [ 107.0519362, 30.0448483 ], [ 107.0558927, 30.0454451 ], [ 107.0625824, 30.0481963 ], [ 107.0649933, 30.0496535 ], [ 107.065219, 30.0497899 ], [ 107.0673997, 30.0511078 ], [ 107.0690832, 30.0524836 ], [ 107.0714739, 30.0544372 ], [ 107.0717516, 30.0546641 ], [ 107.08048, 30.066593 ], [ 107.0806079, 30.0667678 ], [ 107.0789926, 30.0688333 ], [ 107.0777194, 30.0700694 ], [ 107.0764744, 30.071278 ], [ 107.0742236, 30.0731198 ], [ 107.0720859, 30.0742464 ], [ 107.0697057, 30.0772475 ], [ 107.0695961, 30.0777278 ], [ 107.0681998, 30.0838459 ], [ 107.0683067, 30.0850597 ], [ 107.0755892, 30.1000018 ], [ 107.0759394, 30.1007202 ], [ 107.0769098, 30.101448 ], [ 107.0776153, 30.1015243 ], [ 107.0864265, 30.0968635 ], [ 107.091587, 30.0941334 ], [ 107.0967259, 30.0965512 ], [ 107.1020013, 30.1017318 ], [ 107.1033582, 30.1030642 ], [ 107.1045875, 30.1042713 ], [ 107.1015159, 30.1127573 ], [ 107.1015347, 30.1129704 ], [ 107.1019636, 30.1178224 ], [ 107.1025743, 30.1190714 ], [ 107.1034349, 30.1195213 ], [ 107.1081908, 30.120348 ], [ 107.1086107, 30.120421 ], [ 107.1089802, 30.1202115 ], [ 107.1106533, 30.1192627 ], [ 107.1109952, 30.1190687 ], [ 107.1163009, 30.118906 ], [ 107.1267038, 30.1234909 ], [ 107.1274179, 30.1238055 ], [ 107.1283407, 30.1247843 ], [ 107.1371256, 30.136123 ], [ 107.1411407, 30.1434464 ], [ 107.1415402, 30.1478234 ], [ 107.1453291, 30.150531 ], [ 107.1613617, 30.1643867 ], [ 107.1741137, 30.175777 ], [ 107.1741439, 30.175787 ], [ 107.1745384, 30.1761562 ], [ 107.176317, 30.177821 ], [ 107.1777138, 30.1791283 ], [ 107.1827371, 30.1838295 ], [ 107.1858248, 30.1861227 ], [ 107.188347, 30.1882297 ], [ 107.1897339, 30.1893881 ], [ 107.1912743, 30.1906748 ], [ 107.1926019, 30.1917836 ], [ 107.1933243, 30.192387 ], [ 107.195058, 30.193835 ], [ 107.2013118, 30.2003404 ], [ 107.215885, 30.216297 ], [ 107.221633, 30.2235056 ], [ 107.2238328, 30.2265088 ], [ 107.2362208, 30.2422283 ], [ 107.2485093, 30.2624233 ], [ 107.2525426, 30.2693199 ], [ 107.2529676, 30.2703212 ], [ 107.2541227, 30.2730428 ], [ 107.255574, 30.2750793 ], [ 107.2560344, 30.2763071 ], [ 107.2560394, 30.2771315 ], [ 107.2558771, 30.2774144 ], [ 107.2555454, 30.2779925 ], [ 107.2555453, 30.2785468 ], [ 107.2555452, 30.2794505 ], [ 107.2546616, 30.280149 ], [ 107.2542356, 30.2804857 ], [ 107.2542626, 30.2808341 ], [ 107.2543974, 30.2825713 ], [ 107.2545977, 30.2851543 ], [ 107.2556923, 30.2859655 ], [ 107.2560542, 30.2865721 ], [ 107.2563946, 30.2871425 ], [ 107.2589952, 30.2898169 ], [ 107.2623532, 30.2949529 ], [ 107.262979, 30.298252 ], [ 107.263278, 30.2998282 ], [ 107.2654594, 30.3034782 ], [ 107.2664658, 30.3057584 ], [ 107.266753, 30.306409 ], [ 107.2669488, 30.3068528 ], [ 107.2671193, 30.3072391 ], [ 107.2679554, 30.3091333 ], [ 107.2726434, 30.3137663 ], [ 107.2738774, 30.3156207 ], [ 107.275852, 30.3213278 ], [ 107.2759842, 30.3217097 ], [ 107.2766108, 30.3235205 ], [ 107.2780346, 30.3266562 ], [ 107.2782985, 30.3296774 ], [ 107.2800643, 30.3318206 ], [ 107.2804806, 30.3323259 ], [ 107.2822535, 30.3356413 ], [ 107.2828048, 30.3372326 ], [ 107.2830107, 30.337827 ], [ 107.2858911, 30.3411439 ], [ 107.2867866, 30.3419709 ], [ 107.2895852, 30.3445553 ], [ 107.2901803, 30.3454763 ], [ 107.2908624, 30.3465321 ], [ 107.2919848, 30.3476056 ], [ 107.2928451, 30.3484284 ], [ 107.2938275, 30.3501151 ], [ 107.2959224, 30.3523275 ], [ 107.2963945, 30.3531654 ], [ 107.2976716, 30.355432 ], [ 107.301044, 30.3567706 ], [ 107.302061, 30.3571742 ], [ 107.3067717, 30.3598898 ], [ 107.3083509, 30.3609322 ], [ 107.3094786, 30.3619171 ], [ 107.3207755, 30.3721079 ], [ 107.3294407, 30.3772715 ], [ 107.3323575, 30.3808487 ], [ 107.3333956, 30.3837423 ], [ 107.3334681, 30.3851382 ], [ 107.3320321, 30.3859135 ], [ 107.3380635, 30.4006635 ], [ 107.3392718, 30.4051742 ], [ 107.3424298, 30.4172321 ], [ 107.3404026, 30.4212555 ], [ 107.3393914, 30.4233694 ], [ 107.3396755, 30.4262098 ], [ 107.3551186, 30.4625479 ], [ 107.356653, 30.4650078 ], [ 107.3669606, 30.4788607 ], [ 107.375284, 30.4867306 ], [ 107.3771219, 30.4890011 ], [ 107.384714, 30.4985912 ], [ 107.3958289, 30.5105632 ], [ 107.4003292, 30.5144659 ], [ 107.4012544, 30.5158579 ], [ 107.4013479, 30.5167612 ], [ 107.3996498, 30.5206624 ], [ 107.4000951, 30.5213713 ], [ 107.4034094, 30.5237785 ], [ 107.4042801, 30.5239167 ], [ 107.4061471, 30.5230286 ], [ 107.4087646, 30.5207793 ], [ 107.414779, 30.5189915 ], [ 107.4247902, 30.5217366 ], [ 107.4261865, 30.5224717 ], [ 107.4277205, 30.5239652 ], [ 107.4376501, 30.5357716 ], [ 107.4380026, 30.5370403 ], [ 107.4368419, 30.538615 ], [ 107.4324673, 30.5404349 ], [ 107.4284182, 30.5429273 ], [ 107.4234627, 30.550075 ], [ 107.4234342, 30.5513199 ], [ 107.423924, 30.5523804 ], [ 107.4247414, 30.552756 ], [ 107.4376522, 30.5615241 ], [ 107.4539465, 30.5742895 ], [ 107.4618419, 30.582409 ], [ 107.4621686, 30.5835753 ], [ 107.4612742, 30.5858136 ], [ 107.4610859, 30.5872981 ], [ 107.4613992, 30.588876 ], [ 107.4711425, 30.5952155 ], [ 107.4765695, 30.5978131 ], [ 107.4804036, 30.6004609 ], [ 107.4843025, 30.6068701 ], [ 107.4845587, 30.6089034 ], [ 107.4863219, 30.6137734 ], [ 107.4899292, 30.6213765 ], [ 107.4919062, 30.6224184 ], [ 107.4973264, 30.6269526 ], [ 107.5096815, 30.6436328 ], [ 107.5108789, 30.6462817 ], [ 107.5105293, 30.6475493 ], [ 107.509477, 30.6492336 ], [ 107.4913133, 30.6682112 ], [ 107.4851989, 30.6685404 ], [ 107.4814601, 30.6672437 ], [ 107.4753278, 30.6668728 ], [ 107.4716686, 30.6682153 ], [ 107.4710171, 30.668652 ], [ 107.4697084, 30.6697799 ], [ 107.4600207, 30.6811539 ], [ 107.4558843, 30.6889676 ], [ 107.4569212, 30.6976192 ], [ 107.4425014, 30.7149807 ], [ 107.4415185, 30.715922 ], [ 107.4347932, 30.7204077 ], [ 107.4316255, 30.7218672 ], [ 107.4268751, 30.7292798 ], [ 107.4200051, 30.7426414 ], [ 107.4199233, 30.744392 ], [ 107.4207304, 30.7481848 ], [ 107.4237965, 30.7480214 ], [ 107.4314878, 30.7476072 ], [ 107.4349999, 30.748349 ], [ 107.4374669, 30.7492587 ], [ 107.438664, 30.7504354 ], [ 107.4419016, 30.7542883 ], [ 107.4420536, 30.754898 ], [ 107.4415708, 30.7561789 ], [ 107.440473, 30.7566958 ], [ 107.4386194, 30.7568858 ], [ 107.435467, 30.7584486 ], [ 107.4343537, 30.759782 ], [ 107.4338064, 30.7613674 ], [ 107.4352519, 30.7636253 ], [ 107.437992, 30.7662527 ], [ 107.4399141, 30.7750704 ], [ 107.4373981, 30.7761666 ], [ 107.4374546, 30.7763483 ], [ 107.4374819, 30.7763384 ], [ 107.4379551, 30.7773092 ], [ 107.4383823, 30.7781194 ], [ 107.439944, 30.7802361 ], [ 107.4422007, 30.7807976 ], [ 107.445567, 30.7792562 ], [ 107.447112, 30.7785487 ], [ 107.4541944, 30.7753051 ], [ 107.4564623, 30.773731 ], [ 107.4580754, 30.7726112 ], [ 107.4581516, 30.7728701 ], [ 107.4591176, 30.7748342 ], [ 107.4594072, 30.7752793 ], [ 107.459845, 30.7756214 ], [ 107.460386, 30.7759215 ], [ 107.4617069, 30.776337 ], [ 107.4619567, 30.7765825 ], [ 107.4619795, 30.7770226 ], [ 107.4618343, 30.7776962 ], [ 107.4614868, 30.7788299 ], [ 107.4613311, 30.7793378 ], [ 107.4610232, 30.7799944 ], [ 107.4604232, 30.7805665 ], [ 107.4590669, 30.7819539 ], [ 107.4585505, 30.7826246 ], [ 107.4553411, 30.7868405 ], [ 107.4551895, 30.7872639 ], [ 107.4551873, 30.7876344 ], [ 107.4554077, 30.7880908 ], [ 107.4558331, 30.7884031 ], [ 107.4564296, 30.7886021 ], [ 107.4569044, 30.7885731 ], [ 107.457399, 30.7884135 ], [ 107.4585774, 30.7877804 ], [ 107.4597006, 30.7872585 ], [ 107.4605652, 30.7870518 ], [ 107.4616084, 30.787032 ], [ 107.4631872, 30.787236 ], [ 107.4671469, 30.7877477 ], [ 107.468195, 30.7879179 ], [ 107.4686895, 30.7882089 ], [ 107.4722823, 30.7940076 ], [ 107.4724383, 30.7946654 ], [ 107.472438, 30.795106 ], [ 107.4722709, 30.7962806 ], [ 107.4720849, 30.7985976 ], [ 107.4719192, 30.8006627 ], [ 107.4720211, 30.8010212 ], [ 107.4723066, 30.8012961 ], [ 107.4736548, 30.8023116 ], [ 107.4742538, 30.8026005 ], [ 107.4810635, 30.8053538 ], [ 107.4882993, 30.8097705 ], [ 107.4943663, 30.8120267 ], [ 107.4946835, 30.8126314 ], [ 107.4947333, 30.8132111 ], [ 107.494451, 30.8139574 ], [ 107.4940488, 30.8145559 ], [ 107.4934782, 30.8149173 ], [ 107.4914497, 30.8158775 ], [ 107.4885544, 30.8169644 ], [ 107.487859, 30.8174383 ], [ 107.4876936, 30.8177719 ], [ 107.4865187, 30.8206926 ], [ 107.4865415, 30.8206994 ], [ 107.4862063, 30.8215511 ], [ 107.4861768, 30.8215423 ], [ 107.4852297, 30.8238966 ], [ 107.4848627, 30.8249649 ], [ 107.4847478, 30.8259083 ], [ 107.4847561, 30.8266791 ], [ 107.4849798, 30.827706 ], [ 107.485497, 30.8288675 ], [ 107.4858633, 30.8293607 ], [ 107.4862513, 30.8298742 ], [ 107.4869314, 30.830502 ], [ 107.4874587, 30.8307021 ], [ 107.4880099, 30.8309318 ], [ 107.4881553, 30.8311693 ], [ 107.4881846, 30.8314091 ], [ 107.4880719, 30.832883 ], [ 107.4880056, 30.8334168 ], [ 107.4878362, 30.8346873 ], [ 107.4876652, 30.8357317 ], [ 107.4874855, 30.8360768 ], [ 107.4871074, 30.8364013 ], [ 107.4864285, 30.8367559 ], [ 107.4857078, 30.8369568 ], [ 107.484907, 30.8369722 ], [ 107.4840513, 30.8366877 ], [ 107.4831529, 30.8362088 ], [ 107.4826276, 30.8359423 ], [ 107.4821293, 30.8359925 ], [ 107.4813027, 30.836472 ], [ 107.4808639, 30.83673 ], [ 107.4809711, 30.8368657 ], [ 107.4798645, 30.8402491 ], [ 107.4843649, 30.8431081 ], [ 107.4990361, 30.8495016 ], [ 107.5038034, 30.8505466 ], [ 107.5077528, 30.8532749 ], [ 107.5124148, 30.8582349 ], [ 107.5164719, 30.8509674 ], [ 107.5184642, 30.8474561 ], [ 107.5185317, 30.8472594 ], [ 107.532259, 30.8507622 ], [ 107.5426685, 30.8508542 ], [ 107.5434437, 30.8506301 ], [ 107.5495229, 30.848873 ], [ 107.5497948, 30.8487761 ], [ 107.5501304, 30.8487264 ], [ 107.5504738, 30.8487358 ], [ 107.5514652, 30.8489478 ], [ 107.5532671, 30.8493752 ], [ 107.5534641, 30.8495112 ], [ 107.5539245, 30.8504011 ], [ 107.5547632, 30.8516765 ], [ 107.5552542, 30.8523127 ], [ 107.5554905, 30.852518 ], [ 107.5557173, 30.8525997 ], [ 107.5561421, 30.8526182 ], [ 107.568863, 30.8496847 ], [ 107.574341, 30.8465887 ], [ 107.5827263, 30.8423662 ], [ 107.5874711, 30.8410732 ], [ 107.5896269, 30.8398171 ], [ 107.5931559, 30.8374068 ], [ 107.5934501, 30.8377275 ], [ 107.5964724, 30.8395315 ], [ 107.6010477, 30.8429277 ], [ 107.6057357, 30.8449277 ], [ 107.6066425, 30.8448409 ], [ 107.6089623, 30.8418469 ], [ 107.6112226, 30.8379629 ], [ 107.6121072, 30.8334632 ], [ 107.6145723, 30.8275426 ], [ 107.6241891, 30.820338 ], [ 107.6313292, 30.8153214 ], [ 107.6332752, 30.8145119 ], [ 107.6377942, 30.814389 ], [ 107.6387207, 30.8146799 ], [ 107.6387482, 30.8152469 ], [ 107.6359352, 30.8187463 ], [ 107.6357833, 30.819575 ], [ 107.6418388, 30.8263747 ], [ 107.643492, 30.8279644 ], [ 107.6444046, 30.8282414 ], [ 107.646447, 30.8281379 ], [ 107.6642673, 30.8479012 ], [ 107.6678965, 30.8523338 ], [ 107.6750282, 30.862094 ], [ 107.6817109, 30.8711501 ], [ 107.6827771, 30.871951 ], [ 107.6871704, 30.8751254 ], [ 107.6883566, 30.8757311 ], [ 107.693405, 30.8760941 ], [ 107.6965218, 30.8740519 ], [ 107.6997708, 30.8733407 ], [ 107.7087483, 30.884841 ], [ 107.7092108, 30.8858492 ], [ 107.7117141, 30.8921815 ], [ 107.7126636, 30.8923293 ], [ 107.7141755, 30.8920601 ], [ 107.7328698, 30.8870843 ], [ 107.7378613, 30.8851055 ], [ 107.738, 30.8849023 ], [ 107.7442201, 30.8757964 ], [ 107.7446209, 30.8752096 ], [ 107.7453222, 30.8741827 ], [ 107.7455843, 30.873799 ], [ 107.7504052, 30.8651975 ], [ 107.7504453, 30.8647701 ], [ 107.7528499, 30.8649432 ], [ 107.7498572, 30.8563732 ], [ 107.7494021, 30.8555717 ], [ 107.7485883, 30.8535658 ], [ 107.7483763, 30.8529549 ], [ 107.7476352, 30.8493251 ], [ 107.7476816, 30.8486807 ], [ 107.7478296, 30.8481835 ], [ 107.750687, 30.8460715 ], [ 107.7510446, 30.8455749 ], [ 107.7512662, 30.8452672 ], [ 107.7516424, 30.8447448 ], [ 107.7526052, 30.8434079 ], [ 107.7529535, 30.8428123 ], [ 107.7529826, 30.8425849 ], [ 107.7528814, 30.8423141 ], [ 107.7522455, 30.8395171 ], [ 107.7518139, 30.8376184 ], [ 107.7517423, 30.8371497 ], [ 107.7510316, 30.8324998 ], [ 107.7540063, 30.8299816 ], [ 107.7578962, 30.8233723 ], [ 107.7579631, 30.8230244 ], [ 107.7589031, 30.819663 ], [ 107.7631999, 30.8178019 ], [ 107.7634013, 30.817727 ], [ 107.7651339, 30.8174983 ], [ 107.7653494, 30.817498 ], [ 107.7657789, 30.8175752 ], [ 107.7667657, 30.8177898 ], [ 107.7672689, 30.8178992 ], [ 107.7685343, 30.818214 ], [ 107.7713255, 30.8172947 ], [ 107.7714609, 30.8172501 ], [ 107.7715379, 30.8174236 ], [ 107.7743336, 30.8191315 ], [ 107.7747801, 30.820228 ], [ 107.7790632, 30.8216784 ], [ 107.7793994, 30.8216489 ], [ 107.7825542, 30.8213719 ], [ 107.783204, 30.8213149 ], [ 107.7836153, 30.8211339 ], [ 107.7917243, 30.8175648 ], [ 107.7965847, 30.813984 ], [ 107.7984194, 30.8126323 ], [ 107.8003124, 30.8112376 ], [ 107.8063838, 30.8077821 ], [ 107.8067939, 30.8075486 ], [ 107.8077201, 30.8070214 ], [ 107.8119749, 30.8045995 ], [ 107.812273, 30.8045821 ], [ 107.8125489, 30.8045661 ], [ 107.8130255, 30.8045384 ], [ 107.8159805, 30.8043668 ], [ 107.8187784, 30.8038506 ], [ 107.8205341, 30.8032315 ], [ 107.8290315, 30.8002346 ], [ 107.8292062, 30.8001412 ], [ 107.834224, 30.7974587 ], [ 107.8362176, 30.7959893 ], [ 107.8363789, 30.7958704 ], [ 107.8366251, 30.7956889 ], [ 107.8381361, 30.7954448 ], [ 107.8432109, 30.794625 ], [ 107.8444604, 30.7947883 ], [ 107.8452041, 30.7948856 ], [ 107.845927, 30.7952519 ], [ 107.8473855, 30.795991 ], [ 107.8488713, 30.7968389 ], [ 107.8498764, 30.7974125 ], [ 107.8542737, 30.7999217 ], [ 107.8544829, 30.800041 ], [ 107.8551991, 30.801141 ], [ 107.8567951, 30.8035922 ], [ 107.8580785, 30.8055685 ], [ 107.860202, 30.8071152 ], [ 107.8622102, 30.8085779 ], [ 107.8631242, 30.8092436 ], [ 107.8642109, 30.810035 ], [ 107.8664674, 30.8116784 ], [ 107.8665751, 30.8117569 ], [ 107.8686152, 30.8118634 ], [ 107.8690377, 30.8118854 ], [ 107.8712118, 30.8130095 ], [ 107.8773183, 30.8180242 ], [ 107.8801815, 30.8212734 ], [ 107.8833594, 30.8249644 ], [ 107.886085, 30.8291823 ], [ 107.8872891, 30.8325518 ], [ 107.8871236, 30.8334611 ], [ 107.8895026, 30.8356159 ], [ 107.8953808, 30.8401102 ], [ 107.9004859, 30.8435264 ], [ 107.9124845, 30.8517065 ], [ 107.9218917, 30.8592176 ], [ 107.9277107, 30.862933 ], [ 107.931916, 30.8632892 ], [ 107.9384471, 30.8668453 ], [ 107.9431889, 30.8697082 ], [ 107.9484038, 30.8730226 ], [ 107.9500799, 30.8746962 ], [ 107.9517791, 30.8779921 ], [ 107.9509603, 30.8809477 ], [ 107.9513468, 30.884112 ], [ 107.9522437, 30.8853884 ], [ 107.9655162, 30.8936903 ], [ 107.9788089, 30.9012371 ], [ 107.9842953, 30.90322 ], [ 107.9853464, 30.9033034 ], [ 107.9899128, 30.9075671 ], [ 107.9908847, 30.9111514 ], [ 107.9904437, 30.9114733 ], [ 107.9769776, 30.9148087 ], [ 107.958767, 30.918509 ], [ 107.9489312, 30.919563 ], [ 107.9449992, 30.9193616 ], [ 107.942713, 30.9213274 ], [ 107.9328719, 30.9303479 ], [ 107.9310157, 30.9333499 ], [ 107.933299, 30.9426947 ], [ 107.9353608, 30.9509035 ], [ 107.9354335, 30.9524626 ], [ 107.9353952, 30.9537178 ], [ 107.9349612, 30.9574353 ], [ 107.9333581, 30.9585158 ], [ 107.9329889, 30.9591054 ], [ 107.9327838, 30.9630172 ], [ 107.9331524, 30.9705756 ], [ 107.9369431, 30.9891102 ], [ 107.938293, 30.9911676 ], [ 107.9393932, 30.9920036 ], [ 107.9424919, 30.9903831 ], [ 107.9464697, 30.9885056 ], [ 107.9485088, 30.987781 ], [ 107.9664869, 30.9841508 ], [ 107.9685235, 30.9841578 ], [ 107.9768215, 30.9842466 ], [ 107.97874, 30.9852787 ], [ 107.9814991, 30.9890439 ], [ 107.9929294, 31.0094749 ], [ 107.9964712, 31.0177178 ], [ 107.9970728, 31.0193859 ], [ 107.9966872, 31.0200619 ], [ 107.9976097, 31.0223418 ], [ 107.9992491, 31.0261901 ], [ 108.0, 31.02691 ], [ 108.0038876, 31.0263732 ], [ 108.0054277, 31.0262245 ], [ 108.0061146, 31.0262404 ], [ 108.0085965, 31.026521 ], [ 108.0091462, 31.0266413 ], [ 108.0099956, 31.026884 ], [ 108.0104525, 31.0271175 ], [ 108.0179013, 31.0310108 ], [ 108.0182785, 31.0312271 ], [ 108.0184596, 31.0314312 ], [ 108.0185334, 31.0316404 ], [ 108.0185998, 31.0320879 ], [ 108.0188054, 31.0332227 ], [ 108.0189307, 31.0337868 ], [ 108.0190404, 31.0339892 ], [ 108.0192464, 31.0342554 ], [ 108.019551, 31.0345084 ], [ 108.0199272, 31.0347554 ], [ 108.0203217, 31.0349875 ], [ 108.0209386, 31.0352477 ], [ 108.0318901, 31.0396594 ], [ 108.035733, 31.0409778 ], [ 108.0409285, 31.0424502 ], [ 108.0442063, 31.0424178 ], [ 108.0452005, 31.0423175 ], [ 108.046976, 31.0420738 ], [ 108.0473878, 31.0420371 ], [ 108.0477616, 31.0420764 ], [ 108.0480978, 31.0421763 ], [ 108.0484598, 31.0423076 ], [ 108.0487148, 31.0424365 ], [ 108.0489666, 31.0426652 ], [ 108.0491715, 31.0429697 ], [ 108.0547788, 31.0522387 ], [ 108.0549551, 31.052604 ], [ 108.0551857, 31.053232 ], [ 108.0552946, 31.0537573 ], [ 108.0553356, 31.0541657 ], [ 108.0552697, 31.0545639 ], [ 108.0551609, 31.0549074 ], [ 108.0549821, 31.0552031 ], [ 108.0546288, 31.0556563 ], [ 108.0543429, 31.0559496 ], [ 108.053962, 31.0561408 ], [ 108.0531966, 31.0563462 ], [ 108.0521073, 31.0566288 ], [ 108.0514389, 31.0568749 ], [ 108.0506709, 31.0571649 ], [ 108.0453848, 31.0600344 ], [ 108.0450571, 31.0602344 ], [ 108.0447261, 31.060542 ], [ 108.0443915, 31.0609648 ], [ 108.0439168, 31.0618765 ], [ 108.0437102, 31.0622023 ], [ 108.0430761, 31.0630719 ], [ 108.0426809, 31.0634318 ], [ 108.0422958, 31.0637535 ], [ 108.041808, 31.0639345 ], [ 108.0410697, 31.0641252 ], [ 108.0403604, 31.0642473 ], [ 108.0398071, 31.0642346 ], [ 108.0374255, 31.0641414 ], [ 108.0297734, 31.0643804 ], [ 108.0228128, 31.064781 ], [ 108.0222128, 31.0648363 ], [ 108.0219694, 31.0649076 ], [ 108.021543, 31.0651206 ], [ 108.0210976, 31.0653717 ], [ 108.0207689, 31.0656025 ], [ 108.0205113, 31.0658425 ], [ 108.0201406, 31.0662395 ], [ 108.0199568, 31.0664879 ], [ 108.0199208, 31.0665551 ], [ 108.0197025, 31.0672324 ], [ 108.0194849, 31.0679751 ], [ 108.0194637, 31.06807 ], [ 108.0194499, 31.0682046 ], [ 108.0194545, 31.0683186 ], [ 108.0194777, 31.0683885 ], [ 108.0195221, 31.0684482 ], [ 108.0196624, 31.0685573 ], [ 108.0198718, 31.0686769 ], [ 108.019941, 31.0687156 ], [ 108.0203655, 31.0689527 ], [ 108.0209879, 31.0693012 ], [ 108.0215501, 31.0696418 ], [ 108.0217534, 31.0697718 ], [ 108.0218458, 31.0698497 ], [ 108.0218783, 31.0699016 ], [ 108.023021, 31.0724273 ], [ 108.0231288, 31.0726912 ], [ 108.0231931, 31.0732078 ], [ 108.0231616, 31.0736452 ], [ 108.0230162, 31.0740109 ], [ 108.0227524, 31.0744507 ], [ 108.0223582, 31.0750643 ], [ 108.0212882, 31.0770076 ], [ 108.0200657, 31.0798314 ], [ 108.0199296, 31.0810429 ], [ 108.0205562, 31.0855777 ], [ 108.0199397, 31.091014 ], [ 108.0197369, 31.0915013 ], [ 108.0181079, 31.095197 ], [ 108.0178621, 31.0954632 ], [ 108.0175524, 31.0956559 ], [ 108.0170216, 31.0957743 ], [ 108.0160908, 31.0958296 ], [ 108.0148012, 31.0959304 ], [ 108.0141372, 31.0960227 ], [ 108.013722, 31.0961591 ], [ 108.0131574, 31.0964997 ], [ 108.011436, 31.0975514 ], [ 108.0109617, 31.0978632 ], [ 108.010704, 31.0981032 ], [ 108.0082187, 31.1025313 ], [ 108.0050389, 31.1109367 ], [ 108.0049966, 31.1112144 ], [ 108.0049948, 31.1116276 ], [ 108.0050916, 31.1121007 ], [ 108.0052334, 31.1125653 ], [ 108.0055019, 31.1132634 ], [ 108.0063534, 31.1149552 ], [ 108.0068297, 31.1157927 ], [ 108.0071075, 31.1161932 ], [ 108.0073902, 31.11644 ], [ 108.0079051, 31.1167594 ], [ 108.0084653, 31.1170608 ], [ 108.0091081, 31.1172198 ], [ 108.0094324, 31.1172082 ], [ 108.0098058, 31.1170535 ], [ 108.0103892, 31.1166154 ], [ 108.0114284, 31.1158899 ], [ 108.0120209, 31.1155193 ], [ 108.0124724, 31.1153664 ], [ 108.0129433, 31.1153101 ], [ 108.0133565, 31.1153101 ], [ 108.0139122, 31.1153998 ], [ 108.014765, 31.115631 ], [ 108.0165363, 31.1161333 ], [ 108.0170667, 31.1163186 ], [ 108.0215674, 31.1184792 ], [ 108.0219521, 31.1186803 ], [ 108.0223238, 31.1189387 ], [ 108.0225516, 31.1191554 ], [ 108.0226771, 31.1194274 ], [ 108.02276, 31.1207074 ], [ 108.0227975, 31.12165 ], [ 108.0228511, 31.1227948 ], [ 108.022952, 31.1234986 ], [ 108.0230444, 31.1241158 ], [ 108.0231984, 31.1245517 ], [ 108.0301841, 31.1398193 ], [ 108.0306103, 31.1404826 ], [ 108.0310431, 31.1409346 ], [ 108.0352142, 31.1447593 ], [ 108.0359437, 31.1453718 ], [ 108.037406, 31.1464914 ], [ 108.0381201, 31.1468826 ], [ 108.038759, 31.147176 ], [ 108.0392367, 31.1472639 ], [ 108.0396495, 31.147283 ], [ 108.0404382, 31.1470705 ], [ 108.0411135, 31.146913 ], [ 108.041864, 31.1468534 ], [ 108.0491587, 31.1476167 ], [ 108.0516358, 31.1480867 ], [ 108.0520133, 31.1481626 ], [ 108.0525306, 31.1484147 ], [ 108.0529554, 31.1487704 ], [ 108.053427, 31.1494155 ], [ 108.0537218, 31.1499988 ], [ 108.0537323, 31.1503834 ], [ 108.0535837, 31.1508509 ], [ 108.0518424, 31.1554813 ], [ 108.0503258, 31.1579066 ], [ 108.0500121, 31.1582934 ], [ 108.0499053, 31.1584927 ], [ 108.0499069, 31.1588003 ], [ 108.0500785, 31.1590348 ], [ 108.0576191, 31.1656648 ], [ 108.0600589, 31.1677133 ], [ 108.0606599, 31.1681852 ], [ 108.0627901, 31.1700114 ], [ 108.0672745, 31.1738584 ], [ 108.0674852, 31.1741793 ], [ 108.067524, 31.1744092 ], [ 108.0674041, 31.1747225 ], [ 108.0672349, 31.174845 ], [ 108.0669404, 31.174862 ], [ 108.0665666, 31.1747666 ], [ 108.0661382, 31.1746541 ], [ 108.0658548, 31.1746082 ], [ 108.0652215, 31.1745858 ], [ 108.0647979, 31.1746156 ], [ 108.0644835, 31.1746796 ], [ 108.0641851, 31.1748229 ], [ 108.063789, 31.1751535 ], [ 108.063339, 31.1758683 ], [ 108.0631739, 31.1761503 ], [ 108.0636404, 31.1773566 ], [ 108.0637343, 31.1775293 ], [ 108.0640411, 31.1779879 ], [ 108.0645902, 31.1787281 ], [ 108.0650181, 31.1792346 ], [ 108.0729619, 31.1884848 ], [ 108.0733661, 31.1887863 ], [ 108.0736099, 31.1889261 ], [ 108.0739572, 31.1889893 ], [ 108.0745171, 31.18901 ], [ 108.0752709, 31.1890034 ], [ 108.0878624, 31.192863 ], [ 108.0880851, 31.1932567 ], [ 108.0881971, 31.1959232 ], [ 108.08525, 31.2035235 ], [ 108.0845441, 31.208496 ], [ 108.0825696, 31.2098442 ], [ 108.0809309, 31.2121915 ], [ 108.0793433, 31.2164689 ], [ 108.0790432, 31.2167441 ], [ 108.0776719, 31.2178307 ], [ 108.0771135, 31.2182652 ], [ 108.076355, 31.2187589 ], [ 108.0757634, 31.2190648 ], [ 108.0750105, 31.2193777 ], [ 108.0743107, 31.2195747 ], [ 108.0734363, 31.2198103 ], [ 108.0704808, 31.2204456 ], [ 108.0699716, 31.2204872 ], [ 108.0694142, 31.2204851 ], [ 108.0690074, 31.2204226 ], [ 108.0686002, 31.2203708 ], [ 108.0682168, 31.2203514 ], [ 108.0676949, 31.2204033 ], [ 108.0651202, 31.2206643 ], [ 108.0649034, 31.2208578 ], [ 108.06384, 31.2218639 ], [ 108.0645988, 31.224309 ], [ 108.0646845, 31.224562 ], [ 108.0648756, 31.2248074 ], [ 108.0651754, 31.2249347 ], [ 108.0660143, 31.2250141 ], [ 108.0664323, 31.225104 ], [ 108.0668846, 31.2252148 ], [ 108.0672978, 31.2254551 ], [ 108.0738833, 31.2297928 ], [ 108.0740299, 31.2299668 ], [ 108.0741945, 31.230312 ], [ 108.0741628, 31.2305825 ], [ 108.0740118, 31.2309305 ], [ 108.0720891, 31.2339931 ], [ 108.0719069, 31.2339533 ], [ 108.0675761, 31.2329392 ], [ 108.0642605, 31.2317511 ], [ 108.0635045, 31.2314167 ], [ 108.0575562, 31.2287152 ], [ 108.0548141, 31.228042 ], [ 108.0505925, 31.2273975 ], [ 108.0450634, 31.2256348 ], [ 108.0405687, 31.2238524 ], [ 108.0318991, 31.2205546 ], [ 108.0311379, 31.2203095 ], [ 108.0301769, 31.2200057 ], [ 108.0296261, 31.2198847 ], [ 108.029125, 31.2197864 ], [ 108.0286216, 31.219764 ], [ 108.0279418, 31.2197374 ], [ 108.0270959, 31.2197828 ], [ 108.0265639, 31.219868 ], [ 108.0261302, 31.2200313 ], [ 108.0257541, 31.2203692 ], [ 108.0253225, 31.2208683 ], [ 108.0250448, 31.2212843 ], [ 108.0248563, 31.2216699 ], [ 108.0235097, 31.2264263 ], [ 108.0234695, 31.226902 ], [ 108.0235061, 31.2277477 ], [ 108.0237268, 31.2291501 ], [ 108.0239117, 31.2300859 ], [ 108.0241851, 31.2310129 ], [ 108.0243336, 31.2315038 ], [ 108.0247109, 31.2323357 ], [ 108.0249642, 31.232699 ], [ 108.0253826, 31.2330229 ], [ 108.0259972, 31.2335245 ], [ 108.0265484, 31.2340356 ], [ 108.026922, 31.2345858 ], [ 108.0271001, 31.2349365 ], [ 108.0271294, 31.235208 ], [ 108.0270511, 31.2356936 ], [ 108.0268255, 31.2364574 ], [ 108.0251239, 31.2408699 ], [ 108.0246858, 31.2415746 ], [ 108.024107, 31.2423411 ], [ 108.0233722, 31.2426925 ], [ 108.0223126, 31.243147 ], [ 108.0198245, 31.2438232 ], [ 108.0150679, 31.245583 ], [ 108.0150207, 31.2458533 ], [ 108.0152857, 31.2463277 ], [ 108.0158997, 31.2467541 ], [ 108.0161376, 31.2468815 ], [ 108.0276272, 31.2523011 ], [ 108.0432017, 31.2570475 ], [ 108.0436175, 31.2570571 ], [ 108.044098, 31.257014 ], [ 108.0464124, 31.2563848 ], [ 108.0476375, 31.2559147 ], [ 108.0480186, 31.255826 ], [ 108.0484612, 31.255782 ], [ 108.0489898, 31.2558158 ], [ 108.0497686, 31.2559095 ], [ 108.0509602, 31.2561102 ], [ 108.051562, 31.2562215 ], [ 108.0524611, 31.2565021 ], [ 108.056044, 31.2576567 ], [ 108.0564057, 31.2577841 ], [ 108.0567017, 31.2579967 ], [ 108.0572761, 31.2585839 ], [ 108.0578849, 31.2592803 ], [ 108.0583811, 31.2599524 ], [ 108.0594615, 31.2612986 ], [ 108.0598503, 31.2617733 ], [ 108.0603147, 31.2622497 ], [ 108.0617445, 31.2633114 ], [ 108.0624596, 31.2638369 ], [ 108.063242, 31.2642231 ], [ 108.0639062, 31.2643575 ], [ 108.0697413, 31.2640575 ], [ 108.0720813, 31.2634176 ], [ 108.0769314, 31.2635714 ], [ 108.0839287, 31.2664819 ], [ 108.0843893, 31.2666764 ], [ 108.0848986, 31.2669263 ], [ 108.0853831, 31.2671648 ], [ 108.0886703, 31.26894 ], [ 108.0890905, 31.2692203 ], [ 108.0899424, 31.2698137 ], [ 108.0906329, 31.2703276 ], [ 108.0910364, 31.2707375 ], [ 108.0911916, 31.2710227 ], [ 108.09123, 31.2714135 ], [ 108.0911945, 31.2717485 ], [ 108.0910641, 31.272298 ], [ 108.0907192, 31.2728534 ], [ 108.0902714, 31.2734715 ], [ 108.0898362, 31.2740899 ], [ 108.0894763, 31.2747209 ], [ 108.0891022, 31.2754056 ], [ 108.0890166, 31.2757286 ], [ 108.0890192, 31.2760536 ], [ 108.0891001, 31.2762938 ], [ 108.0896821, 31.2766428 ], [ 108.0901932, 31.2768385 ], [ 108.0970485, 31.2807199 ], [ 108.0973009, 31.2811264 ], [ 108.0992217, 31.2838886 ], [ 108.0995553, 31.2841128 ], [ 108.1052533, 31.2875127 ], [ 108.1141734, 31.2915698 ], [ 108.1241047, 31.2969552 ], [ 108.1305345, 31.3002774 ], [ 108.1319769, 31.3009704 ], [ 108.1335231, 31.3015682 ], [ 108.134174, 31.3017344 ], [ 108.135029, 31.3018293 ], [ 108.135809, 31.3019009 ], [ 108.1367399, 31.3019867 ], [ 108.1372671, 31.3020742 ], [ 108.1377303, 31.3021929 ], [ 108.1382675, 31.3023673 ], [ 108.1386136, 31.3026025 ], [ 108.1425794, 31.3053773 ], [ 108.1432216, 31.3058357 ], [ 108.1511392, 31.311872 ], [ 108.1567603, 31.3154305 ], [ 108.1571769, 31.3158405 ], [ 108.1572829, 31.316092 ], [ 108.1573989, 31.3164304 ], [ 108.1575243, 31.3168772 ], [ 108.1574928, 31.3175048 ], [ 108.157416, 31.3183805 ], [ 108.1573241, 31.3189201 ], [ 108.1573608, 31.3193759 ], [ 108.1575011, 31.3197473 ], [ 108.1604435, 31.3226071 ], [ 108.1607755, 31.3228961 ], [ 108.1611211, 31.3231529 ], [ 108.1615469, 31.3232598 ], [ 108.1649124, 31.3238001 ], [ 108.169702, 31.3248266 ], [ 108.1760967, 31.326614 ], [ 108.1765801, 31.3269063 ], [ 108.1768983, 31.3272383 ], [ 108.1771625, 31.3276882 ], [ 108.1813337, 31.33776 ], [ 108.1822604, 31.3414253 ], [ 108.1822753, 31.3415779 ], [ 108.1822878, 31.3417162 ], [ 108.1821225, 31.3418649 ], [ 108.1794246, 31.3432596 ], [ 108.1764277, 31.3442229 ], [ 108.1764076, 31.3518946 ], [ 108.1764302, 31.3521153 ], [ 108.1764048, 31.3522218 ], [ 108.1759404, 31.3537953 ], [ 108.1758137, 31.3540911 ], [ 108.1756786, 31.3542964 ], [ 108.1745689, 31.3555177 ], [ 108.1740836, 31.3559806 ], [ 108.1735703, 31.3564524 ], [ 108.1732702, 31.3566599 ], [ 108.1680749, 31.3590018 ], [ 108.1656535, 31.3597662 ], [ 108.1640418, 31.3598258 ], [ 108.1591342, 31.3611093 ], [ 108.1546178, 31.3627092 ], [ 108.1543203, 31.3629421 ], [ 108.1541243, 31.363244 ], [ 108.1540462, 31.3635777 ], [ 108.1541062, 31.3641199 ], [ 108.1542553, 31.365099 ], [ 108.154515, 31.3660673 ], [ 108.1547093, 31.3670746 ], [ 108.1547659, 31.3676803 ], [ 108.1547055, 31.3679359 ], [ 108.1542168, 31.3687818 ], [ 108.1535415, 31.3698377 ], [ 108.1529232, 31.3705664 ], [ 108.1515822, 31.3719906 ], [ 108.151099, 31.3724701 ], [ 108.1502947, 31.3731137 ], [ 108.1499141, 31.3736741 ], [ 108.1495685, 31.3746563 ], [ 108.1494603, 31.3751646 ], [ 108.1494623, 31.375325 ], [ 108.1494694, 31.3753893 ], [ 108.1495883, 31.3755354 ], [ 108.1560444, 31.380747 ], [ 108.1564334, 31.3810008 ], [ 108.156873, 31.3812318 ], [ 108.1574822, 31.381441 ], [ 108.1579873, 31.3815326 ], [ 108.1603706, 31.3818829 ], [ 108.1618435, 31.3818822 ], [ 108.1620133, 31.3818622 ], [ 108.1621168, 31.3818335 ], [ 108.1621997, 31.3817521 ], [ 108.1624965, 31.3811982 ], [ 108.16266, 31.3807426 ], [ 108.1629014, 31.3802791 ], [ 108.163, 31.3801535 ], [ 108.1630576, 31.3801124 ], [ 108.1632291, 31.3800341 ], [ 108.1634206, 31.3799848 ], [ 108.1636918, 31.3800063 ], [ 108.1641478, 31.380108 ], [ 108.1647342, 31.3803482 ], [ 108.1663031, 31.3810314 ], [ 108.1691549, 31.3829613 ], [ 108.169363, 31.3831444 ], [ 108.1711289, 31.3849372 ], [ 108.1712136, 31.3850248 ], [ 108.1724993, 31.3881106 ], [ 108.1729315, 31.3900398 ], [ 108.17278, 31.39019 ], [ 108.1724258, 31.3907616 ], [ 108.1723516, 31.3909206 ], [ 108.1723511, 31.3910313 ], [ 108.1723686, 31.3911887 ], [ 108.1724993, 31.3914558 ], [ 108.1726612, 31.3916997 ], [ 108.173605, 31.3926019 ], [ 108.1744996, 31.3933013 ], [ 108.1750011, 31.3936907 ], [ 108.1771945, 31.3950218 ], [ 108.1774981, 31.3951689 ], [ 108.1876552, 31.3972865 ], [ 108.1890582, 31.3974993 ], [ 108.1893481, 31.3974997 ], [ 108.1917661, 31.3974028 ], [ 108.1922314, 31.3973369 ], [ 108.1928671, 31.3971366 ], [ 108.1937725, 31.3968233 ], [ 108.1948054, 31.3964223 ], [ 108.1953387, 31.3962151 ], [ 108.1957302, 31.3962046 ], [ 108.1962851, 31.3962977 ], [ 108.1972268, 31.3967228 ], [ 108.2030144, 31.4002619 ], [ 108.203188, 31.4003965 ], [ 108.2070669, 31.4052549 ], [ 108.2073281, 31.4056176 ], [ 108.211849, 31.4140166 ], [ 108.2128433, 31.4286141 ], [ 108.212869, 31.4294333 ], [ 108.2128423, 31.4298658 ], [ 108.2127513, 31.4302232 ], [ 108.2124914, 31.430565 ], [ 108.2120085, 31.4310328 ], [ 108.2083373, 31.4346604 ], [ 108.2059037, 31.4413289 ], [ 108.2058975, 31.4414453 ], [ 108.2059789, 31.4416482 ], [ 108.2061951, 31.4419397 ], [ 108.2064967, 31.4421569 ], [ 108.2127284, 31.4464584 ], [ 108.2188177, 31.4493005 ], [ 108.2189057, 31.4493034 ], [ 108.2189757, 31.449338 ], [ 108.21952, 31.4502039 ], [ 108.2197347, 31.4508646 ], [ 108.2210395, 31.4549028 ], [ 108.2213414, 31.455866 ], [ 108.2216192, 31.4568929 ], [ 108.2216639, 31.4573532 ], [ 108.2217328, 31.4602818 ], [ 108.2205795, 31.4666398 ], [ 108.2203837, 31.4674647 ], [ 108.2196634, 31.4687022 ], [ 108.219335, 31.4691593 ], [ 108.219062, 31.4692829 ], [ 108.2084062, 31.470967 ], [ 108.2078621, 31.4709623 ], [ 108.2073211, 31.4708553 ], [ 108.2072743, 31.4707472 ], [ 108.2058761, 31.4688258 ], [ 108.2024214, 31.4660933 ], [ 108.2021845, 31.4660019 ], [ 108.2017244, 31.4659355 ], [ 108.2013718, 31.4659337 ], [ 108.1975043, 31.4663084 ], [ 108.1970569, 31.4664078 ], [ 108.1967154, 31.4665207 ], [ 108.1920385, 31.4699949 ], [ 108.1897891, 31.4734936 ], [ 108.1899771, 31.4738 ], [ 108.1900568, 31.4741039 ], [ 108.1903293, 31.4756367 ], [ 108.1903891, 31.4762696 ], [ 108.1903728, 31.4765358 ], [ 108.1898459, 31.4792062 ], [ 108.1876757, 31.4821331 ], [ 108.1874442, 31.4823541 ], [ 108.187273, 31.482461 ], [ 108.1867154, 31.4826456 ], [ 108.185959, 31.4828973 ], [ 108.185577, 31.483134 ], [ 108.1850716, 31.4837844 ], [ 108.1848794, 31.4840824 ], [ 108.1848175, 31.4844785 ], [ 108.184831, 31.4849571 ], [ 108.1865544, 31.4926838 ], [ 108.1909619, 31.4942585 ], [ 108.2008509, 31.4961772 ], [ 108.2013756, 31.4961772 ], [ 108.2016855, 31.4961609 ], [ 108.2024465, 31.4959033 ], [ 108.2029931, 31.4957514 ], [ 108.2034508, 31.495656 ], [ 108.2038552, 31.4957454 ], [ 108.2099795, 31.4972564 ], [ 108.2134671, 31.4985763 ], [ 108.2159988, 31.4996554 ], [ 108.216446, 31.4998631 ], [ 108.2168642, 31.5001113 ], [ 108.2208932, 31.5025118 ], [ 108.221304, 31.5029353 ], [ 108.221408, 31.5035075 ], [ 108.221336, 31.5059411 ], [ 108.2250034, 31.508715 ], [ 108.2324128, 31.5097046 ], [ 108.2327786, 31.5096089 ], [ 108.2339406, 31.5091677 ], [ 108.2350468, 31.5085699 ], [ 108.2432415, 31.5035295 ], [ 108.2433984, 31.5033825 ], [ 108.2434343, 31.5032002 ], [ 108.2435774, 31.5022775 ], [ 108.2437272, 31.5012962 ], [ 108.2438587, 31.5009364 ], [ 108.2441111, 31.5005792 ], [ 108.244953, 31.5005795 ], [ 108.2456921, 31.5006151 ], [ 108.2512402, 31.5010534 ], [ 108.2514136, 31.5011195 ], [ 108.2519126, 31.5013211 ], [ 108.2520793, 31.5013965 ], [ 108.2531874, 31.5021971 ], [ 108.2540651, 31.5032659 ], [ 108.254758, 31.5039337 ], [ 108.2554583, 31.5045343 ], [ 108.2557664, 31.5047686 ], [ 108.2566537, 31.505203 ], [ 108.2573517, 31.5054834 ], [ 108.2595057, 31.5058801 ], [ 108.2600566, 31.5058797 ], [ 108.2609309, 31.505852 ], [ 108.2674484, 31.5047329 ], [ 108.2681918, 31.5045296 ], [ 108.2686932, 31.5041471 ], [ 108.2694227, 31.50377 ], [ 108.2701779, 31.5034703 ], [ 108.2710809, 31.5032415 ], [ 108.2721189, 31.5031348 ], [ 108.2722983, 31.5031427 ], [ 108.2725561, 31.5032068 ], [ 108.2728504, 31.5032913 ], [ 108.2767466, 31.5071491 ], [ 108.2773135, 31.5078247 ], [ 108.2778702, 31.5090663 ], [ 108.2783352, 31.510201 ], [ 108.2784868, 31.5104369 ], [ 108.2786396, 31.510634 ], [ 108.2789093, 31.510698 ], [ 108.2794307, 31.5106703 ], [ 108.2808042, 31.5105037 ], [ 108.2851682, 31.5087367 ], [ 108.28581, 31.5084594 ], [ 108.2867294, 31.5079747 ], [ 108.2870292, 31.5077759 ], [ 108.2883773, 31.506721 ], [ 108.2892259, 31.5059746 ], [ 108.2911017, 31.5051294 ], [ 108.2944515, 31.5057562 ], [ 108.3064457, 31.5087535 ], [ 108.315978, 31.5041717 ], [ 108.3160647, 31.5041326 ], [ 108.3183227, 31.5041732 ], [ 108.3195659, 31.5042534 ], [ 108.3196983, 31.5042759 ], [ 108.3198464, 31.5043283 ], [ 108.3209233, 31.5051963 ], [ 108.3214037, 31.5056204 ], [ 108.3215631, 31.5060032 ], [ 108.3217038, 31.5068262 ], [ 108.3219182, 31.5071279 ], [ 108.3222604, 31.5073525 ], [ 108.3230375, 31.507852 ], [ 108.3240048, 31.5083645 ], [ 108.324903, 31.5086394 ], [ 108.3295004, 31.5099828 ], [ 108.3341813, 31.5113915 ], [ 108.3356689, 31.5120196 ], [ 108.3364805, 31.5124406 ], [ 108.3396523, 31.5143265 ], [ 108.3410885, 31.5152428 ], [ 108.3421269, 31.5162039 ], [ 108.3437348, 31.5184984 ], [ 108.344344, 31.5195248 ], [ 108.3445216, 31.5202556 ], [ 108.3430434, 31.5272312 ], [ 108.3428746, 31.5275961 ], [ 108.3425479, 31.5279384 ], [ 108.3422952, 31.5280689 ], [ 108.3402218, 31.52853 ], [ 108.3393537, 31.5288028 ], [ 108.3391665, 31.528888 ], [ 108.3372959, 31.5297391 ], [ 108.3369067, 31.5299643 ], [ 108.3367582, 31.530285 ], [ 108.3363063, 31.5332107 ], [ 108.3362964, 31.5335764 ], [ 108.3362925, 31.5416576 ], [ 108.3362965, 31.5417015 ], [ 108.3363943, 31.542122 ], [ 108.3364771, 31.5423952 ], [ 108.3366516, 31.5426315 ], [ 108.3440028, 31.5485053 ], [ 108.3444278, 31.5486887 ], [ 108.3447414, 31.5488116 ], [ 108.3452387, 31.5488413 ], [ 108.3458045, 31.548853 ], [ 108.3576535, 31.5478575 ], [ 108.3616761, 31.5464326 ], [ 108.3648624, 31.5456325 ], [ 108.3695043, 31.5451737 ], [ 108.3712502, 31.5450933 ], [ 108.3724237, 31.5452338 ], [ 108.3735968, 31.5453937 ], [ 108.3793179, 31.5464466 ], [ 108.3805564, 31.5467389 ], [ 108.3810931, 31.5469826 ], [ 108.384312, 31.5484836 ], [ 108.3850505, 31.549021 ], [ 108.3852903, 31.5496493 ], [ 108.3875749, 31.5594852 ], [ 108.3871319, 31.5644305 ], [ 108.3869204, 31.5649508 ], [ 108.3863025, 31.5660885 ], [ 108.3862723, 31.5661084 ], [ 108.3862357, 31.5661309 ], [ 108.3862024, 31.5661484 ], [ 108.3861656, 31.5661627 ], [ 108.3861175, 31.566176 ], [ 108.3860699, 31.5661866 ], [ 108.3860304, 31.5661945 ], [ 108.3859849, 31.5662032 ], [ 108.3859339, 31.5662123 ], [ 108.3858779, 31.5662219 ], [ 108.3858171, 31.5662317 ], [ 108.3857521, 31.5662418 ], [ 108.3856832, 31.5662519 ], [ 108.3856108, 31.566262 ], [ 108.3855355, 31.566272 ], [ 108.3854581, 31.5662817 ], [ 108.3853797, 31.566291 ], [ 108.3853013, 31.5662998 ], [ 108.385224, 31.566308 ], [ 108.3851486, 31.5663154 ], [ 108.3850764, 31.566322 ], [ 108.3850082, 31.5663277 ], [ 108.3849448, 31.5663323 ], [ 108.3848854, 31.5663359 ], [ 108.3848288, 31.5663385 ], [ 108.3847739, 31.5663403 ], [ 108.3847197, 31.5663412 ], [ 108.3846648, 31.5663413 ], [ 108.3846084, 31.5663407 ], [ 108.3845491, 31.5663395 ], [ 108.3844861, 31.5663377 ], [ 108.3823196, 31.5669372 ], [ 108.3745596, 31.5713889 ], [ 108.3745307, 31.5713955 ], [ 108.3745017, 31.5714029 ], [ 108.374473, 31.5714114 ], [ 108.3744447, 31.5714209 ], [ 108.3744172, 31.5714313 ], [ 108.3743907, 31.5714429 ], [ 108.3743645, 31.5714562 ], [ 108.3743381, 31.5714716 ], [ 108.3743107, 31.57149 ], [ 108.3742817, 31.5715117 ], [ 108.3742505, 31.5715376 ], [ 108.3742163, 31.5715681 ], [ 108.3741785, 31.5716039 ], [ 108.3741367, 31.5716453 ], [ 108.3740916, 31.5716915 ], [ 108.3740442, 31.5717415 ], [ 108.3739954, 31.5717941 ], [ 108.3739462, 31.5718484 ], [ 108.3738975, 31.5719032 ], [ 108.3738503, 31.5719574 ], [ 108.3738057, 31.5720101 ], [ 108.373764, 31.5720606 ], [ 108.3737243, 31.5721102 ], [ 108.373685, 31.572161 ], [ 108.3736446, 31.5722148 ], [ 108.3736016, 31.5722734 ], [ 108.3735545, 31.5723388 ], [ 108.3735016, 31.5724129 ], [ 108.3734703, 31.572457 ], [ 108.3734687, 31.5724601 ], [ 108.3734571, 31.5724729 ], [ 108.3754409, 31.5737798 ], [ 108.3813112, 31.5743443 ], [ 108.3813032, 31.5744054 ], [ 108.3896225, 31.5797562 ], [ 108.3896467, 31.5797728 ], [ 108.3896707, 31.5797903 ], [ 108.3896945, 31.5798085 ], [ 108.3897182, 31.5798274 ], [ 108.3897419, 31.5798468 ], [ 108.3897656, 31.5798668 ], [ 108.3897895, 31.5798874 ], [ 108.3898135, 31.5799093 ], [ 108.3898376, 31.5799337 ], [ 108.3898617, 31.5799613 ], [ 108.389886, 31.5799932 ], [ 108.3899102, 31.5800305 ], [ 108.3899344, 31.5800739 ], [ 108.3899586, 31.5801245 ], [ 108.3899826, 31.5801828 ], [ 108.3900061, 31.5802472 ], [ 108.3900284, 31.5803158 ], [ 108.3900491, 31.5803865 ], [ 108.3900675, 31.5804573 ], [ 108.3900833, 31.5805263 ], [ 108.3900958, 31.5805914 ], [ 108.3901045, 31.5806505 ], [ 108.390109, 31.5807023 ], [ 108.3901095, 31.5807477 ], [ 108.3901062, 31.5807879 ], [ 108.3900994, 31.5808244 ], [ 108.3900893, 31.5808586 ], [ 108.3900763, 31.580892 ], [ 108.3900606, 31.5809258 ], [ 108.3900424, 31.5809616 ], [ 108.3900221, 31.5810003 ], [ 108.39, 31.5810414 ], [ 108.3899767, 31.5810838 ], [ 108.3899523, 31.5811265 ], [ 108.3899275, 31.5811687 ], [ 108.3899026, 31.5812092 ], [ 108.3898781, 31.5812471 ], [ 108.3898543, 31.5812814 ], [ 108.3898315, 31.5813114 ], [ 108.3898097, 31.5813375 ], [ 108.3897885, 31.5813604 ], [ 108.3897677, 31.5813808 ], [ 108.3897471, 31.5813995 ], [ 108.3897158, 31.5814258 ], [ 108.3895874, 31.5815316 ], [ 108.3895604, 31.5815536 ], [ 108.3895321, 31.5815763 ], [ 108.3895023, 31.5815997 ], [ 108.3894709, 31.5816236 ], [ 108.3894379, 31.581648 ], [ 108.388946, 31.5820102 ], [ 108.3889151, 31.5820324 ], [ 108.3888851, 31.582053 ], [ 108.3888559, 31.5820722 ], [ 108.3888276, 31.5820901 ], [ 108.3884357, 31.5823353 ], [ 108.3884102, 31.5823511 ], [ 108.3883827, 31.5823671 ], [ 108.3883531, 31.5823829 ], [ 108.3883208, 31.5823987 ], [ 108.3882858, 31.5824143 ], [ 108.388248, 31.5824304 ], [ 108.3882075, 31.5824476 ], [ 108.3881646, 31.5824667 ], [ 108.3881193, 31.5824884 ], [ 108.3880718, 31.5825132 ], [ 108.3880222, 31.5825421 ], [ 108.3879706, 31.5825755 ], [ 108.3879173, 31.582614 ], [ 108.3878628, 31.5826567 ], [ 108.3878078, 31.5827026 ], [ 108.387753, 31.5827505 ], [ 108.387699, 31.5827995 ], [ 108.3876464, 31.5828483 ], [ 108.3875959, 31.582896 ], [ 108.3873881, 31.5830937 ], [ 108.3873545, 31.5831258 ], [ 108.3873227, 31.583156 ], [ 108.3872926, 31.5831848 ], [ 108.3872639, 31.5832124 ], [ 108.3872363, 31.5832391 ], [ 108.3872095, 31.5832651 ], [ 108.3867226, 31.5837388 ], [ 108.3866889, 31.5837748 ], [ 108.3866645, 31.5838046 ], [ 108.3866483, 31.5838264 ], [ 108.3866323, 31.5838501 ], [ 108.3866162, 31.5838757 ], [ 108.3866001, 31.5839034 ], [ 108.3865838, 31.5839335 ], [ 108.3842645, 31.5883751 ], [ 108.3841899, 31.5890403 ], [ 108.3842614, 31.5902357 ], [ 108.3847312, 31.5925327 ], [ 108.3864057, 31.5941918 ], [ 108.3876183, 31.595393 ], [ 108.3881728, 31.5959321 ], [ 108.3934689, 31.6010719 ], [ 108.3997199, 31.6071385 ], [ 108.400013, 31.6072714 ], [ 108.400865, 31.6074581 ], [ 108.4027229, 31.607637 ], [ 108.4047635, 31.6077631 ], [ 108.4074288, 31.6079584 ], [ 108.4080533, 31.6080275 ], [ 108.4085602, 31.6081789 ], [ 108.4089581, 31.6084507 ], [ 108.4094257, 31.6090671 ], [ 108.4095071, 31.6095282 ], [ 108.4093851, 31.6104232 ], [ 108.4096292, 31.6108436 ], [ 108.4113126, 31.6117712 ], [ 108.4116227, 31.6119421 ], [ 108.4131586, 31.6122301 ], [ 108.4135279, 31.6124439 ], [ 108.4156486, 31.6148026 ], [ 108.4165233, 31.6169608 ], [ 108.4152917, 31.6181721 ], [ 108.4149535, 31.6185047 ], [ 108.4148142, 31.6188109 ], [ 108.4143831, 31.6197562 ], [ 108.4149716, 31.6212854 ], [ 108.4177346, 31.6233839 ], [ 108.4201867, 31.6251932 ], [ 108.4205892, 31.6250829 ], [ 108.422518, 31.6245544 ], [ 108.424524, 31.6240047 ], [ 108.4264188, 31.6264952 ], [ 108.4291193, 31.6305917 ], [ 108.4315619, 31.6331692 ], [ 108.4326987, 31.6340542 ], [ 108.4327291, 31.6340779 ], [ 108.4418793, 31.6363381 ], [ 108.4420474, 31.6363797 ], [ 108.44245, 31.6364037 ], [ 108.4476551, 31.6347025 ], [ 108.44818, 31.6345309 ], [ 108.4483876, 31.6344631 ], [ 108.4492743, 31.6341385 ], [ 108.4499591, 31.6337622 ], [ 108.4535407, 31.6311857 ], [ 108.4538936, 31.6309319 ], [ 108.4541123, 31.6299649 ], [ 108.4549186, 31.6276933 ], [ 108.4555802, 31.6261136 ], [ 108.457158, 31.6237066 ], [ 108.4577376, 31.6231502 ], [ 108.4603475, 31.6207042 ], [ 108.4607394, 31.6204273 ], [ 108.4609318, 31.6203999 ], [ 108.4611733, 31.6204145 ], [ 108.4618709, 31.620774 ], [ 108.4636588, 31.6222466 ], [ 108.4638402, 31.6224572 ], [ 108.4652927, 31.6289699 ], [ 108.4652608, 31.6292362 ], [ 108.4645036, 31.6321251 ], [ 108.4644307, 31.6323935 ], [ 108.463673, 31.6351819 ], [ 108.4636365, 31.6358242 ], [ 108.4636459, 31.635852 ], [ 108.4640572, 31.6364951 ], [ 108.4666628, 31.6400841 ], [ 108.4667359, 31.6401404 ], [ 108.4671834, 31.6404852 ], [ 108.4684583, 31.6413341 ], [ 108.4688349, 31.6415848 ], [ 108.4718347, 31.6426342 ], [ 108.4718588, 31.6426427 ], [ 108.4719459, 31.6426341 ], [ 108.4724762, 31.642582 ], [ 108.4731839, 31.6425124 ], [ 108.4736752, 31.6422828 ], [ 108.4741485, 31.6420617 ], [ 108.474537, 31.6420349 ], [ 108.4766677, 31.6420558 ], [ 108.4843166, 31.6422999 ], [ 108.4847114, 31.6423359 ], [ 108.4850867, 31.6424843 ], [ 108.4879125, 31.6445044 ], [ 108.4882668, 31.6448272 ], [ 108.4884083, 31.6459102 ], [ 108.4886288, 31.6476706 ], [ 108.4887138, 31.6480441 ], [ 108.4888063, 31.6482858 ], [ 108.4903141, 31.6510949 ], [ 108.49074, 31.6518366 ], [ 108.4907416, 31.6518393 ], [ 108.4907441, 31.6518412 ], [ 108.491157, 31.6521427 ], [ 108.4945356, 31.6535095 ], [ 108.4952993, 31.6538184 ], [ 108.4990667, 31.6553425 ], [ 108.5005368, 31.6559372 ], [ 108.5085466, 31.6587727 ], [ 108.509177, 31.6587682 ], [ 108.5100603, 31.6588864 ], [ 108.5105104, 31.6589962 ], [ 108.5110164, 31.6592249 ], [ 108.5116967, 31.6597909 ], [ 108.5121333, 31.6604053 ], [ 108.5126823, 31.6612408 ], [ 108.5128212, 31.6615406 ], [ 108.5132411, 31.6624468 ], [ 108.5134205, 31.6631068 ], [ 108.513488, 31.6635289 ], [ 108.5134414, 31.6645379 ], [ 108.5133984, 31.6654123 ], [ 108.5134977, 31.6661212 ], [ 108.5137544, 31.6667449 ], [ 108.5144234, 31.6674232 ], [ 108.5148134, 31.6677723 ], [ 108.5155107, 31.668269 ], [ 108.5161406, 31.6685539 ], [ 108.5165132, 31.6686069 ], [ 108.5165215, 31.6686081 ], [ 108.5167757, 31.6686442 ], [ 108.5177853, 31.6686461 ], [ 108.520339, 31.668563 ], [ 108.5242998, 31.6685766 ], [ 108.5275557, 31.6700124 ], [ 108.5279811, 31.6707038 ], [ 108.5284536, 31.6712657 ], [ 108.5289327, 31.671633 ], [ 108.5292633, 31.6717153 ], [ 108.5298666, 31.6717561 ], [ 108.5305145, 31.6717235 ], [ 108.5319885, 31.6714888 ], [ 108.5320948, 31.6714719 ], [ 108.532862, 31.6709887 ], [ 108.5331339, 31.6708174 ], [ 108.534026, 31.6701467 ], [ 108.5342721, 31.6699617 ], [ 108.5358744, 31.668428 ], [ 108.5376887, 31.6670517 ], [ 108.538242, 31.6666679 ], [ 108.538524, 31.6665202 ], [ 108.5387801, 31.6663861 ], [ 108.539161, 31.6662524 ], [ 108.5394065, 31.6662571 ], [ 108.5395617, 31.6662601 ], [ 108.5397616, 31.6662841 ], [ 108.5399716, 31.6663688 ], [ 108.5404582, 31.6667654 ], [ 108.5405126, 31.6668174 ], [ 108.5407683, 31.6670611 ], [ 108.5409845, 31.667274 ], [ 108.5415643, 31.6680063 ], [ 108.5421804, 31.6690428 ], [ 108.5423483, 31.6694066 ], [ 108.5425348, 31.6699035 ], [ 108.5425697, 31.6702647 ], [ 108.5425134, 31.670719 ], [ 108.5416692, 31.6732834 ], [ 108.5416027, 31.6734058 ], [ 108.5396406, 31.6756691 ], [ 108.5390605, 31.6763382 ], [ 108.5373668, 31.6770095 ], [ 108.5335156, 31.6785362 ], [ 108.5295961, 31.6800898 ], [ 108.5237707, 31.6855294 ], [ 108.5235946, 31.6860273 ], [ 108.5232274, 31.6864861 ], [ 108.5228702, 31.6869324 ], [ 108.516766, 31.6924096 ], [ 108.513305, 31.6948359 ], [ 108.5116471, 31.6957936 ], [ 108.5112181, 31.6960699 ], [ 108.5110109, 31.6963504 ], [ 108.5109437, 31.6966221 ], [ 108.5109362, 31.6966526 ], [ 108.5109426, 31.6967901 ], [ 108.5111506, 31.6972133 ], [ 108.5116753, 31.6981504 ], [ 108.5119669, 31.6986228 ], [ 108.5130754, 31.6996544 ], [ 108.5137252, 31.7002553 ], [ 108.514279, 31.7006771 ], [ 108.5188754, 31.7031634 ], [ 108.519284, 31.7032175 ], [ 108.5197686, 31.7032635 ], [ 108.5197808, 31.7032635 ], [ 108.5199082, 31.7032634 ], [ 108.520182, 31.7032633 ], [ 108.5209674, 31.7059983 ], [ 108.5215754, 31.7081152 ], [ 108.5213422, 31.7094666 ], [ 108.5208161, 31.7125153 ], [ 108.5205077, 31.7139895 ], [ 108.5163628, 31.7278394 ], [ 108.5163157, 31.727971 ], [ 108.5153282, 31.7290143 ], [ 108.512947, 31.7304999 ], [ 108.5124503, 31.7307232 ], [ 108.5122369, 31.7308191 ], [ 108.5114078, 31.7308877 ], [ 108.5113411, 31.7308828 ], [ 108.5110361, 31.73086 ], [ 108.5099293, 31.7307775 ], [ 108.5096644, 31.7307577 ], [ 108.5095027, 31.7307758 ], [ 108.5079601, 31.7309489 ], [ 108.507428, 31.731193 ], [ 108.5072637, 31.731286 ], [ 108.5065844, 31.7316707 ], [ 108.5034335, 31.7336494 ], [ 108.5030405, 31.7339283 ], [ 108.5029771, 31.7339733 ], [ 108.5029356, 31.7340027 ], [ 108.502742, 31.7341402 ], [ 108.5021461, 31.7349049 ], [ 108.5018046, 31.7356725 ], [ 108.5016976, 31.7365754 ], [ 108.5017386, 31.7367666 ], [ 108.5021018, 31.7371348 ], [ 108.5095357, 31.7436735 ], [ 108.5110959, 31.7450457 ], [ 108.5149438, 31.7484302 ], [ 108.5169816, 31.7498727 ], [ 108.5170727, 31.7499277 ], [ 108.5170757, 31.7499295 ], [ 108.5172801, 31.7500529 ], [ 108.518889, 31.7508144 ], [ 108.519434, 31.7511464 ], [ 108.5242259, 31.7540657 ], [ 108.5311431, 31.7587811 ], [ 108.5317906, 31.7596843 ], [ 108.5311401, 31.7598522 ], [ 108.5303736, 31.7598267 ], [ 108.5267032, 31.7597045 ], [ 108.5244178, 31.7601534 ], [ 108.5232865, 31.7608154 ], [ 108.5231323, 31.7610386 ], [ 108.5228911, 31.7613877 ], [ 108.5227562, 31.7618443 ], [ 108.5225686, 31.7622396 ], [ 108.5222411, 31.7625884 ], [ 108.5221314, 31.7626651 ], [ 108.5218933, 31.7628316 ], [ 108.5214269, 31.7630023 ], [ 108.5207159, 31.7632011 ], [ 108.5205078, 31.7632429 ], [ 108.5190725, 31.7635308 ], [ 108.5178502, 31.7637547 ], [ 108.5159939, 31.7640781 ], [ 108.5154926, 31.7641144 ], [ 108.5151934, 31.7640756 ], [ 108.5147558, 31.7639334 ], [ 108.5141853, 31.7637362 ], [ 108.5138278, 31.7636127 ], [ 108.5134288, 31.7634789 ], [ 108.5131628, 31.7633897 ], [ 108.5129809, 31.7633287 ], [ 108.5125544, 31.7632524 ], [ 108.5121878, 31.7632386 ], [ 108.5118698, 31.7632324 ], [ 108.5114664, 31.7633473 ], [ 108.5106157, 31.7636837 ], [ 108.5103735, 31.7638259 ], [ 108.5102869, 31.7638767 ], [ 108.5101099, 31.7639807 ], [ 108.509501, 31.7644862 ], [ 108.5084677, 31.7655096 ], [ 108.5079836, 31.7660504 ], [ 108.5075519, 31.7664541 ], [ 108.5074224, 31.7665753 ], [ 108.5073727, 31.7665995 ], [ 108.5069407, 31.7668059 ], [ 108.5066439, 31.7669315 ], [ 108.5055585, 31.7673907 ], [ 108.5048499, 31.7675926 ], [ 108.5047594, 31.7676183 ], [ 108.5044476, 31.7676991 ], [ 108.5033898, 31.767973 ], [ 108.5029072, 31.7680753 ], [ 108.5020026, 31.7683119 ], [ 108.5015861, 31.7684375 ], [ 108.5012031, 31.7685889 ], [ 108.5010477, 31.768739 ], [ 108.5009505, 31.768833 ], [ 108.5006105, 31.7691331 ], [ 108.5002699, 31.7694923 ], [ 108.5000163, 31.7699675 ], [ 108.4997609, 31.7702039 ], [ 108.4991589, 31.7705264 ], [ 108.4988614, 31.7706399 ], [ 108.4976862, 31.7710172 ], [ 108.4965793, 31.7713075 ], [ 108.4959697, 31.7715155 ], [ 108.4954043, 31.7718335 ], [ 108.4948088, 31.7721366 ], [ 108.4942243, 31.772269 ], [ 108.4938746, 31.77239 ], [ 108.4931426, 31.7727101 ], [ 108.4924037, 31.7730156 ], [ 108.491705, 31.7732254 ], [ 108.4912072, 31.7734428 ], [ 108.4898646, 31.7740834 ], [ 108.4886953, 31.7747418 ], [ 108.4881754, 31.7750812 ], [ 108.4876546, 31.7753511 ], [ 108.487674, 31.7753642 ], [ 108.4876444, 31.7753766 ], [ 108.486975, 31.775658 ], [ 108.4860565, 31.775616 ], [ 108.4857058, 31.7752813 ], [ 108.4844411, 31.7740747 ], [ 108.4842297, 31.775231 ], [ 108.4840437, 31.776248 ], [ 108.4835141, 31.7791439 ], [ 108.4835059, 31.7798219 ], [ 108.4834665, 31.7830852 ], [ 108.4831488, 31.7830824 ], [ 108.4828219, 31.7830762 ], [ 108.4819265, 31.7828025 ], [ 108.4800778, 31.7822372 ], [ 108.4797049, 31.7821662 ], [ 108.4763248, 31.7815223 ], [ 108.4753419, 31.7809675 ], [ 108.4745629, 31.7809769 ], [ 108.4723843, 31.7806741 ], [ 108.472006, 31.7806216 ], [ 108.4713497, 31.7806154 ], [ 108.4708142, 31.780674 ], [ 108.4696461, 31.7809105 ], [ 108.4694264, 31.7810522 ], [ 108.4693711, 31.7811143 ], [ 108.4693045, 31.781189 ], [ 108.4690363, 31.7816151 ], [ 108.4675632, 31.7830508 ], [ 108.4669943, 31.7832839 ], [ 108.466624, 31.7834357 ], [ 108.4651846, 31.7838749 ], [ 108.4643419, 31.7840522 ], [ 108.4637885, 31.7840248 ], [ 108.4637078, 31.7840208 ], [ 108.4636424, 31.7840175 ], [ 108.4634208, 31.7839839 ], [ 108.4632937, 31.7839646 ], [ 108.4628063, 31.7838564 ], [ 108.4628021, 31.7838555 ], [ 108.4616353, 31.7835833 ], [ 108.4613285, 31.783491 ], [ 108.4610268, 31.7833198 ], [ 108.4607843, 31.7831822 ], [ 108.4603488, 31.7829068 ], [ 108.460062, 31.7828249 ], [ 108.4594862, 31.7828377 ], [ 108.4564037, 31.7833124 ], [ 108.4561484, 31.783399 ], [ 108.4553623, 31.7837176 ], [ 108.4553308, 31.7837378 ], [ 108.4550268, 31.7839325 ], [ 108.4543611, 31.784484 ], [ 108.4530503, 31.7857299 ], [ 108.4524801, 31.7866554 ], [ 108.4521067, 31.786971 ], [ 108.450535, 31.7880738 ], [ 108.4470233, 31.7901418 ], [ 108.4488036, 31.7904949 ], [ 108.4490232, 31.7905662 ], [ 108.4492981, 31.7906867 ], [ 108.4495356, 31.7908949 ], [ 108.4499043, 31.7913408 ], [ 108.4520209, 31.7940237 ], [ 108.4589655, 31.8030776 ], [ 108.4612659, 31.8078514 ], [ 108.4613361, 31.8080037 ], [ 108.4613704, 31.8081076 ], [ 108.4613397, 31.8082102 ], [ 108.4591537, 31.8136834 ], [ 108.4590848, 31.8138034 ], [ 108.4589404, 31.8139832 ], [ 108.458825, 31.8141238 ], [ 108.4587015, 31.8142167 ], [ 108.4585614, 31.8142377 ], [ 108.4582355, 31.814255 ], [ 108.4578351, 31.8142708 ], [ 108.4497323, 31.8142161 ], [ 108.4460885, 31.8127699 ], [ 108.4455655, 31.8123324 ], [ 108.4446091, 31.8119649 ], [ 108.4443595, 31.8119123 ], [ 108.4390424, 31.8111542 ], [ 108.4387182, 31.8111079 ], [ 108.4377979, 31.8110973 ], [ 108.4277878, 31.8114792 ], [ 108.4240038, 31.8121791 ], [ 108.4233567, 31.8123183 ], [ 108.4210391, 31.8128621 ], [ 108.4206213, 31.8129807 ], [ 108.4159566, 31.8156413 ], [ 108.4139494, 31.8168197 ], [ 108.410191, 31.8189989 ], [ 108.4018456, 31.8224993 ], [ 108.399356, 31.8234622 ], [ 108.3973867, 31.8241603 ], [ 108.3955472, 31.8249999 ], [ 108.3892198, 31.8290655 ], [ 108.3891377, 31.8291255 ], [ 108.3886867, 31.8294548 ], [ 108.3848898, 31.8323188 ], [ 108.3846139, 31.8325355 ], [ 108.3840996, 31.8329616 ], [ 108.3839718, 31.8331137 ], [ 108.383944, 31.8332811 ], [ 108.3839702, 31.8333755 ], [ 108.3840437, 31.8334571 ], [ 108.3840502, 31.8334633 ], [ 108.3847894, 31.8341647 ], [ 108.3852187, 31.8348369 ], [ 108.3856984, 31.8358418 ], [ 108.3861742, 31.8380459 ], [ 108.3861642, 31.8384029 ], [ 108.3857571, 31.8405881 ], [ 108.384938, 31.8426641 ], [ 108.382921, 31.8463478 ], [ 108.3814492, 31.8529275 ], [ 108.3819694, 31.8538292 ], [ 108.3814712, 31.8542785 ], [ 108.3768616, 31.8576535 ], [ 108.3763771, 31.8578731 ], [ 108.3757759, 31.8579883 ], [ 108.3749671, 31.8580481 ], [ 108.3738317, 31.8580246 ], [ 108.3730571, 31.8579321 ], [ 108.372375, 31.8577394 ], [ 108.3717257, 31.8574453 ], [ 108.3712599, 31.8570019 ], [ 108.3706506, 31.8563515 ], [ 108.3699295, 31.8555725 ], [ 108.3688694, 31.8544578 ], [ 108.368088, 31.8538789 ], [ 108.3678473, 31.8537963 ], [ 108.3674763, 31.8537713 ], [ 108.3589818, 31.8549488 ], [ 108.3552712, 31.8558371 ], [ 108.3547426, 31.8561203 ], [ 108.3544446, 31.856616 ], [ 108.3539519, 31.8575346 ], [ 108.3461977, 31.8605124 ], [ 108.3450507, 31.8608967 ], [ 108.3432055, 31.861649 ], [ 108.3429079, 31.8617942 ], [ 108.3418339, 31.8624277 ], [ 108.3402595, 31.8635832 ], [ 108.3342801, 31.8691837 ], [ 108.3340223, 31.8694452 ], [ 108.3319536, 31.8715711 ], [ 108.331812, 31.8717476 ], [ 108.3317324, 31.871945 ], [ 108.3314147, 31.8729016 ], [ 108.330393, 31.8769352 ], [ 108.3253157, 31.88136 ], [ 108.3214809, 31.8850742 ], [ 108.3214476, 31.8852586 ], [ 108.3208368, 31.886528 ], [ 108.3183426, 31.8903555 ], [ 108.3172351, 31.8913945 ], [ 108.3152073, 31.8931062 ], [ 108.3092293, 31.8999435 ], [ 108.3076899, 31.9017166 ], [ 108.3064272, 31.9032763 ], [ 108.3059193, 31.9042289 ], [ 108.3055981, 31.905272 ], [ 108.3053594, 31.9068431 ], [ 108.3052615, 31.9070303 ], [ 108.3047026, 31.9077328 ], [ 108.303871, 31.9085571 ], [ 108.3030453, 31.9091774 ], [ 108.3027397, 31.9094005 ], [ 108.3017346, 31.910017 ], [ 108.296139, 31.9131638 ], [ 108.2956086, 31.9133177 ], [ 108.2954306, 31.9133289 ], [ 108.2950569, 31.9133448 ], [ 108.2866644, 31.9129106 ], [ 108.2860681, 31.9128469 ], [ 108.2853559, 31.9126531 ], [ 108.2847073, 31.912333 ], [ 108.2835034, 31.9115674 ], [ 108.2832802, 31.9114559 ], [ 108.283046, 31.9115577 ], [ 108.2784498, 31.9186285 ], [ 108.2781619, 31.9192601 ], [ 108.2779301, 31.9200205 ], [ 108.2778769, 31.9208103 ], [ 108.2780388, 31.9224212 ], [ 108.2781919, 31.9233174 ], [ 108.2804181, 31.9309126 ], [ 108.2827096, 31.9375232 ], [ 108.2805474, 31.9449013 ], [ 108.2768037, 31.955154 ], [ 108.2765494, 31.9556588 ], [ 108.2756169, 31.9572331 ], [ 108.2751383, 31.9578667 ], [ 108.2730297, 31.9601185 ], [ 108.2728736, 31.9602269 ], [ 108.272339, 31.9605694 ], [ 108.2610586, 31.9673931 ], [ 108.2605717, 31.9676632 ], [ 108.2599659, 31.9679052 ], [ 108.2593868, 31.9680014 ], [ 108.2590892, 31.9679701 ], [ 108.2586446, 31.9679853 ], [ 108.256808, 31.9684238 ], [ 108.2566838, 31.9685742 ], [ 108.2568227, 31.9689344 ], [ 108.2579103, 31.9716113 ], [ 108.2633313, 31.9825715 ], [ 108.2694559, 31.9835989 ], [ 108.2735512, 31.9821538 ], [ 108.2740036, 31.9820359 ], [ 108.274934, 31.9819539 ], [ 108.275471, 31.9820164 ], [ 108.2762465, 31.9821096 ], [ 108.2770459, 31.9824074 ], [ 108.279068, 31.9834151 ], [ 108.2799073, 31.9839017 ], [ 108.2806047, 31.9845504 ], [ 108.2806854, 31.9848583 ], [ 108.2806799, 31.9856695 ], [ 108.2806176, 31.9863095 ], [ 108.280521, 31.9866404 ], [ 108.2801993, 31.9881391 ], [ 108.280528, 31.9901872 ], [ 108.2807463, 31.9909062 ], [ 108.2809512, 31.9910637 ], [ 108.281278, 31.9911473 ], [ 108.2874672, 31.9924279 ], [ 108.2879735, 31.9925153 ], [ 108.2882727, 31.9925217 ], [ 108.2969827, 31.9946212 ], [ 108.2978132, 31.9953489 ], [ 108.3008627, 31.9979036 ], [ 108.3029489, 31.9994427 ], [ 108.3035712, 31.99966 ], [ 108.3038705, 31.9996664 ], [ 108.3043245, 31.9994974 ], [ 108.305175, 31.9990818 ], [ 108.3089441, 31.9971463 ], [ 108.3094658, 31.9968614 ], [ 108.3099448, 31.996557 ], [ 108.3102361, 31.9963631 ], [ 108.3106546, 31.9959834 ], [ 108.3127577, 31.9936808 ], [ 108.3135624, 31.9927793 ], [ 108.3139356, 31.9923025 ], [ 108.3143977, 31.991853 ], [ 108.3151044, 31.9912301 ], [ 108.3199326, 31.9878624 ], [ 108.3205092, 31.9875939 ], [ 108.3213642, 31.9872165 ], [ 108.322236, 31.9868905 ], [ 108.3231551, 31.9866704 ], [ 108.3285959, 31.9853918 ], [ 108.3309136, 31.9849558 ], [ 108.3330876, 31.9843127 ], [ 108.3340844, 31.984002 ], [ 108.3349555, 31.983643 ], [ 108.3359688, 31.983021 ], [ 108.3384794, 31.9810836 ], [ 108.3389429, 31.9805831 ], [ 108.339567, 31.9797032 ], [ 108.3399677, 31.9793034 ], [ 108.3410331, 31.9786879 ], [ 108.3420372, 31.9781221 ], [ 108.3481149, 31.974958 ], [ 108.348681, 31.9760924 ], [ 108.3493995, 31.977128 ], [ 108.351351, 31.9790058 ], [ 108.3550026, 31.9821437 ], [ 108.3560577, 31.9829311 ], [ 108.3571441, 31.9836681 ], [ 108.358645, 31.9845669 ], [ 108.3597666, 31.985126 ], [ 108.3609217, 31.9855583 ], [ 108.3618126, 31.9858064 ], [ 108.3624657, 31.9859986 ], [ 108.3628189, 31.9862101 ], [ 108.3631991, 31.9865242 ], [ 108.3658885, 31.9904774 ], [ 108.3659989, 31.9908716 ], [ 108.3657141, 31.9918455 ], [ 108.3641645, 31.9935308 ], [ 108.3622852, 31.9954351 ], [ 108.3612131, 31.9962803 ], [ 108.3602673, 31.9968984 ], [ 108.3593857, 31.9973648 ], [ 108.3580515, 31.9979494 ], [ 108.3527653, 31.9995741 ], [ 108.3511144, 32.0 ], [ 108.348812, 32.001727 ], [ 108.3485399, 32.0019201 ], [ 108.3452947, 32.0036227 ], [ 108.3427589, 32.0048236 ], [ 108.3403059, 32.0060066 ], [ 108.3354702, 32.0094433 ], [ 108.3329889, 32.0124439 ], [ 108.3321276, 32.0137897 ], [ 108.3315739, 32.0145655 ], [ 108.3298763, 32.0158937 ], [ 108.3298626, 32.015901 ], [ 108.329557, 32.0160646 ], [ 108.3291519, 32.0162814 ], [ 108.3285356, 32.0164816 ], [ 108.3284382, 32.0165133 ], [ 108.3282557, 32.0165725 ], [ 108.3279211, 32.0166208 ], [ 108.3263009, 32.0168543 ], [ 108.3254122, 32.0169669 ], [ 108.3247916, 32.0171725 ], [ 108.3241329, 32.0177141 ], [ 108.3231183, 32.0185898 ], [ 108.3227229, 32.0190073 ], [ 108.3226801, 32.0193329 ], [ 108.3227522, 32.0197177 ], [ 108.3228938, 32.0200046 ], [ 108.3353013, 32.0318836 ], [ 108.3355759, 32.0321005 ], [ 108.3358514, 32.0322437 ], [ 108.3364955, 32.0324418 ], [ 108.3370213, 32.0325654 ], [ 108.3394121, 32.032309 ], [ 108.3408922, 32.0321156 ], [ 108.349824, 32.0319405 ], [ 108.3501752, 32.0321385 ], [ 108.35107, 32.0326429 ], [ 108.3546818, 32.0346789 ], [ 108.356179, 32.0355227 ], [ 108.3612698, 32.0383919 ], [ 108.3612794, 32.0384092 ], [ 108.3612875, 32.0384274 ], [ 108.3612942, 32.0384462 ], [ 108.3612998, 32.0384654 ], [ 108.3613043, 32.0384849 ], [ 108.3613081, 32.0385045 ], [ 108.3613128, 32.0385349 ], [ 108.361316, 32.0385651 ], [ 108.361318, 32.0385951 ], [ 108.3613186, 32.038625 ], [ 108.3613181, 32.0386548 ], [ 108.3613165, 32.0386845 ], [ 108.3613138, 32.0387141 ], [ 108.3613101, 32.0387436 ], [ 108.3613059, 32.0387705 ], [ 108.3613011, 32.0387974 ], [ 108.3612957, 32.0388242 ], [ 108.3612897, 32.038851 ], [ 108.3612832, 32.0388777 ], [ 108.3612763, 32.0389044 ], [ 108.3612691, 32.038931 ], [ 108.3612616, 32.0389576 ], [ 108.3612394, 32.0390324 ], [ 108.3612155, 32.0391067 ], [ 108.3611901, 32.0391805 ], [ 108.361163, 32.0392539 ], [ 108.3611343, 32.0393268 ], [ 108.361104, 32.0393992 ], [ 108.3607725, 32.0401659 ], [ 108.3605654, 32.0404456 ], [ 108.3597384, 32.0415626 ], [ 108.3586179, 32.0429059 ], [ 108.3580567, 32.0434949 ], [ 108.3560616, 32.0453739 ], [ 108.3547623, 32.046423 ], [ 108.3542571, 32.0468987 ], [ 108.3524131, 32.0486351 ], [ 108.3520724, 32.0489899 ], [ 108.3519515, 32.0493303 ], [ 108.3519794, 32.0501855 ], [ 108.3519929, 32.0506013 ], [ 108.3521206, 32.0511302 ], [ 108.3525505, 32.0521983 ], [ 108.3532068, 32.053226 ], [ 108.3534263, 32.0536935 ], [ 108.3533401, 32.0539893 ], [ 108.3527766, 32.0549647 ], [ 108.3514194, 32.057048 ], [ 108.3503229, 32.0581842 ], [ 108.350304, 32.0582038 ], [ 108.3500895, 32.0583247 ], [ 108.3495952, 32.0586036 ], [ 108.349054, 32.0587699 ], [ 108.3474636, 32.0588855 ], [ 108.3466989, 32.0588942 ], [ 108.3462125, 32.0588468 ], [ 108.3455404, 32.0589258 ], [ 108.3446341, 32.0590494 ], [ 108.3438575, 32.0592191 ], [ 108.3431115, 32.0595878 ], [ 108.3425045, 32.0599347 ], [ 108.3421617, 32.0602065 ], [ 108.3417927, 32.0606327 ], [ 108.3415451, 32.0611359 ], [ 108.3398622, 32.0658824 ], [ 108.3396311, 32.0671562 ], [ 108.3394117, 32.0684742 ], [ 108.3396698, 32.0692763 ], [ 108.3447386, 32.0733293 ], [ 108.3448799, 32.0734371 ], [ 108.3450123, 32.07352 ], [ 108.3451536, 32.073589 ], [ 108.3453803, 32.0736539 ], [ 108.3455071, 32.0736648 ], [ 108.3456359, 32.0736603 ], [ 108.3458901, 32.0736146 ], [ 108.3473374, 32.0731527 ], [ 108.3476631, 32.0730428 ], [ 108.3549494, 32.0734761 ], [ 108.3623951, 32.0747383 ], [ 108.3624443, 32.0747605 ], [ 108.3633677, 32.0752788 ], [ 108.3636346, 32.0754641 ], [ 108.3671437, 32.0783494 ], [ 108.3731652, 32.0778099 ], [ 108.3751381, 32.0767249 ], [ 108.3795043, 32.074493 ], [ 108.3799221, 32.07431 ], [ 108.3805926, 32.0740365 ], [ 108.3908295, 32.0705214 ], [ 108.391047, 32.0704622 ], [ 108.3915449, 32.0703322 ], [ 108.3926984, 32.0701456 ], [ 108.3935187, 32.0700182 ], [ 108.3973474, 32.0694962 ], [ 108.3982387, 32.0694104 ], [ 108.4026485, 32.0691783 ], [ 108.403287, 32.0691488 ], [ 108.4036229, 32.0692089 ], [ 108.4040932, 32.0693783 ], [ 108.4042883, 32.0695526 ], [ 108.404396, 32.0697251 ], [ 108.4045145, 32.0703983 ], [ 108.4050548, 32.0714744 ], [ 108.4054655, 32.0721261 ], [ 108.4081251, 32.0722905 ], [ 108.4083453, 32.0721554 ], [ 108.4085184, 32.0720493 ], [ 108.4095189, 32.07139 ], [ 108.4113235, 32.0695863 ], [ 108.4141104, 32.0669393 ], [ 108.4147949, 32.0664224 ], [ 108.4153492, 32.0661906 ], [ 108.4187323, 32.0648084 ], [ 108.4203342, 32.0643027 ], [ 108.4239035, 32.0632392 ], [ 108.4241065, 32.0632797 ], [ 108.4327965, 32.0679369 ], [ 108.4430896, 32.0722462 ], [ 108.4432319, 32.0723535 ], [ 108.4455267, 32.0743622 ], [ 108.4463165, 32.0751873 ], [ 108.4466667, 32.0756308 ], [ 108.4480328, 32.0779264 ], [ 108.4482278, 32.0783064 ], [ 108.4482589, 32.0787872 ], [ 108.4484102, 32.0816652 ], [ 108.4484176, 32.0818067 ], [ 108.4487742, 32.0885894 ], [ 108.4487811, 32.0888085 ], [ 108.4488624, 32.0925724 ], [ 108.4488556, 32.0926132 ], [ 108.4488183, 32.092675 ], [ 108.4485252, 32.0931029 ], [ 108.4483909, 32.0931301 ], [ 108.4476839, 32.0930049 ], [ 108.4470235, 32.0929171 ], [ 108.4461179, 32.0928319 ], [ 108.4453505, 32.0929489 ], [ 108.4404054, 32.0943179 ], [ 108.4397258, 32.0945785 ], [ 108.4370999, 32.095876 ], [ 108.4369472, 32.0959698 ], [ 108.4281557, 32.1034007 ], [ 108.4278006, 32.1037767 ], [ 108.42647, 32.1053439 ], [ 108.4250319, 32.1077698 ], [ 108.4248103, 32.1082907 ], [ 108.4213683, 32.1143365 ], [ 108.4193089, 32.1179535 ], [ 108.4149488, 32.1256102 ], [ 108.410231, 32.131874 ], [ 108.4103476, 32.131926 ], [ 108.4103476, 32.1320762 ], [ 108.4100285, 32.1348497 ], [ 108.4092698, 32.135852 ], [ 108.4080353, 32.1374826 ], [ 108.4080084, 32.1375164 ], [ 108.4053043, 32.140773 ], [ 108.4052174, 32.1408776 ], [ 108.4027188, 32.1438864 ], [ 108.4025603, 32.1440732 ], [ 108.4023716, 32.1442522 ], [ 108.4022071, 32.1443771 ], [ 108.4020881, 32.1444497 ], [ 108.399631, 32.1459135 ], [ 108.399134, 32.1461469 ], [ 108.3969953, 32.1471515 ], [ 108.3962416, 32.1475055 ], [ 108.3875813, 32.1515725 ], [ 108.3825036, 32.1539566 ], [ 108.37699, 32.1560671 ], [ 108.3792432, 32.1556439 ], [ 108.3793401, 32.1556257 ], [ 108.379371, 32.1556229 ], [ 108.3794023, 32.1556211 ], [ 108.3794337, 32.15562 ], [ 108.3794651, 32.1556195 ], [ 108.3795024, 32.1556195 ], [ 108.3795396, 32.1556202 ], [ 108.3795766, 32.1556217 ], [ 108.3796133, 32.1556242 ], [ 108.3796498, 32.1556278 ], [ 108.3796858, 32.1556327 ], [ 108.3797213, 32.1556389 ], [ 108.3797563, 32.1556467 ], [ 108.3797854, 32.1556546 ], [ 108.3798141, 32.1556634 ], [ 108.3798426, 32.1556731 ], [ 108.3798709, 32.1556834 ], [ 108.3800524, 32.1557515 ], [ 108.3800856, 32.155764 ], [ 108.3801181, 32.1557771 ], [ 108.3801493, 32.1557914 ], [ 108.3801789, 32.1558071 ], [ 108.3802064, 32.1558246 ], [ 108.3802313, 32.1558443 ], [ 108.3842011, 32.1584534 ], [ 108.3838934, 32.159125 ], [ 108.3835254, 32.1596425 ], [ 108.3830953, 32.1601965 ], [ 108.3825617, 32.1606727 ], [ 108.3741617, 32.167871 ], [ 108.3734901, 32.1681732 ], [ 108.3687786, 32.1709858 ], [ 108.3673975, 32.1723518 ], [ 108.3670641, 32.1727401 ], [ 108.3664678, 32.1734391 ], [ 108.3651978, 32.1753676 ], [ 108.3649383, 32.1757733 ], [ 108.3647327, 32.1762432 ], [ 108.3645958, 32.1766936 ], [ 108.3645852, 32.1768462 ], [ 108.3645932, 32.1769992 ], [ 108.3646255, 32.1771685 ], [ 108.3647123, 32.1773811 ], [ 108.3648477, 32.1776263 ], [ 108.3649258, 32.1777122 ], [ 108.3650714, 32.1778207 ], [ 108.3654065, 32.1780174 ], [ 108.3657366, 32.1781718 ], [ 108.3664368, 32.1783866 ], [ 108.3671869, 32.1785867 ], [ 108.3676306, 32.1786697 ], [ 108.3781419, 32.1826823 ], [ 108.3799365, 32.1844901 ], [ 108.3801837, 32.1847324 ], [ 108.3808199, 32.1852356 ], [ 108.3818166, 32.185915 ], [ 108.3936834, 32.1937275 ], [ 108.3969231, 32.1955174 ], [ 108.3977848, 32.1959575 ], [ 108.4018588, 32.1980378 ], [ 108.4019323, 32.1980709 ], [ 108.4020258, 32.1980518 ], [ 108.4037214, 32.1970485 ], [ 108.4039753, 32.1968376 ], [ 108.4041165, 32.1966666 ], [ 108.4045724, 32.1961069 ], [ 108.4049346, 32.1957929 ], [ 108.4052827, 32.1955365 ], [ 108.4055407, 32.1953996 ], [ 108.4185646, 32.1902384 ], [ 108.4248067, 32.1917148 ], [ 108.4249202, 32.1918647 ], [ 108.4250884, 32.1920526 ], [ 108.4252569, 32.1922299 ], [ 108.4258453, 32.1926845 ], [ 108.4266173, 32.1932167 ], [ 108.4271717, 32.1934639 ], [ 108.4273268, 32.1935146 ], [ 108.4275197, 32.1935502 ], [ 108.4278397, 32.1935694 ], [ 108.4283552, 32.193563 ], [ 108.4290142, 32.1934868 ], [ 108.4298047, 32.1933659 ], [ 108.4306656, 32.1931621 ], [ 108.4386617, 32.1911111 ], [ 108.4390301, 32.1910131 ], [ 108.4399481, 32.1905416 ], [ 108.4414199, 32.1897652 ], [ 108.446722, 32.18631 ], [ 108.4524682, 32.1826897 ], [ 108.4527123, 32.1825998 ], [ 108.4529365, 32.1825621 ], [ 108.4532402, 32.1825577 ], [ 108.4536489, 32.1825659 ], [ 108.4542727, 32.1826417 ], [ 108.4547538, 32.1827199 ], [ 108.4657262, 32.1843474 ], [ 108.4744573, 32.1832258 ], [ 108.4748292, 32.1832227 ], [ 108.4751382, 32.1832552 ], [ 108.4754091, 32.1833186 ], [ 108.4756418, 32.1834181 ], [ 108.4759524, 32.183614 ], [ 108.4788836, 32.1856276 ], [ 108.4795282, 32.1860726 ], [ 108.4796192, 32.1861429 ], [ 108.4797386, 32.1863086 ], [ 108.4798611, 32.1865851 ], [ 108.48019, 32.1873882 ], [ 108.4803576, 32.1879072 ], [ 108.4818138, 32.1899335 ], [ 108.4858264, 32.1947757 ], [ 108.4860143, 32.1949286 ], [ 108.4871818, 32.1957423 ], [ 108.487377, 32.1958568 ], [ 108.4876338, 32.1959831 ], [ 108.4885339, 32.1963805 ], [ 108.4945417, 32.1983283 ], [ 108.4947328, 32.1983637 ], [ 108.4972953, 32.1987149 ], [ 108.4974004, 32.1987223 ], [ 108.5015928, 32.2016654 ], [ 108.5045572, 32.2041707 ], [ 108.5029413, 32.2064954 ], [ 108.5025237, 32.207096 ], [ 108.5017384, 32.208617 ], [ 108.5016124, 32.208933 ], [ 108.501505, 32.2093486 ], [ 108.5014512, 32.2097749 ], [ 108.5014426, 32.2099901 ], [ 108.5014583, 32.2104211 ], [ 108.5014753, 32.2105379 ], [ 108.5015358, 32.2109544 ], [ 108.5015818, 32.2111319 ], [ 108.5016259, 32.211302 ], [ 108.5028294, 32.2149855 ], [ 108.5029322, 32.2152079 ], [ 108.5029401, 32.2152182 ], [ 108.5032092, 32.2151724 ], [ 108.503391, 32.215176 ], [ 108.5036572, 32.2152143 ], [ 108.5052113, 32.2155071 ], [ 108.5059064, 32.2157399 ], [ 108.5061437, 32.2159141 ], [ 108.5065442, 32.2163721 ], [ 108.5077407, 32.2177446 ], [ 108.5079461, 32.2179921 ], [ 108.5095648, 32.2203059 ], [ 108.5096202, 32.2203992 ], [ 108.5073475, 32.2321138 ], [ 108.5061224, 32.2348154 ], [ 108.5038861, 32.2384056 ], [ 108.5031688, 32.2398242 ], [ 108.5027989, 32.2405683 ], [ 108.5026231, 32.2409842 ], [ 108.5025816, 32.2415984 ], [ 108.5026488, 32.242746 ], [ 108.5027463, 32.2433909 ], [ 108.5029019, 32.2443165 ], [ 108.5029936, 32.24457 ], [ 108.5030816, 32.2449631 ], [ 108.5030731, 32.2452705 ], [ 108.5029328, 32.2455892 ], [ 108.5026247, 32.2460304 ], [ 108.5012095, 32.2478413 ], [ 108.4999234, 32.2493639 ], [ 108.498743, 32.2497478 ], [ 108.4983456, 32.2498477 ], [ 108.4978217, 32.2499331 ], [ 108.4974007, 32.2498649 ], [ 108.4962169, 32.249668 ], [ 108.4955749, 32.249518 ], [ 108.4945114, 32.2492099 ], [ 108.4935384, 32.2488162 ], [ 108.4931875, 32.2485729 ], [ 108.4931493, 32.2485465 ], [ 108.4929231, 32.24823 ], [ 108.4926436, 32.2477128 ], [ 108.4923345, 32.2472075 ], [ 108.4919601, 32.246938 ], [ 108.491553, 32.2467927 ], [ 108.49101, 32.2467819 ], [ 108.4903448, 32.2469434 ], [ 108.4897963, 32.2471322 ], [ 108.489528, 32.2472766 ], [ 108.4810249, 32.2520077 ], [ 108.4808263, 32.252184 ], [ 108.4802852, 32.2528327 ], [ 108.4799509, 32.2532378 ], [ 108.4795245, 32.2537908 ], [ 108.4793339, 32.2543111 ], [ 108.4792361, 32.2546586 ], [ 108.4787319, 32.2585543 ], [ 108.478726, 32.2587663 ], [ 108.4788635, 32.259106 ], [ 108.4796703, 32.2607319 ], [ 108.4801524, 32.2613529 ], [ 108.4805919, 32.2619232 ], [ 108.4806884, 32.2621498 ], [ 108.4806976, 32.2623496 ], [ 108.4805906, 32.2625601 ], [ 108.4791616, 32.2642532 ], [ 108.4785712, 32.2648902 ], [ 108.4771794, 32.2663599 ], [ 108.4762873, 32.2672679 ], [ 108.474284, 32.269307 ], [ 108.4728326, 32.2705781 ], [ 108.4679489, 32.2734875 ], [ 108.4675781, 32.2736173 ], [ 108.467167, 32.2736091 ], [ 108.4666997, 32.2735124 ], [ 108.4662796, 32.2733043 ], [ 108.4655947, 32.2725793 ], [ 108.4652706, 32.2720861 ], [ 108.46492, 32.2714925 ], [ 108.4646, 32.2708497 ], [ 108.4644416, 32.2702101 ], [ 108.4634425, 32.2686427 ], [ 108.461134, 32.2661006 ], [ 108.4606705, 32.2658667 ], [ 108.4602917, 32.2657592 ], [ 108.4497774, 32.2636131 ], [ 108.4435191, 32.2626379 ], [ 108.4368861, 32.2635017 ], [ 108.4300215, 32.2652838 ], [ 108.4296965, 32.2653521 ], [ 108.4237773, 32.264333 ], [ 108.4182637, 32.2629152 ], [ 108.418015, 32.2627687 ], [ 108.4176033, 32.262454 ], [ 108.4131997, 32.2582518 ], [ 108.4129157, 32.2579091 ], [ 108.4126098, 32.2573039 ], [ 108.4045313, 32.2583984 ], [ 108.4005694, 32.2609859 ], [ 108.3980668, 32.2626202 ], [ 108.3942423, 32.2643756 ], [ 108.3934283, 32.2645959 ], [ 108.3918031, 32.2649367 ], [ 108.3873354, 32.2655556 ], [ 108.3871006, 32.2655507 ], [ 108.3868829, 32.2654589 ], [ 108.3862017, 32.2651453 ], [ 108.3856819, 32.264835 ], [ 108.3835798, 32.263369 ], [ 108.3827597, 32.262778 ], [ 108.3821723, 32.2622667 ], [ 108.3814897, 32.2614913 ], [ 108.3812348, 32.2611616 ], [ 108.380778, 32.2607029 ], [ 108.3804344, 32.2603963 ], [ 108.3781865, 32.2589022 ], [ 108.3757528, 32.2582527 ], [ 108.3678221, 32.2562278 ], [ 108.3638869, 32.2552228 ], [ 108.3584048, 32.2548836 ], [ 108.3578324, 32.2548716 ], [ 108.357361, 32.2549242 ], [ 108.3553166, 32.2555427 ], [ 108.352533, 32.2563329 ], [ 108.3518084, 32.2565048 ], [ 108.3509683, 32.256612 ], [ 108.3498361, 32.2566631 ], [ 108.3488664, 32.2566802 ], [ 108.3477071, 32.2566558 ], [ 108.3470045, 32.2565787 ], [ 108.3460707, 32.2563719 ], [ 108.3452018, 32.2559543 ], [ 108.3450003, 32.2558128 ], [ 108.3351164, 32.2453102 ], [ 108.3343191, 32.2444573 ], [ 108.333608, 32.2436687 ], [ 108.3329901, 32.2427073 ], [ 108.3322313, 32.2410441 ], [ 108.3317899, 32.2396578 ], [ 108.3316201, 32.2388695 ], [ 108.331452, 32.2384911 ], [ 108.331109, 32.2379686 ], [ 108.3297308, 32.2366864 ], [ 108.32855, 32.2359002 ], [ 108.3274238, 32.2352525 ], [ 108.3266997, 32.2349127 ], [ 108.3260883, 32.2347376 ], [ 108.3252047, 32.234588 ], [ 108.3240834, 32.2345642 ], [ 108.3088475, 32.2345162 ], [ 108.3058208, 32.2345065 ], [ 108.2984582, 32.2382298 ], [ 108.2965916, 32.2397871 ], [ 108.2938352, 32.2427192 ], [ 108.293118, 32.2433425 ], [ 108.2868391, 32.248799 ], [ 108.2858205, 32.2495879 ], [ 108.2853742, 32.249874 ], [ 108.2833628, 32.251145 ], [ 108.2824366, 32.2516741 ], [ 108.2814976, 32.2521405 ], [ 108.2807095, 32.2524729 ], [ 108.2800726, 32.2526588 ], [ 108.2796745, 32.2527126 ], [ 108.2689817, 32.2558367 ], [ 108.2612612, 32.2580917 ], [ 108.2609489, 32.2582222 ], [ 108.2604801, 32.2586737 ], [ 108.2601427, 32.259153 ], [ 108.2594854, 32.2604988 ], [ 108.2589384, 32.2615974 ], [ 108.2583801, 32.2625835 ], [ 108.2572792, 32.2645186 ], [ 108.2568153, 32.2652946 ], [ 108.2564631, 32.2657736 ], [ 108.255826, 32.266446 ], [ 108.2531705, 32.2687964 ], [ 108.251309, 32.2703249 ], [ 108.248109, 32.2729522 ], [ 108.2472972, 32.2736141 ], [ 108.2468062, 32.2738946 ], [ 108.2441367, 32.2752887 ], [ 108.2429006, 32.2758102 ], [ 108.2410594, 32.2762522 ], [ 108.2400685, 32.276333 ], [ 108.2394772, 32.2763671 ], [ 108.2381211, 32.2763766 ], [ 108.2376333, 32.2763424 ], [ 108.2373482, 32.2762568 ], [ 108.2351025, 32.2750519 ], [ 108.2346044, 32.2747281 ], [ 108.2280448, 32.2698257 ], [ 108.2266317, 32.2685039 ], [ 108.2266033, 32.2684634 ], [ 108.2265722, 32.2683062 ], [ 108.2265741, 32.2682434 ], [ 108.2265867, 32.2681329 ], [ 108.2267271, 32.2675417 ], [ 108.2231515, 32.2635225 ], [ 108.2180007, 32.2591094 ], [ 108.2156617, 32.2590107 ], [ 108.2123317, 32.2616673 ], [ 108.212159, 32.2617302 ], [ 108.2119663, 32.2617666 ], [ 108.211908, 32.2617691 ], [ 108.2118523, 32.2617517 ], [ 108.2082947, 32.2588741 ], [ 108.2077514, 32.2582983 ], [ 108.2074307, 32.2578496 ], [ 108.2074415, 32.2574966 ], [ 108.2075765, 32.2572555 ], [ 108.2082939, 32.2564924 ], [ 108.2085376, 32.2561448 ], [ 108.2098505, 32.2537448 ], [ 108.2101108, 32.2531955 ], [ 108.2101308, 32.2530322 ], [ 108.2099515, 32.2494273 ], [ 108.2099368, 32.2493335 ], [ 108.2099305, 32.2493179 ], [ 108.2093549, 32.2482726 ], [ 108.2088413, 32.2474648 ], [ 108.2082175, 32.2467801 ], [ 108.2075009, 32.2461664 ], [ 108.2043224, 32.2434602 ], [ 108.2038859, 32.2430973 ], [ 108.1975511, 32.2401036 ], [ 108.1941725, 32.2387242 ], [ 108.1929364, 32.2383707 ], [ 108.1920224, 32.2379428 ], [ 108.1914582, 32.237577 ], [ 108.1900228, 32.2364309 ], [ 108.1893114, 32.2356542 ], [ 108.1890372, 32.2352133 ], [ 108.1887386, 32.2345273 ], [ 108.1885654, 32.2339257 ], [ 108.1885223, 32.2333256 ], [ 108.1886295, 32.2327601 ], [ 108.1889393, 32.2321677 ], [ 108.1897378, 32.2311529 ], [ 108.1906027, 32.230058 ], [ 108.1908414, 32.2295742 ], [ 108.1912775, 32.2278719 ], [ 108.1913077, 32.2277173 ], [ 108.1912513, 32.2276058 ], [ 108.1911448, 32.2275017 ], [ 108.1849206, 32.2228238 ], [ 108.1846134, 32.2226122 ], [ 108.1844941, 32.2225527 ], [ 108.1842792, 32.222491 ], [ 108.1837224, 32.2223446 ], [ 108.1824993, 32.2222688 ], [ 108.181496, 32.2222268 ], [ 108.1807735, 32.2222575 ], [ 108.1760037, 32.222477 ], [ 108.1754253, 32.2225728 ], [ 108.1751656, 32.2227029 ], [ 108.1743106, 32.2234718 ], [ 108.1738581, 32.2241239 ], [ 108.1710904, 32.2296428 ], [ 108.1627333, 32.234693 ], [ 108.1609412, 32.2352641 ], [ 108.1601617, 32.2356542 ], [ 108.1552313, 32.2384372 ], [ 108.1545678, 32.2389521 ], [ 108.1539389, 32.2396715 ], [ 108.1539213, 32.2396916 ], [ 108.1532365, 32.2399305 ], [ 108.1497514, 32.2411464 ], [ 108.1493182, 32.2411978 ], [ 108.1490811, 32.2411109 ], [ 108.1487584, 32.240696 ], [ 108.1461611, 32.2339943 ], [ 108.1441645, 32.2287398 ], [ 108.1441466, 32.2286899 ], [ 108.1440421, 32.2281984 ], [ 108.1439175, 32.2275842 ], [ 108.1438887, 32.2269721 ], [ 108.1437666, 32.2262765 ], [ 108.1435297, 32.225671 ], [ 108.1429954, 32.2248732 ], [ 108.1402666, 32.2211884 ], [ 108.1401483, 32.2210974 ], [ 108.139056, 32.2205795 ], [ 108.1384073, 32.220301 ], [ 108.1378247, 32.2202138 ], [ 108.1359979, 32.220065 ], [ 108.1279698, 32.2195456 ], [ 108.1201962, 32.2194924 ], [ 108.1185763, 32.219585 ], [ 108.1165238, 32.2217179 ], [ 108.1161318, 32.2222043 ], [ 108.1157137, 32.2232952 ], [ 108.1155593, 32.2235266 ], [ 108.1151743, 32.2237212 ], [ 108.1124151, 32.2245762 ], [ 108.1117355, 32.2246901 ], [ 108.1100261, 32.2248113 ], [ 108.108237, 32.2248973 ], [ 108.1079194, 32.2248901 ], [ 108.1039836, 32.2254209 ], [ 108.1003006, 32.2262222 ], [ 108.1001382, 32.226259 ], [ 108.0985303, 32.2266319 ], [ 108.0983383, 32.2268713 ], [ 108.0981855, 32.2271531 ], [ 108.0981473, 32.2276006 ], [ 108.0981674, 32.2284773 ], [ 108.0981123, 32.2287003 ], [ 108.0979608, 32.2289413 ], [ 108.0956711, 32.2308247 ], [ 108.0954023, 32.2309816 ], [ 108.093001, 32.2320816 ], [ 108.0907931, 32.2330929 ], [ 108.087901, 32.2344175 ], [ 108.0877193, 32.2344731 ], [ 108.0874883, 32.2345168 ], [ 108.0863214, 32.2346399 ], [ 108.084846, 32.2346706 ], [ 108.0844065, 32.2346379 ], [ 108.0842882, 32.2346116 ], [ 108.0799096, 32.2333551 ], [ 108.0776449, 32.2324442 ], [ 108.0774001, 32.2323029 ], [ 108.0710023, 32.2322318 ], [ 108.0687129, 32.2341208 ], [ 108.0680393, 32.234403 ], [ 108.0675467, 32.2345073 ], [ 108.0670368, 32.2345778 ], [ 108.0666922, 32.2345326 ], [ 108.0654167, 32.233944 ], [ 108.0645785, 32.2333891 ], [ 108.0627271, 32.2321262 ], [ 108.0612856, 32.2307398 ], [ 108.0611154, 32.2305217 ], [ 108.0607672, 32.2300757 ], [ 108.0606089, 32.2298726 ], [ 108.060569, 32.2297491 ], [ 108.0604434, 32.2290502 ], [ 108.0605017, 32.2285372 ], [ 108.0606751, 32.2276898 ], [ 108.0609173, 32.2266489 ], [ 108.0610063, 32.2262118 ], [ 108.0609634, 32.2259662 ], [ 108.0609456, 32.2258639 ], [ 108.058988, 32.2229284 ], [ 108.0584633, 32.2225455 ], [ 108.0557278, 32.2211367 ], [ 108.0537386, 32.220377 ], [ 108.0425974, 32.2172228 ], [ 108.0416419, 32.2171189 ], [ 108.0367834, 32.2166388 ], [ 108.036242, 32.2166163 ], [ 108.035743, 32.2167811 ], [ 108.034145, 32.2174692 ], [ 108.0336622, 32.217703 ], [ 108.0334094, 32.2179559 ], [ 108.0325711, 32.2191188 ], [ 108.0319381, 32.2202654 ], [ 108.0318061, 32.2204375 ], [ 108.029782, 32.222078 ], [ 108.0289995, 32.2225487 ], [ 108.0282237, 32.2228158 ], [ 108.0278819, 32.2228329 ], [ 108.0275739, 32.2228002 ], [ 108.026788, 32.2225739 ], [ 108.0252916, 32.2220028 ], [ 108.0250601, 32.2217928 ], [ 108.0206644, 32.2161808 ], [ 108.0203099, 32.2157282 ], [ 108.0193609, 32.2145164 ], [ 108.0190282, 32.2072801 ], [ 108.0194692, 32.2007854 ], [ 108.0165472, 32.1986563 ], [ 108.0162904, 32.1984465 ], [ 108.0150118, 32.1972343 ], [ 108.0147125, 32.1968604 ], [ 108.012949, 32.1943529 ], [ 108.0127661, 32.1940836 ], [ 108.0126843, 32.1936537 ], [ 108.0126703, 32.1933477 ], [ 108.0127069, 32.1929614 ], [ 108.0134439, 32.1860404 ], [ 108.0138537, 32.1852146 ], [ 108.0147571, 32.1841044 ], [ 108.014877, 32.1839621 ], [ 108.0150569, 32.1838898 ], [ 108.0154668, 32.1838368 ], [ 108.0199657, 32.1812925 ], [ 108.0204975, 32.1767401 ], [ 108.0205137, 32.1764012 ], [ 108.0202922, 32.1761672 ], [ 108.0173841, 32.1744793 ], [ 108.0172027, 32.174421 ], [ 108.0168315, 32.1743829 ], [ 108.0155964, 32.174287 ], [ 108.0145902, 32.1741025 ], [ 108.0142673, 32.1740007 ], [ 108.0132156, 32.1734249 ], [ 108.0027823, 32.1674768 ], [ 108.0026548, 32.1673662 ], [ 108.0024914, 32.1671821 ], [ 108.0009372, 32.1646318 ], [ 108.0008506, 32.1643965 ], [ 108.0008779, 32.1642455 ], [ 108.0009186, 32.1641735 ], [ 108.0012024, 32.163693 ], [ 108.0015387, 32.1631237 ], [ 108.0018214, 32.1626565 ], [ 108.0019903, 32.1622624 ], [ 108.0020727, 32.1617904 ], [ 108.0020826, 32.1614873 ], [ 108.002032, 32.160995 ], [ 108.0017984, 32.1604012 ], [ 108.0015448, 32.1598443 ], [ 108.0014845, 32.159734 ], [ 108.0013818, 32.1596976 ], [ 108.0012932, 32.1597159 ], [ 108.0, 32.1605489 ], [ 107.9979515, 32.1608848 ], [ 107.9978388, 32.1606841 ], [ 107.9971893, 32.1595277 ], [ 107.9969648, 32.159128 ], [ 107.9977306, 32.1581354 ], [ 107.9982576, 32.1574525 ], [ 107.9980853, 32.1562816 ], [ 107.9974434, 32.1557505 ], [ 107.9908242, 32.1502728 ], [ 107.9894718, 32.1493578 ], [ 107.9875127, 32.1490836 ], [ 107.9770181, 32.1480921 ], [ 107.9736943, 32.1478072 ], [ 107.9720674, 32.1479665 ], [ 107.9710351, 32.1491191 ], [ 107.969898, 32.1503887 ], [ 107.9682953, 32.152178 ], [ 107.9649026, 32.1561422 ], [ 107.9637304, 32.1575117 ], [ 107.9576069, 32.1633304 ], [ 107.9562836, 32.163676 ], [ 107.9548671, 32.164046 ], [ 107.9542532, 32.1642063 ], [ 107.9482529, 32.1692902 ], [ 107.9331183, 32.1835575 ], [ 107.9325597, 32.1841388 ], [ 107.9275229, 32.1893795 ], [ 107.9238205, 32.1932313 ], [ 107.9219405, 32.1961362 ], [ 107.9194657, 32.1990285 ], [ 107.9191078, 32.19927 ], [ 107.9177158, 32.2002091 ], [ 107.9170128, 32.2006834 ], [ 107.9151551, 32.199679 ], [ 107.9140553, 32.1995612 ], [ 107.913457, 32.1994972 ], [ 107.9132628, 32.1995846 ], [ 107.9096674, 32.2012037 ], [ 107.9081094, 32.2019052 ], [ 107.9035018, 32.2067207 ], [ 107.9027819, 32.2075164 ], [ 107.9024826, 32.2078472 ], [ 107.9018153, 32.2085848 ], [ 107.9012713, 32.209186 ], [ 107.9008143, 32.2096911 ], [ 107.9007078, 32.2098088 ], [ 107.9003049, 32.2102541 ], [ 107.8998408, 32.210767 ], [ 107.8863968, 32.2166352 ], [ 107.8860135, 32.2168025 ], [ 107.8853758, 32.2163445 ], [ 107.885019, 32.21551 ], [ 107.884521, 32.2143451 ], [ 107.882354, 32.2118601 ], [ 107.8781758, 32.2075451 ], [ 107.875917, 32.2054224 ], [ 107.8736325, 32.2039255 ], [ 107.8725521, 32.203637 ], [ 107.8613629, 32.2040664 ], [ 107.8593414, 32.2058858 ], [ 107.8569657, 32.2080237 ], [ 107.8552993, 32.2095233 ], [ 107.8527538, 32.2118139 ], [ 107.8517229, 32.2127237 ], [ 107.8490715, 32.2150636 ], [ 107.841019, 32.220947 ], [ 107.8411006, 32.2221955 ], [ 107.8411458, 32.2228886 ], [ 107.8410688, 32.2235985 ], [ 107.8400165, 32.2245503 ], [ 107.8382005, 32.2251483 ], [ 107.836836, 32.2251962 ], [ 107.8367474, 32.2251993 ], [ 107.8357017, 32.225236 ], [ 107.8318245, 32.225372 ], [ 107.8308924, 32.2252092 ], [ 107.830736, 32.225104 ], [ 107.8305249, 32.2249623 ], [ 107.8297334, 32.2244304 ], [ 107.8266383, 32.2274579 ], [ 107.8242614, 32.2297826 ], [ 107.8224305, 32.2324381 ], [ 107.8214237, 32.2338983 ], [ 107.820097, 32.2367632 ], [ 107.8174179, 32.2383211 ], [ 107.816307, 32.238967 ], [ 107.8151961, 32.2393905 ], [ 107.8143919, 32.239697 ], [ 107.81339, 32.2405356 ], [ 107.8129685, 32.2411185 ], [ 107.8060529, 32.2506794 ], [ 107.805661, 32.2516332 ], [ 107.805319, 32.2553066 ], [ 107.8036367, 32.2597829 ], [ 107.8015406, 32.265223 ], [ 107.8008538, 32.266719 ], [ 107.8003368, 32.2677716 ], [ 107.7999939, 32.2684697 ], [ 107.7967621, 32.2705039 ], [ 107.7958437, 32.2710819 ], [ 107.7913461, 32.274639 ], [ 107.7863779, 32.278949 ], [ 107.7848328, 32.2802893 ], [ 107.7814967, 32.2853031 ], [ 107.7782644, 32.2915173 ], [ 107.7776788, 32.2932877 ], [ 107.7776773, 32.2932922 ], [ 107.7772148, 32.2946907 ], [ 107.7742237, 32.3022026 ], [ 107.773928, 32.3027606 ], [ 107.7707271, 32.3087993 ], [ 107.7704345, 32.3093513 ], [ 107.7697165, 32.3099428 ], [ 107.767643, 32.3116507 ], [ 107.76548, 32.3134323 ], [ 107.7641103, 32.3145605 ], [ 107.7636352, 32.3149518 ], [ 107.7626967, 32.3157248 ], [ 107.7624625, 32.3159176 ], [ 107.7621234, 32.3161969 ], [ 107.7577862, 32.3215933 ], [ 107.7557481, 32.3250856 ], [ 107.7533353, 32.3292196 ], [ 107.7511498, 32.3375643 ], [ 107.7510464, 32.3379592 ], [ 107.7498332, 32.338624 ], [ 107.7484285, 32.338826 ], [ 107.7476874, 32.3389326 ], [ 107.7460889, 32.3391624 ], [ 107.7376164, 32.3370445 ], [ 107.7343403, 32.3352199 ], [ 107.7339922, 32.3350261 ], [ 107.7302224, 32.3341014 ], [ 107.7237594, 32.3325222 ], [ 107.718992, 32.3315188 ], [ 107.7111864, 32.3298755 ], [ 107.71115, 32.3298678 ], [ 107.7109042, 32.3298161 ], [ 107.7105147, 32.3299873 ], [ 107.7052867, 32.3322847 ], [ 107.7016181, 32.3342922 ], [ 107.7009656, 32.3354047 ], [ 107.6947979, 32.3459192 ], [ 107.6944235, 32.3466615 ], [ 107.6901495, 32.3582006 ], [ 107.6885324, 32.3638739 ], [ 107.6881825, 32.3651011 ], [ 107.6884456, 32.3660525 ], [ 107.6900605, 32.3682245 ], [ 107.6904723, 32.3692717 ], [ 107.690344, 32.3698495 ], [ 107.6892782, 32.3746502 ], [ 107.6873476, 32.3806922 ], [ 107.6871891, 32.3811883 ], [ 107.6803575, 32.3946603 ], [ 107.679838, 32.3948419 ], [ 107.6792903, 32.3950334 ], [ 107.6779362, 32.3955823 ], [ 107.6774578, 32.3958679 ], [ 107.6771411, 32.3961346 ], [ 107.6769344, 32.3964603 ], [ 107.6767456, 32.3967855 ], [ 107.6764668, 32.3977246 ], [ 107.6760426, 32.3987723 ], [ 107.6757192, 32.3995216 ], [ 107.6746848, 32.4002713 ], [ 107.6731396, 32.400457 ], [ 107.6708402, 32.4001387 ], [ 107.6693491, 32.3997114 ], [ 107.6680329, 32.3987501 ], [ 107.6675949, 32.398743 ], [ 107.6634985, 32.4007629 ], [ 107.6556108, 32.4053995 ], [ 107.6533057, 32.4067899 ], [ 107.6515906, 32.408319 ], [ 107.6511867, 32.4086791 ], [ 107.651073, 32.4098159 ], [ 107.6510129, 32.4104158 ], [ 107.6491456, 32.4122543 ], [ 107.6450095, 32.4142937 ], [ 107.6442259, 32.4146396 ], [ 107.6438336, 32.4148127 ], [ 107.642596, 32.415359 ], [ 107.6420535, 32.4153092 ], [ 107.6359396, 32.4114914 ], [ 107.6355471, 32.4112463 ], [ 107.6343314, 32.4104871 ], [ 107.6339288, 32.410113 ], [ 107.6327893, 32.409054 ], [ 107.6325412, 32.4088234 ], [ 107.6309513, 32.4065204 ], [ 107.6308122, 32.4063188 ], [ 107.6287914, 32.4063776 ], [ 107.6277735, 32.4067201 ], [ 107.6242268, 32.4094134 ], [ 107.6230093, 32.4103379 ], [ 107.6221513, 32.4106005 ], [ 107.6217367, 32.4106091 ], [ 107.62116, 32.4106211 ], [ 107.615502, 32.4103711 ], [ 107.6143346, 32.4103194 ], [ 107.6120913, 32.4094481 ], [ 107.6115941, 32.4090913 ], [ 107.6110969, 32.4087345 ], [ 107.6100814, 32.4072869 ], [ 107.6094489, 32.4072388 ], [ 107.6087226, 32.4079558 ], [ 107.6067766, 32.4098766 ], [ 107.6052609, 32.4113727 ], [ 107.6038309, 32.4141018 ], [ 107.6028162, 32.4160382 ], [ 107.6018426, 32.4167126 ], [ 107.6008918, 32.4165787 ], [ 107.600363, 32.4165042 ], [ 107.5991715, 32.4160653 ], [ 107.5979182, 32.4156037 ], [ 107.5967298, 32.415166 ], [ 107.5961141, 32.4149392 ], [ 107.5936983, 32.4140494 ], [ 107.5853251, 32.41038 ], [ 107.5788367, 32.407536 ], [ 107.5759648, 32.4062014 ], [ 107.564894, 32.401056 ], [ 107.5633334, 32.4002012 ], [ 107.5620048, 32.3994734 ], [ 107.5603701, 32.398578 ], [ 107.5527984, 32.3955692 ], [ 107.5517629, 32.3951576 ], [ 107.5495094, 32.3945301 ], [ 107.547506, 32.3944636 ], [ 107.5453838, 32.3953316 ], [ 107.5421937, 32.3966362 ], [ 107.5387624, 32.3958028 ], [ 107.5383694, 32.3952617 ], [ 107.5385254, 32.3940975 ], [ 107.5382849, 32.3923194 ], [ 107.5381893, 32.3916121 ], [ 107.5349332, 32.3858902 ], [ 107.5327026, 32.3856479 ], [ 107.5324365, 32.385619 ], [ 107.5313762, 32.3855038 ], [ 107.5302627, 32.385657 ], [ 107.5271062, 32.3860912 ], [ 107.525981, 32.3865341 ], [ 107.5237649, 32.3874061 ], [ 107.5232558, 32.3876065 ], [ 107.5137809, 32.3913343 ], [ 107.5136198, 32.3913977 ], [ 107.5031864, 32.3959363 ], [ 107.4984717, 32.3979868 ], [ 107.4951432, 32.3994343 ], [ 107.49355, 32.4001271 ], [ 107.4930175, 32.4015673 ], [ 107.4905302, 32.4082946 ], [ 107.4889747, 32.4128104 ], [ 107.4876261, 32.4167252 ], [ 107.4842755, 32.4227397 ], [ 107.4831967, 32.4246759 ], [ 107.482194, 32.4264755 ], [ 107.4814006, 32.4272227 ], [ 107.4812807, 32.4273356 ], [ 107.4809975, 32.4273774 ], [ 107.4763256, 32.4279528 ], [ 107.4742293, 32.427885 ], [ 107.4735126, 32.4274778 ], [ 107.4720129, 32.4258316 ], [ 107.4704233, 32.4240867 ], [ 107.4697991, 32.4230174 ], [ 107.4697997, 32.4225789 ], [ 107.4698011, 32.4215303 ], [ 107.4692629, 32.4212795 ], [ 107.4659549, 32.4206212 ], [ 107.461745, 32.4199036 ], [ 107.4575976, 32.4205124 ], [ 107.4533967, 32.4202285 ], [ 107.4520285, 32.419764 ], [ 107.4509803, 32.4224492 ], [ 107.4502108, 32.4244201 ], [ 107.4448471, 32.4284129 ], [ 107.4454553, 32.4332488 ], [ 107.446177, 32.4346486 ], [ 107.4482499, 32.4360352 ], [ 107.4507349, 32.4366434 ], [ 107.4531554, 32.4389907 ], [ 107.4553653, 32.4433396 ], [ 107.4557437, 32.4467668 ], [ 107.4563801, 32.45253 ], [ 107.4558466, 32.4560022 ], [ 107.4534291, 32.4605311 ], [ 107.4520334, 32.4613477 ], [ 107.4447342, 32.4656178 ], [ 107.4384778, 32.4668338 ], [ 107.4374516, 32.4660944 ], [ 107.4355608, 32.4670766 ], [ 107.4341738, 32.4677971 ], [ 107.4339004, 32.4683759 ], [ 107.4283047, 32.4802199 ], [ 107.4282632, 32.480747 ], [ 107.4279182, 32.485123 ], [ 107.4284633, 32.4894744 ], [ 107.4289, 32.4929606 ], [ 107.4272918, 32.4988752 ], [ 107.4249914, 32.5023881 ], [ 107.4240838, 32.503774 ], [ 107.4243201, 32.5044652 ], [ 107.4249436, 32.5062894 ], [ 107.4252898, 32.5073022 ], [ 107.4274458, 32.5091247 ], [ 107.4300755, 32.5130798 ], [ 107.4321415, 32.5181681 ], [ 107.4320938, 32.5191929 ], [ 107.4319528, 32.5222283 ], [ 107.4316684, 32.528348 ], [ 107.4315995, 32.5298303 ], [ 107.4315067, 32.5318279 ], [ 107.4314499, 32.5330499 ], [ 107.4300315, 32.5359504 ], [ 107.4299291, 32.5383467 ], [ 107.4298228, 32.5408359 ], [ 107.4298197, 32.5409084 ], [ 107.4258424, 32.5385098 ], [ 107.4247809, 32.5380339 ], [ 107.4229859, 32.5378072 ], [ 107.4225968, 32.5379058 ], [ 107.4163993, 32.5394756 ], [ 107.4018058, 32.5416364 ], [ 107.396425, 32.5416113 ], [ 107.3895928, 32.542549 ], [ 107.3891543, 32.5426091 ], [ 107.3885706, 32.5428609 ], [ 107.38603, 32.5439568 ], [ 107.3843831, 32.5451917 ], [ 107.383171, 32.5457663 ], [ 107.3831708, 32.5457664 ], [ 107.3822014, 32.5462259 ], [ 107.3817495, 32.5463414 ], [ 107.372412, 32.5487265 ], [ 107.3722774, 32.5487291 ], [ 107.3719467, 32.5486308 ], [ 107.3664419, 32.5416562 ], [ 107.3665143, 32.5411958 ], [ 107.3668708, 32.5389273 ], [ 107.3670519, 32.5377753 ], [ 107.365628, 32.534339 ], [ 107.3653871, 32.5337574 ], [ 107.3624783, 32.5294589 ], [ 107.3559644, 32.5236194 ], [ 107.3512011, 32.5208031 ], [ 107.3447392, 32.5154109 ], [ 107.3422042, 32.5126975 ], [ 107.3410977, 32.5120086 ], [ 107.3397888, 32.5111937 ], [ 107.3387625, 32.5108772 ], [ 107.337419, 32.5104628 ], [ 107.3317528, 32.508715 ], [ 107.3290556, 32.5078829 ], [ 107.3280394, 32.5075694 ], [ 107.3170325, 32.5040328 ], [ 107.3080651, 32.5005696 ], [ 107.3060601, 32.4990834 ], [ 107.2988198, 32.493716 ], [ 107.2963992, 32.4919213 ], [ 107.2942915, 32.4903585 ], [ 107.2930799, 32.4842566 ], [ 107.2926633, 32.4829343 ], [ 107.2902262, 32.475197 ], [ 107.2875187, 32.4712533 ], [ 107.2852798, 32.4708599 ], [ 107.2825892, 32.470387 ], [ 107.2809747, 32.4692317 ], [ 107.2762679, 32.4658633 ], [ 107.2758377, 32.4652581 ], [ 107.2764821, 32.4600922 ], [ 107.2776516, 32.4594332 ], [ 107.2805226, 32.4578153 ], [ 107.280714, 32.4569557 ], [ 107.2816259, 32.4528589 ], [ 107.281656, 32.4519261 ], [ 107.2814404, 32.4511942 ], [ 107.2812647, 32.4505978 ], [ 107.2797201, 32.4503598 ], [ 107.2792378, 32.4499085 ], [ 107.2788759, 32.4495698 ], [ 107.2785698, 32.4476314 ], [ 107.2785028, 32.4431098 ], [ 107.2789139, 32.4399285 ], [ 107.2792238, 32.4392286 ], [ 107.2804784, 32.4388885 ], [ 107.2803723, 32.4374622 ], [ 107.2792976, 32.4347243 ], [ 107.2747421, 32.4247097 ], [ 107.273997, 32.4239099 ], [ 107.2727737, 32.4239121 ], [ 107.2727736, 32.4239121 ], [ 107.2720531, 32.4239134 ], [ 107.2715491, 32.4239144 ], [ 107.2715491, 32.4239144 ], [ 107.2709637, 32.4239154 ], [ 107.2703252, 32.4239166 ], [ 107.2659029, 32.4249746 ], [ 107.2642767, 32.4246575 ], [ 107.2621475, 32.4242423 ], [ 107.260171, 32.4228297 ], [ 107.2610084, 32.4207715 ], [ 107.2627902, 32.4187003 ], [ 107.2653289, 32.4157492 ], [ 107.2693601, 32.4101954 ], [ 107.2678001, 32.4082212 ], [ 107.2664906, 32.4065638 ], [ 107.2613761, 32.4055992 ], [ 107.2606334, 32.4054591 ], [ 107.2605377, 32.405487 ], [ 107.260106, 32.4056128 ], [ 107.2535093, 32.4091665 ], [ 107.2455871, 32.415404 ], [ 107.2437553, 32.4154185 ], [ 107.2406113, 32.4136543 ], [ 107.2381461, 32.4122708 ], [ 107.2378511, 32.4120065 ], [ 107.2376466, 32.4124802 ], [ 107.236691, 32.414694 ], [ 107.2357416, 32.418458 ], [ 107.2353647, 32.419952 ], [ 107.2351516, 32.4207968 ], [ 107.2346987, 32.4211576 ], [ 107.2318515, 32.4263106 ], [ 107.2316768, 32.4266269 ], [ 107.2275863, 32.4288075 ], [ 107.2272722, 32.4289356 ], [ 107.2238046, 32.43035 ], [ 107.2226771, 32.4307238 ], [ 107.2193119, 32.4318394 ], [ 107.2108903, 32.4349887 ], [ 107.2093005, 32.4355831 ], [ 107.2040648, 32.4375405 ], [ 107.1998155, 32.4404262 ], [ 107.199108, 32.4409192 ], [ 107.1984268, 32.4418862 ], [ 107.1965896, 32.4444938 ], [ 107.193841, 32.45188 ], [ 107.1932975, 32.4533402 ], [ 107.1932682, 32.4534191 ], [ 107.1938448, 32.4558149 ], [ 107.1953175, 32.4570562 ], [ 107.1955302, 32.4576438 ], [ 107.1971455, 32.4621072 ], [ 107.1968234, 32.4624667 ], [ 107.1962225, 32.4631374 ], [ 107.1961801, 32.4631846 ], [ 107.1936213, 32.4660404 ], [ 107.1933025, 32.4663963 ], [ 107.1899372, 32.4692946 ], [ 107.1845407, 32.4713586 ], [ 107.1839824, 32.4710781 ], [ 107.1835208, 32.4711802 ], [ 107.1797676, 32.4720107 ], [ 107.1794582, 32.4723064 ], [ 107.1736338, 32.4778737 ], [ 107.1713418, 32.4805031 ], [ 107.1703325, 32.4824909 ], [ 107.1701929, 32.4827659 ], [ 107.1698933, 32.4828299 ], [ 107.1694861, 32.4829169 ], [ 107.1688733, 32.4827419 ], [ 107.1622599, 32.480853 ], [ 107.1577819, 32.4771568 ], [ 107.1572645, 32.4773497 ], [ 107.1561612, 32.4777611 ], [ 107.152072, 32.4789583 ], [ 107.1509533, 32.4792858 ], [ 107.1464021, 32.480618 ], [ 107.1453555, 32.4809243 ], [ 107.1353265, 32.481787 ], [ 107.1335823, 32.4819369 ], [ 107.1271675, 32.4814364 ], [ 107.1245216, 32.4807396 ], [ 107.1224547, 32.4805154 ], [ 107.1222597, 32.4809216 ], [ 107.1191333, 32.4844081 ], [ 107.1173112, 32.485838 ], [ 107.1170954, 32.4860073 ], [ 107.1155717, 32.487203 ], [ 107.1152827, 32.4883985 ], [ 107.116454, 32.489985 ], [ 107.1188032, 32.4936703 ], [ 107.1190605, 32.4947714 ], [ 107.1185672, 32.4959152 ], [ 107.1181969, 32.4963291 ], [ 107.1153427, 32.4972109 ], [ 107.1134913, 32.4975528 ], [ 107.1116237, 32.4971074 ], [ 107.1101039, 32.4967448 ], [ 107.1097762, 32.4976587 ], [ 107.1081793, 32.5021128 ], [ 107.1081693, 32.5021937 ], [ 107.1073733, 32.5086177 ], [ 107.1088288, 32.5089218 ], [ 107.1104698, 32.5092647 ], [ 107.1108323, 32.5093404 ], [ 107.1118855, 32.5095605 ], [ 107.1148306, 32.5120603 ], [ 107.1151243, 32.5129797 ], [ 107.1081197, 32.5165112 ], [ 107.1024972, 32.5176078 ], [ 107.1012399, 32.5176641 ], [ 107.0972583, 32.5184312 ], [ 107.0942095, 32.5192444 ], [ 107.0935134, 32.51943 ], [ 107.0934562, 32.5194722 ], [ 107.0865792, 32.5245467 ], [ 107.0862309, 32.5248001 ], [ 107.0811594, 32.52849 ], [ 107.0804227, 32.5289546 ], [ 107.078573, 32.5301211 ], [ 107.0755146, 32.5320498 ], [ 107.0740109, 32.5317932 ], [ 107.071945, 32.5314407 ], [ 107.0653451, 32.5336429 ], [ 107.065247, 32.5336756 ], [ 107.0654556, 32.5347605 ], [ 107.0658814, 32.5369755 ], [ 107.067587, 32.5391562 ], [ 107.070992, 32.5407317 ], [ 107.0730642, 32.5416905 ], [ 107.0740991, 32.5421693 ], [ 107.0791793, 32.5453755 ], [ 107.0794256, 32.5457901 ], [ 107.0819919, 32.5501094 ], [ 107.0841812, 32.5537939 ], [ 107.0852225, 32.5555462 ], [ 107.0856903, 32.5563334 ], [ 107.0856578, 32.556724 ], [ 107.0854957, 32.5586732 ], [ 107.085136, 32.5597371 ], [ 107.0850964, 32.5598542 ], [ 107.0848796, 32.5600638 ], [ 107.0844169, 32.560511 ], [ 107.0842244, 32.5611438 ], [ 107.0836867, 32.5629114 ], [ 107.0837051, 32.566297 ], [ 107.0837088, 32.5669627 ], [ 107.0844945, 32.5676419 ], [ 107.0858189, 32.5687865 ], [ 107.0870271, 32.5702108 ], [ 107.0877309, 32.5710403 ], [ 107.0890481, 32.5737593 ], [ 107.0892286, 32.5761578 ], [ 107.090068, 32.5791403 ], [ 107.0903666, 32.5797041 ], [ 107.0934368, 32.5855028 ], [ 107.0934561, 32.5855332 ], [ 107.0953664, 32.5885435 ], [ 107.0968112, 32.5897545 ], [ 107.0984086, 32.5903006 ], [ 107.0986939, 32.5903982 ], [ 107.1005651, 32.5915104 ], [ 107.1008605, 32.5923493 ], [ 107.1007728, 32.5947236 ], [ 107.1002346, 32.5970879 ], [ 107.098062, 32.5988744 ], [ 107.0978446, 32.5990532 ], [ 107.0954881, 32.6034309 ], [ 107.0951698, 32.6040223 ], [ 107.0953721, 32.6063888 ], [ 107.0957192, 32.6069417 ], [ 107.0961924, 32.6076956 ], [ 107.0964976, 32.6092876 ], [ 107.0967406, 32.6105551 ], [ 107.0961886, 32.6118826 ], [ 107.0955766, 32.6133542 ], [ 107.0947957, 32.6152319 ], [ 107.0931628, 32.6186948 ], [ 107.0914937, 32.620509 ], [ 107.0913558, 32.6206589 ], [ 107.0907115, 32.6211153 ], [ 107.0900738, 32.6215671 ], [ 107.0877304, 32.6232271 ], [ 107.0860747, 32.6248824 ], [ 107.085452, 32.625505 ], [ 107.0848496, 32.6312145 ], [ 107.0848499, 32.6385822 ], [ 107.0852954, 32.6397644 ], [ 107.086418, 32.6412373 ], [ 107.0865382, 32.641333 ], [ 107.0875923, 32.642172 ], [ 107.0891061, 32.6445151 ], [ 107.0908796, 32.6477929 ], [ 107.0909052, 32.6478402 ], [ 107.0912504, 32.6484782 ], [ 107.0913481, 32.648762 ], [ 107.0931889, 32.6541059 ], [ 107.0936356, 32.6557085 ], [ 107.0930491, 32.6574764 ], [ 107.0928559, 32.6580587 ], [ 107.0927372, 32.6584163 ], [ 107.0892888, 32.666809 ], [ 107.0885791, 32.668485 ], [ 107.0883518, 32.6690218 ], [ 107.0859729, 32.6711693 ], [ 107.0833675, 32.6716552 ], [ 107.0820364, 32.6710791 ], [ 107.0818616, 32.6709146 ], [ 107.0811335, 32.6702298 ], [ 107.0786797, 32.6695776 ], [ 107.0768523, 32.6697013 ], [ 107.0714388, 32.6700676 ], [ 107.0706665, 32.6703496 ], [ 107.061784, 32.6735924 ], [ 107.0579347, 32.6784197 ], [ 107.0578812, 32.6785203 ], [ 107.0566617, 32.6808121 ], [ 107.0546937, 32.6845106 ], [ 107.0544435, 32.6849807 ], [ 107.0544854, 32.68521 ], [ 107.0562762, 32.6950224 ], [ 107.0566728, 32.6954757 ], [ 107.0576888, 32.6957529 ], [ 107.0588854, 32.6960793 ], [ 107.061883, 32.697423 ], [ 107.062938, 32.6987813 ], [ 107.0635016, 32.7004975 ], [ 107.0633137, 32.7019599 ], [ 107.0629102, 32.7050989 ], [ 107.0628549, 32.7055291 ], [ 107.0623845, 32.7091891 ], [ 107.0623281, 32.7096272 ], [ 107.0617341, 32.7107063 ], [ 107.0606118, 32.7112001 ], [ 107.0469573, 32.7172065 ], [ 107.0458367, 32.7175888 ], [ 107.0445505, 32.7173384 ], [ 107.0440375, 32.7170977 ], [ 107.0428609, 32.7165456 ], [ 107.0424296, 32.7163432 ], [ 107.0370094, 32.7135976 ], [ 107.0329603, 32.7117618 ], [ 107.0322935, 32.711767 ], [ 107.0275684, 32.7118034 ], [ 107.0273674, 32.711805 ], [ 107.0261995, 32.7134124 ], [ 107.0260929, 32.713707 ], [ 107.0258548, 32.7143647 ], [ 107.025354, 32.7157484 ], [ 107.0250943, 32.7164659 ], [ 107.025098, 32.7179054 ], [ 107.025729, 32.7204398 ], [ 107.0199284, 32.7205699 ], [ 107.0190203, 32.7204492 ], [ 107.0168236, 32.7201574 ], [ 107.0155328, 32.7202255 ], [ 107.0133199, 32.7203423 ], [ 107.0121041, 32.7204064 ], [ 107.0099644, 32.7227832 ], [ 107.009543, 32.7244583 ], [ 107.0096033, 32.7258799 ], [ 107.0039948, 32.7307266 ], [ 107.0030086, 32.7305742 ], [ 107.0028442, 32.730473 ], [ 107.0023017, 32.7301393 ], [ 107.0016701, 32.7297507 ], [ 106.9969715, 32.7221307 ], [ 106.9966023, 32.7219197 ], [ 106.9856664, 32.7156685 ], [ 106.9855501, 32.71325 ], [ 106.9855437, 32.7131159 ], [ 106.9833137, 32.7126005 ], [ 106.9826974, 32.7125545 ], [ 106.9811947, 32.7124422 ], [ 106.9808005, 32.7124127 ], [ 106.9740156, 32.7144529 ], [ 106.9701301, 32.7155757 ], [ 106.965139, 32.7170177 ], [ 106.9605253, 32.7180546 ], [ 106.9463821, 32.7187624 ], [ 106.9463435, 32.7187643 ], [ 106.9462908, 32.7187361 ], [ 106.9420034, 32.7164397 ], [ 106.9416646, 32.7162582 ], [ 106.9412935, 32.714471 ], [ 106.9325234, 32.7104322 ], [ 106.9129728, 32.7055793 ], [ 106.9118607, 32.7053032 ], [ 106.9114847, 32.7053558 ], [ 106.9096242, 32.7056162 ], [ 106.9088428, 32.7057256 ], [ 106.9008446, 32.7142466 ], [ 106.9006157, 32.7149739 ], [ 106.899837, 32.7174482 ], [ 106.9000951, 32.7200586 ], [ 106.9001847, 32.7209647 ], [ 106.8999527, 32.7222206 ], [ 106.8993591, 32.7228174 ], [ 106.8985309, 32.7236501 ], [ 106.8978814, 32.724303 ], [ 106.8943746, 32.7258826 ], [ 106.8919631, 32.7259899 ], [ 106.8917479, 32.7258925 ], [ 106.8880245, 32.7242071 ], [ 106.8845947, 32.7217439 ], [ 106.8841874, 32.721552 ], [ 106.8824079, 32.7207136 ], [ 106.8814174, 32.720247 ], [ 106.8808029, 32.7205797 ], [ 106.8785593, 32.7233247 ], [ 106.8781301, 32.723537 ], [ 106.8761744, 32.7245044 ], [ 106.8761323, 32.7245176 ], [ 106.8672144, 32.7273279 ], [ 106.8658969, 32.7275166 ], [ 106.8613037, 32.7272759 ], [ 106.8601756, 32.7270713 ], [ 106.8542881, 32.7260031 ], [ 106.8527277, 32.72572 ], [ 106.8453483, 32.7243806 ], [ 106.8449348, 32.7243055 ], [ 106.8425109, 32.7231849 ], [ 106.8415441, 32.7225764 ], [ 106.8398311, 32.7209092 ], [ 106.8394591, 32.7205471 ], [ 106.8394823, 32.7195257 ], [ 106.8395052, 32.7185194 ], [ 106.8390466, 32.717768 ], [ 106.8385468, 32.7169491 ], [ 106.8375344, 32.7152904 ], [ 106.8364385, 32.71424 ], [ 106.8332173, 32.7126178 ], [ 106.8210591, 32.7072819 ], [ 106.8189695, 32.7066715 ], [ 106.8173527, 32.706659 ], [ 106.816503, 32.707145 ], [ 106.8162725, 32.7072769 ], [ 106.8143707, 32.7083646 ], [ 106.8138006, 32.7086906 ], [ 106.8108225, 32.7107929 ], [ 106.8104373, 32.7127432 ], [ 106.8100529, 32.7130945 ], [ 106.8099916, 32.7130988 ], [ 106.8005819, 32.7137475 ], [ 106.7905698, 32.7131985 ], [ 106.7881467, 32.7095754 ], [ 106.7859419, 32.7027399 ], [ 106.7857455, 32.702131 ], [ 106.7846504, 32.7000432 ], [ 106.7832775, 32.6994219 ], [ 106.7811105, 32.6990401 ], [ 106.7804637, 32.6991896 ], [ 106.7793898, 32.7001308 ], [ 106.7775302, 32.7025871 ], [ 106.7774685, 32.702922 ], [ 106.7759022, 32.7114169 ], [ 106.7759832, 32.712663 ], [ 106.776932, 32.7135415 ], [ 106.7772405, 32.7138272 ], [ 106.7776565, 32.7175707 ], [ 106.7769571, 32.7243653 ], [ 106.7765813, 32.7256644 ], [ 106.7763515, 32.7264587 ], [ 106.7796257, 32.7354973 ], [ 106.7788198, 32.7367916 ], [ 106.7778724, 32.7383131 ], [ 106.7774309, 32.7390221 ], [ 106.7754798, 32.7395579 ], [ 106.7722475, 32.7395486 ], [ 106.7657903, 32.7386168 ], [ 106.7622257, 32.7381022 ], [ 106.7514493, 32.7373729 ], [ 106.7469904, 32.7372358 ], [ 106.7432283, 32.7373076 ], [ 106.7391857, 32.7380804 ], [ 106.73888, 32.7381388 ], [ 106.7325053, 32.739357 ], [ 106.730062, 32.7401223 ], [ 106.7276467, 32.7408787 ], [ 106.7269513, 32.7405198 ], [ 106.7234006, 32.7362769 ], [ 106.7230522, 32.7358605 ], [ 106.7175164, 32.7322179 ], [ 106.7164618, 32.7318933 ], [ 106.7133068, 32.7309219 ], [ 106.713043, 32.7307644 ], [ 106.7057997, 32.7264378 ], [ 106.7051196, 32.7250285 ], [ 106.7044143, 32.7235668 ], [ 106.703131, 32.72244 ], [ 106.690374, 32.7139237 ], [ 106.6859053, 32.7117534 ], [ 106.6802775, 32.7103714 ], [ 106.6799842, 32.7102993 ], [ 106.6731283, 32.7053955 ], [ 106.6723747, 32.7048564 ], [ 106.6713058, 32.7023583 ], [ 106.6709879, 32.7016155 ], [ 106.669157, 32.698182 ], [ 106.669005, 32.697897 ], [ 106.6588419, 32.6912817 ], [ 106.6583752, 32.6911957 ], [ 106.6478085, 32.6892488 ], [ 106.6451981, 32.6887677 ], [ 106.6442343, 32.6887416 ], [ 106.6423613, 32.6893706 ], [ 106.64159, 32.6896296 ], [ 106.639925, 32.6898421 ], [ 106.6361085, 32.689643 ], [ 106.6358586, 32.6894909 ], [ 106.6314931, 32.6868326 ], [ 106.6256002, 32.6837472 ], [ 106.6250682, 32.6834686 ], [ 106.6245703, 32.6835159 ], [ 106.6105914, 32.6848419 ], [ 106.6098095, 32.684916 ], [ 106.5970282, 32.6875012 ], [ 106.5869735, 32.690639 ], [ 106.585618, 32.6907947 ], [ 106.5848794, 32.6908795 ], [ 106.5817588, 32.6902725 ], [ 106.5809404, 32.690024 ], [ 106.5796269, 32.6896251 ], [ 106.57842, 32.6884579 ], [ 106.5778484, 32.68764 ], [ 106.5775732, 32.6873305 ], [ 106.5745042, 32.683879 ], [ 106.5744623, 32.6838319 ], [ 106.5735717, 32.6828302 ], [ 106.5735337, 32.6828 ], [ 106.572804, 32.6822215 ], [ 106.5717487, 32.6813848 ], [ 106.5698743, 32.6798985 ], [ 106.5697697, 32.6798156 ], [ 106.5673562, 32.6786029 ], [ 106.5596251, 32.6744334 ], [ 106.5581446, 32.6735583 ], [ 106.555885, 32.6718022 ], [ 106.5541588, 32.6712417 ], [ 106.5526749, 32.6700835 ], [ 106.5520685, 32.6706253 ], [ 106.5505544, 32.6735796 ], [ 106.5503153, 32.6742344 ], [ 106.5490757, 32.6776292 ], [ 106.5483062, 32.6783974 ], [ 106.5454281, 32.6793236 ], [ 106.5450852, 32.6792301 ], [ 106.542525, 32.678532 ], [ 106.5406208, 32.6776865 ], [ 106.5389195, 32.6758002 ], [ 106.5374789, 32.6742027 ], [ 106.5362053, 32.6737529 ], [ 106.5344299, 32.673433 ], [ 106.5304826, 32.6727219 ], [ 106.5294245, 32.6725313 ], [ 106.5279444, 32.6722646 ], [ 106.527339, 32.6723715 ], [ 106.5204074, 32.6705984 ], [ 106.5189807, 32.6702334 ], [ 106.5164693, 32.6695908 ], [ 106.5123408, 32.6685344 ], [ 106.5003693, 32.6641467 ], [ 106.4979117, 32.6624928 ], [ 106.4971542, 32.6609832 ], [ 106.4962251, 32.6576773 ], [ 106.4962144, 32.6572859 ], [ 106.496139, 32.6545487 ], [ 106.496108, 32.6534237 ], [ 106.4940956, 32.6515322 ], [ 106.4934135, 32.651551 ], [ 106.4876947, 32.6517089 ], [ 106.4863452, 32.6517554 ], [ 106.4805769, 32.6519542 ], [ 106.4777787, 32.6520505 ], [ 106.4756509, 32.6521237 ], [ 106.4721224, 32.652245 ], [ 106.4646778, 32.6533894 ], [ 106.4641608, 32.6535726 ], [ 106.4622103, 32.6542637 ], [ 106.4603282, 32.6549305 ], [ 106.4594748, 32.6552329 ], [ 106.4585944, 32.6555447 ], [ 106.4565126, 32.6565101 ], [ 106.4546091, 32.6573927 ], [ 106.4530297, 32.658125 ], [ 106.4492967, 32.6501963 ], [ 106.4488472, 32.6492414 ], [ 106.4479262, 32.6463147 ], [ 106.4477177, 32.6436395 ], [ 106.4468703, 32.6411326 ], [ 106.4467506, 32.6407783 ], [ 106.4465672, 32.6404784 ], [ 106.4425266, 32.6372478 ], [ 106.4403294, 32.635491 ], [ 106.4290996, 32.62651 ], [ 106.4282976, 32.6259456 ], [ 106.4215974, 32.6212303 ], [ 106.418306, 32.6193385 ], [ 106.4179161, 32.6191144 ], [ 106.4132554, 32.6193144 ], [ 106.4069503, 32.620764 ], [ 106.4023786, 32.6213347 ], [ 106.4012913, 32.6199283 ], [ 106.4005713, 32.6189969 ], [ 106.3997901, 32.6188658 ], [ 106.3932497, 32.6220333 ], [ 106.3912596, 32.622997 ], [ 106.3895415, 32.6243015 ], [ 106.3879345, 32.6255217 ], [ 106.3872842, 32.6264699 ], [ 106.3788685, 32.6387398 ], [ 106.3801431, 32.6443178 ], [ 106.3804196, 32.6452714 ], [ 106.3807619, 32.6482305 ], [ 106.3801657, 32.649396 ], [ 106.3787571, 32.649951 ], [ 106.3751724, 32.6500518 ], [ 106.3663294, 32.6583854 ], [ 106.3629842, 32.6626415 ], [ 106.3625981, 32.6630887 ], [ 106.361279, 32.6639895 ], [ 106.3496727, 32.6705508 ], [ 106.3444529, 32.6735009 ], [ 106.335342, 32.6761432 ], [ 106.3337998, 32.6765301 ], [ 106.3310441, 32.6763864 ], [ 106.3248263, 32.6754986 ], [ 106.3167113, 32.6743394 ], [ 106.3149779, 32.6739283 ], [ 106.3142294, 32.6737508 ], [ 106.3115239, 32.6731092 ], [ 106.3101796, 32.6730491 ], [ 106.3093653, 32.67328 ], [ 106.3038309, 32.6763018 ], [ 106.2995827, 32.6787895 ], [ 106.2992764, 32.6789688 ], [ 106.2976042, 32.679948 ], [ 106.2937615, 32.6808275 ], [ 106.2928804, 32.6804908 ], [ 106.2909605, 32.6790038 ], [ 106.2887037, 32.6757922 ], [ 106.2886066, 32.675654 ], [ 106.2886051, 32.6756524 ], [ 106.2874188, 32.6743963 ], [ 106.2858877, 32.6735228 ], [ 106.2703397, 32.6727672 ], [ 106.2687938, 32.6729064 ], [ 106.2653124, 32.6744358 ], [ 106.2643036, 32.6755501 ], [ 106.2640252, 32.6767321 ], [ 106.2635433, 32.6787782 ], [ 106.2625344, 32.6830617 ], [ 106.2616954, 32.6852792 ], [ 106.2602534, 32.6877664 ], [ 106.2560482, 32.6950188 ], [ 106.2547506, 32.6965736 ], [ 106.2540891, 32.6968685 ], [ 106.2524301, 32.6972351 ], [ 106.2479534, 32.6980387 ], [ 106.2461269, 32.6982336 ], [ 106.2458398, 32.6980934 ], [ 106.2377078, 32.6941188 ], [ 106.2272791, 32.6945079 ], [ 106.2240765, 32.6946273 ], [ 106.2169301, 32.6948932 ], [ 106.2160038, 32.6949277 ], [ 106.2133392, 32.69692 ], [ 106.2110374, 32.6997869 ], [ 106.2105731, 32.6998291 ], [ 106.2070025, 32.7001536 ], [ 106.2066149, 32.7001888 ], [ 106.2054041, 32.6995376 ], [ 106.2049397, 32.6980395 ], [ 106.2037978, 32.6966805 ], [ 106.2024397, 32.6967377 ], [ 106.1923766, 32.6965686 ], [ 106.189823, 32.696487 ], [ 106.1827998, 32.6962622 ], [ 106.1793311, 32.6954512 ], [ 106.177863, 32.6955383 ], [ 106.1768964, 32.6959066 ], [ 106.172659, 32.6975209 ], [ 106.1708246, 32.698481 ], [ 106.1705196, 32.6993187 ], [ 106.1707235, 32.7006905 ], [ 106.1726113, 32.7025088 ], [ 106.1730488, 32.7029302 ], [ 106.1733717, 32.7038155 ], [ 106.170897, 32.7062547 ], [ 106.1701994, 32.7068725 ], [ 106.1698789, 32.7071564 ], [ 106.1692228, 32.7077375 ], [ 106.1671167, 32.7090035 ], [ 106.1649206, 32.7103235 ], [ 106.1642644, 32.710718 ], [ 106.1620272, 32.710721 ], [ 106.1616517, 32.7105922 ], [ 106.1508964, 32.7068994 ], [ 106.1494789, 32.7072306 ], [ 106.1473563, 32.7096541 ], [ 106.1465901, 32.7112938 ], [ 106.1458299, 32.7129206 ], [ 106.1450542, 32.7160388 ], [ 106.1413863, 32.7202971 ], [ 106.1408054, 32.7206559 ], [ 106.1363702, 32.7219523 ], [ 106.1310685, 32.7221443 ], [ 106.1281854, 32.7230215 ], [ 106.1253867, 32.7253184 ], [ 106.1249526, 32.724379 ], [ 106.124625, 32.7241366 ], [ 106.1244858, 32.7240337 ], [ 106.123696, 32.7238003 ], [ 106.1224762, 32.7236764 ], [ 106.1218936, 32.7237874 ], [ 106.1214492, 32.7239075 ], [ 106.1214253, 32.723914 ], [ 106.1197693, 32.7243617 ], [ 106.119295, 32.7237245 ], [ 106.1187416, 32.7233429 ], [ 106.1174293, 32.7229605 ], [ 106.1167608, 32.722821 ], [ 106.1165092, 32.7227685 ], [ 106.1160707, 32.7226771 ], [ 106.1102619, 32.722628 ], [ 106.1087305, 32.722615 ], [ 106.1085048, 32.7232854 ], [ 106.1082917, 32.7236136 ], [ 106.1056356, 32.7277059 ], [ 106.1057517, 32.7286583 ], [ 106.105921, 32.7300471 ], [ 106.1058815, 32.7304395 ], [ 106.1057903, 32.7313468 ], [ 106.1056925, 32.7323191 ], [ 106.104914, 32.7340597 ], [ 106.1041049, 32.7358685 ], [ 106.1029684, 32.7369921 ], [ 106.1008644, 32.7376824 ], [ 106.0954427, 32.7390203 ], [ 106.0919377, 32.7395626 ], [ 106.09077, 32.7397432 ], [ 106.089994, 32.7398632 ], [ 106.0884434, 32.7413616 ], [ 106.0877878, 32.7434216 ], [ 106.0873151, 32.7449068 ], [ 106.0865537, 32.7455512 ], [ 106.0832007, 32.7483887 ], [ 106.0797493, 32.7506321 ], [ 106.0765327, 32.7526257 ], [ 106.0759079, 32.7530129 ], [ 106.0724114, 32.753856 ], [ 106.0714233, 32.7540942 ], [ 106.0693342, 32.7552423 ], [ 106.0683955, 32.7600099 ], [ 106.0678638, 32.7643596 ], [ 106.0681731, 32.7674945 ], [ 106.06821, 32.7678678 ], [ 106.068377, 32.7695605 ], [ 106.0681307, 32.7702396 ], [ 106.0673177, 32.7712052 ], [ 106.0616497, 32.7713948 ], [ 106.0609395, 32.7717306 ], [ 106.0598603, 32.7722408 ], [ 106.0583712, 32.7754883 ], [ 106.058389, 32.7769904 ], [ 106.0584038, 32.7782456 ], [ 106.0585767, 32.7786447 ], [ 106.0606627, 32.7834588 ], [ 106.0611623, 32.7841425 ], [ 106.0652308, 32.7857358 ], [ 106.0785926, 32.790076 ], [ 106.0799414, 32.7901346 ], [ 106.0833457, 32.7902825 ], [ 106.0914125, 32.7917198 ], [ 106.0924272, 32.7919006 ], [ 106.0938607, 32.7927542 ], [ 106.0964486, 32.7948228 ], [ 106.0965711, 32.7949207 ], [ 106.096368, 32.7975494 ], [ 106.0958623, 32.8001179 ], [ 106.0957955, 32.8004569 ], [ 106.0952386, 32.8032848 ], [ 106.0949297, 32.8048535 ], [ 106.0935793, 32.8075214 ], [ 106.0934374, 32.8078019 ], [ 106.0906554, 32.8096235 ], [ 106.0899548, 32.8100822 ], [ 106.0882845, 32.8143508 ], [ 106.0880902, 32.8149032 ], [ 106.0878459, 32.8155978 ], [ 106.0873739, 32.8169396 ], [ 106.0874182, 32.8174377 ], [ 106.0876893, 32.8204913 ], [ 106.0877378, 32.8210374 ], [ 106.0880081, 32.821576 ], [ 106.0889393, 32.823431 ], [ 106.0893832, 32.8254927 ], [ 106.0890064, 32.8257461 ], [ 106.0829846, 32.8278665 ], [ 106.0822339, 32.8281205 ], [ 106.0812945, 32.8275506 ], [ 106.0789015, 32.8260987 ], [ 106.0780956, 32.8260819 ], [ 106.0673534, 32.8258564 ], [ 106.0660905, 32.8260064 ], [ 106.0657648, 32.8270421 ], [ 106.0664317, 32.8280439 ], [ 106.0673211, 32.8293798 ], [ 106.0671646, 32.8303003 ], [ 106.0666289, 32.8310297 ], [ 106.0636385, 32.8331785 ], [ 106.0612968, 32.8348609 ], [ 106.0568566, 32.8380509 ], [ 106.0556005, 32.839424 ], [ 106.0502174, 32.845945 ], [ 106.0477846, 32.8488916 ], [ 106.0474816, 32.8492586 ], [ 106.0442645, 32.8572765 ], [ 106.0445818, 32.8591258 ], [ 106.040543, 32.8660995 ], [ 106.0404276, 32.8662987 ], [ 106.0398818, 32.866788 ], [ 106.0386691, 32.8670772 ], [ 106.036365, 32.8664532 ], [ 106.0366979, 32.8646595 ], [ 106.0373983, 32.8629734 ], [ 106.0380851, 32.86132 ], [ 106.034509, 32.8553322 ], [ 106.0341135, 32.8551021 ], [ 106.0331512, 32.8549569 ], [ 106.0315821, 32.85472 ], [ 106.0309507, 32.8546247 ], [ 106.0297667, 32.8554204 ], [ 106.0294619, 32.8557461 ], [ 106.0274958, 32.8578461 ], [ 106.0257135, 32.858487 ], [ 106.0225896, 32.8588979 ], [ 106.0186077, 32.8586391 ], [ 106.0175322, 32.8583258 ], [ 106.0171021, 32.8572559 ], [ 106.0174859, 32.851073 ], [ 106.0180502, 32.8495809 ], [ 106.0124119, 32.8433894 ], [ 106.0100002, 32.8410304 ], [ 106.0096014, 32.8406404 ], [ 106.009351, 32.8365596 ], [ 106.0091689, 32.8358894 ], [ 106.0082753, 32.8325991 ], [ 106.0077906, 32.8319978 ], [ 106.0070367, 32.8317444 ], [ 105.997777, 32.8304044 ], [ 105.9958801, 32.8303664 ], [ 105.9944708, 32.8303382 ], [ 105.9912424, 32.8302735 ], [ 105.9892617, 32.8316413 ], [ 105.9887324, 32.8325564 ], [ 105.9844383, 32.837579 ], [ 105.9807851, 32.8418515 ], [ 105.9801891, 32.8425484 ], [ 105.9781084, 32.8433964 ], [ 105.9757766, 32.843591 ], [ 105.9741112, 32.84373 ], [ 105.9737095, 32.8440016 ], [ 105.9678868, 32.8479369 ], [ 105.9665586, 32.8493586 ], [ 105.9658926, 32.8512792 ], [ 105.9616879, 32.8517904 ], [ 105.9609385, 32.8515189 ], [ 105.9563519, 32.8470426 ], [ 105.9548964, 32.8449618 ], [ 105.9533286, 32.8412216 ], [ 105.9528744, 32.8401381 ], [ 105.9522232, 32.8398295 ], [ 105.9440937, 32.8359758 ], [ 105.9388242, 32.8334774 ], [ 105.9311205, 32.8303196 ], [ 105.9288122, 32.8293733 ], [ 105.9208059, 32.8304577 ], [ 105.9176635, 32.8321977 ], [ 105.915062, 32.832841 ], [ 105.9068974, 32.8348595 ], [ 105.9056064, 32.8351786 ], [ 105.896122, 32.8368038 ], [ 105.8874159, 32.8380453 ], [ 105.8847915, 32.8372554 ], [ 105.8817792, 32.8363486 ], [ 105.8808078, 32.8360562 ], [ 105.8788396, 32.8354637 ], [ 105.8728937, 32.833574 ], [ 105.8693352, 32.8315484 ], [ 105.8691292, 32.8314312 ], [ 105.8683249, 32.8313475 ], [ 105.8650683, 32.8320619 ], [ 105.8630754, 32.8320871 ], [ 105.8623291, 32.831772 ], [ 105.8556839, 32.8289667 ], [ 105.8550897, 32.8287158 ], [ 105.8530335, 32.8269372 ], [ 105.8524458, 32.8246103 ], [ 105.8524293, 32.8241759 ], [ 105.8523738, 32.8227121 ], [ 105.8507388, 32.8211794 ], [ 105.8486282, 32.8204281 ], [ 105.8480856, 32.820235 ], [ 105.8471899, 32.8199162 ], [ 105.8464593, 32.8200684 ], [ 105.8391155, 32.8215982 ], [ 105.8381051, 32.8218192 ], [ 105.8350747, 32.8231925 ], [ 105.8333835, 32.8248891 ], [ 105.8325532, 32.825722 ], [ 105.8292291, 32.8273927 ], [ 105.8278525, 32.8277177 ], [ 105.8233653, 32.8267606 ], [ 105.822377, 32.8261872 ], [ 105.8219256, 32.8254284 ], [ 105.8183303, 32.8166176 ], [ 105.8181196, 32.8156639 ], [ 105.818375, 32.81415 ], [ 105.8187926, 32.8134865 ], [ 105.8208036, 32.8102911 ], [ 105.8236571, 32.8043487 ], [ 105.8239587, 32.8034712 ], [ 105.8205886, 32.8012919 ], [ 105.8190154, 32.8002746 ], [ 105.8150649, 32.7923485 ], [ 105.8146547, 32.7915255 ], [ 105.8148329, 32.7903987 ], [ 105.8170964, 32.7871334 ], [ 105.8180282, 32.7850567 ], [ 105.8185284, 32.7823474 ], [ 105.8196314, 32.772715 ], [ 105.8197623, 32.771572 ], [ 105.8191668, 32.7712121 ], [ 105.8181016, 32.7716281 ], [ 105.8164292, 32.7731616 ], [ 105.8145171, 32.7749149 ], [ 105.8116097, 32.7748769 ], [ 105.8104304, 32.7746298 ], [ 105.8071358, 32.7739394 ], [ 105.8066053, 32.7738283 ], [ 105.8060925, 32.7732505 ], [ 105.8060605, 32.7721171 ], [ 105.8059709, 32.7689441 ], [ 105.8057926, 32.7686316 ], [ 105.8042788, 32.7659791 ], [ 105.8039474, 32.7653983 ], [ 105.7953562, 32.7577156 ], [ 105.7935064, 32.7564939 ], [ 105.7924267, 32.7561255 ], [ 105.7911706, 32.7563044 ], [ 105.7893357, 32.7565657 ], [ 105.784087, 32.7549159 ], [ 105.779371, 32.7519259 ], [ 105.7786884, 32.7514931 ], [ 105.7775298, 32.7513297 ], [ 105.7771869, 32.7518279 ], [ 105.7738165, 32.7567232 ], [ 105.7728522, 32.7581238 ], [ 105.7724733, 32.760999 ], [ 105.7723982, 32.7615684 ], [ 105.7713796, 32.7636928 ], [ 105.7691072, 32.7667167 ], [ 105.7679202, 32.7682961 ], [ 105.7664103, 32.7695675 ], [ 105.7648392, 32.769975 ], [ 105.7616979, 32.7693119 ], [ 105.7600542, 32.7679624 ], [ 105.7588249, 32.766953 ], [ 105.7558348, 32.7650609 ], [ 105.7548894, 32.7646573 ], [ 105.7541251, 32.7649916 ], [ 105.7511948, 32.7683521 ], [ 105.748576, 32.769478 ], [ 105.7450067, 32.769677 ], [ 105.7444417, 32.7694172 ], [ 105.7387929, 32.7639476 ], [ 105.7375682, 32.7624875 ], [ 105.7369029, 32.7616943 ], [ 105.7341145, 32.7579845 ], [ 105.7337099, 32.7574461 ], [ 105.7339784, 32.7563537 ], [ 105.7341157, 32.7557949 ], [ 105.7336889, 32.7550539 ], [ 105.7324513, 32.7550992 ], [ 105.7311363, 32.7557495 ], [ 105.7287521, 32.7569286 ], [ 105.725595, 32.7582248 ], [ 105.7255132, 32.7582583 ], [ 105.7211894, 32.7600333 ], [ 105.7192411, 32.7604461 ], [ 105.716939, 32.7609339 ], [ 105.7159606, 32.7611412 ], [ 105.7149442, 32.7610607 ], [ 105.705974, 32.7561246 ], [ 105.7049205, 32.7555212 ], [ 105.7009084, 32.7516181 ], [ 105.7000212, 32.7492058 ], [ 105.6977149, 32.7451408 ], [ 105.6966074, 32.7445147 ], [ 105.6946143, 32.743995 ], [ 105.6931057, 32.7439628 ], [ 105.6902458, 32.7444056 ], [ 105.6889827, 32.7446012 ], [ 105.6868836, 32.744071 ], [ 105.6867101, 32.7439197 ], [ 105.6782978, 32.7365819 ], [ 105.6768836, 32.734754 ], [ 105.67262, 32.7292426 ], [ 105.6722743, 32.7292676 ], [ 105.6690735, 32.7294993 ], [ 105.6689323, 32.7295095 ], [ 105.6664397, 32.7294822 ], [ 105.6658734, 32.7293588 ], [ 105.6643819, 32.7290339 ], [ 105.6641004, 32.7289725 ], [ 105.6627078, 32.7281592 ], [ 105.6623544, 32.7276561 ], [ 105.6609339, 32.7256336 ], [ 105.6606758, 32.7254404 ], [ 105.6562281, 32.7221101 ], [ 105.6557003, 32.7217149 ], [ 105.6541754, 32.7221705 ], [ 105.6533827, 32.7224074 ], [ 105.6516702, 32.7225338 ], [ 105.6469997, 32.7213186 ], [ 105.6455783, 32.7200745 ], [ 105.6452463, 32.719434 ], [ 105.6432123, 32.7155107 ], [ 105.6430585, 32.7153726 ], [ 105.6399176, 32.712554 ], [ 105.6384772, 32.7112612 ], [ 105.6370792, 32.7110873 ], [ 105.6368412, 32.7111278 ], [ 105.6328763, 32.7118026 ], [ 105.6285164, 32.7107802 ], [ 105.6275025, 32.7101497 ], [ 105.6264095, 32.7088529 ], [ 105.6252442, 32.7060078 ], [ 105.6228908, 32.7057369 ], [ 105.6217325, 32.7056035 ], [ 105.6164978, 32.7048849 ], [ 105.6135556, 32.7037406 ], [ 105.6122841, 32.7032461 ], [ 105.6104616, 32.7029394 ], [ 105.6082576, 32.7025685 ], [ 105.6078219, 32.7024951 ], [ 105.5967173, 32.7020291 ], [ 105.5946576, 32.7020705 ], [ 105.5930486, 32.7023125 ], [ 105.5905384, 32.7033314 ], [ 105.5898676, 32.703884 ], [ 105.5898601, 32.7038901 ], [ 105.5895177, 32.7041722 ], [ 105.5878145, 32.7071823 ], [ 105.5879965, 32.71095 ], [ 105.5876024, 32.7171207 ], [ 105.5874209, 32.7179681 ], [ 105.5866886, 32.7213851 ], [ 105.586288, 32.7232546 ], [ 105.58571, 32.7259514 ], [ 105.5850303, 32.7291227 ], [ 105.5838931, 32.73122 ], [ 105.5827083, 32.7320583 ], [ 105.5810551, 32.7323924 ], [ 105.5792413, 32.7317836 ], [ 105.5755477, 32.7305436 ], [ 105.5738507, 32.7299738 ], [ 105.5712409, 32.7284186 ], [ 105.5698787, 32.7276067 ], [ 105.5694647, 32.7275616 ], [ 105.5657061, 32.7271522 ], [ 105.563537, 32.7269158 ], [ 105.5618226, 32.7275365 ], [ 105.5556874, 32.7334468 ], [ 105.5546388, 32.7346907 ], [ 105.5535494, 32.7377488 ], [ 105.5532363, 32.7386278 ], [ 105.553218, 32.7390032 ], [ 105.5526624, 32.7504029 ], [ 105.5528028, 32.7514283 ], [ 105.5537653, 32.7524187 ], [ 105.5553084, 32.7540063 ], [ 105.5561922, 32.7549156 ], [ 105.556678, 32.7554154 ], [ 105.5594978, 32.7583163 ], [ 105.5601504, 32.7585616 ], [ 105.5636969, 32.7598944 ], [ 105.5648294, 32.7619025 ], [ 105.5659457, 32.7638818 ], [ 105.5658873, 32.7646216 ], [ 105.5655671, 32.7651268 ], [ 105.5629797, 32.7692091 ], [ 105.5625376, 32.7699067 ], [ 105.5616483, 32.7702038 ], [ 105.5590046, 32.7701622 ], [ 105.5586829, 32.7701571 ], [ 105.5585648, 32.7702382 ], [ 105.5556052, 32.7722703 ], [ 105.5543954, 32.773101 ], [ 105.5537247, 32.7740253 ], [ 105.5526581, 32.7754953 ], [ 105.5517523, 32.7767437 ], [ 105.551285, 32.7780961 ], [ 105.5509154, 32.7791658 ], [ 105.5508142, 32.780672 ], [ 105.5511345, 32.7822354 ], [ 105.5512228, 32.7826665 ], [ 105.5514891, 32.7839669 ], [ 105.5522304, 32.7856248 ], [ 105.5528567, 32.7870256 ], [ 105.5536985, 32.7918051 ], [ 105.5537314, 32.791992 ], [ 105.5534665, 32.7930716 ], [ 105.553097, 32.7945771 ], [ 105.5524695, 32.7971343 ], [ 105.551734, 32.7974965 ], [ 105.5512114, 32.7974072 ], [ 105.5425781, 32.7959316 ], [ 105.5416287, 32.7954627 ], [ 105.5404982, 32.7945077 ], [ 105.5386079, 32.7929107 ], [ 105.537359, 32.792483 ], [ 105.5368804, 32.7925373 ], [ 105.5330236, 32.7929745 ], [ 105.532082, 32.7938113 ], [ 105.5287599, 32.7989422 ], [ 105.5284579, 32.7998686 ], [ 105.5266135, 32.8055271 ], [ 105.525685, 32.8088106 ], [ 105.5259068, 32.8114729 ], [ 105.5261099, 32.8118011 ], [ 105.526799, 32.8129149 ], [ 105.5282633, 32.8139878 ], [ 105.5300716, 32.8153129 ], [ 105.530187, 32.8161452 ], [ 105.5304558, 32.8202281 ], [ 105.5304281, 32.8208745 ], [ 105.5297043, 32.8225632 ], [ 105.5263831, 32.8287202 ], [ 105.5258718, 32.8296681 ], [ 105.5256467, 32.8299147 ], [ 105.5239039, 32.8318238 ], [ 105.5238131, 32.8319233 ], [ 105.5235273, 32.8322363 ], [ 105.5213178, 32.8394202 ], [ 105.5213042, 32.8420067 ], [ 105.5209042, 32.8474222 ], [ 105.5207375, 32.8496791 ], [ 105.5196881, 32.8509413 ], [ 105.5107268, 32.8617172 ], [ 105.5036984, 32.864503 ], [ 105.5011979, 32.864956 ], [ 105.5009809, 32.8649954 ], [ 105.5004857, 32.86563 ], [ 105.4971495, 32.8699055 ], [ 105.49633, 32.8710948 ], [ 105.4958485, 32.8717937 ], [ 105.4898327, 32.8810328 ], [ 105.4886052, 32.884163 ], [ 105.4883129, 32.8849084 ], [ 105.4883939, 32.8861274 ], [ 105.4884111, 32.8863862 ], [ 105.488444, 32.8868814 ], [ 105.488461, 32.8871368 ], [ 105.4885915, 32.8890998 ], [ 105.4886002, 32.8892319 ], [ 105.4894055, 32.8934398 ], [ 105.489423, 32.8935308 ], [ 105.489673, 32.8940198 ], [ 105.4901642, 32.8949802 ], [ 105.4916719, 32.8979283 ], [ 105.4917482, 32.9004548 ], [ 105.4917624, 32.9009277 ], [ 105.4905389, 32.9033379 ], [ 105.490547, 32.903532 ], [ 105.4906533, 32.9060813 ], [ 105.4909068, 32.9066298 ], [ 105.4909722, 32.9067713 ], [ 105.491337, 32.9075608 ], [ 105.4921934, 32.9086594 ], [ 105.4926325, 32.9092227 ], [ 105.4968032, 32.9128077 ], [ 105.493458, 32.9160488 ], [ 105.4918065, 32.917486 ], [ 105.4834576, 32.9231587 ], [ 105.4829476, 32.9233797 ], [ 105.4613571, 32.9327357 ], [ 105.4506063, 32.9350857 ], [ 105.4494514, 32.9352012 ], [ 105.4451549, 32.9342979 ], [ 105.4439843, 32.9342286 ], [ 105.4423731, 32.9341332 ], [ 105.4380546, 32.9338775 ], [ 105.4368567, 32.9339029 ], [ 105.4335372, 32.9350347 ], [ 105.4320191, 32.9351513 ], [ 105.4304004, 32.934962 ], [ 105.4223371, 32.9333469 ], [ 105.4196224, 32.9317413 ], [ 105.4080515, 32.921722 ], [ 105.4080121, 32.9205021 ], [ 105.4077167, 32.9113451 ], [ 105.4081864, 32.9096814 ], [ 105.4091834, 32.9077508 ], [ 105.4103448, 32.9062646 ], [ 105.4081636, 32.897937 ], [ 105.4051723, 32.8883578 ], [ 105.404582, 32.8874816 ], [ 105.403586, 32.8866884 ], [ 105.3993487, 32.8848748 ], [ 105.398863, 32.884717 ], [ 105.3972901, 32.8842063 ], [ 105.3848938, 32.8808001 ], [ 105.3851558, 32.8748933 ], [ 105.385238, 32.874806 ], [ 105.3910473, 32.8686444 ], [ 105.3913434, 32.8683303 ], [ 105.3919464, 32.8664644 ], [ 105.3945162, 32.8580036 ], [ 105.3952838, 32.8542987 ], [ 105.3946813, 32.8530562 ], [ 105.3938617, 32.8526011 ], [ 105.3931414, 32.853186 ], [ 105.392752, 32.8535022 ], [ 105.3891794, 32.8532847 ], [ 105.388891, 32.8526308 ], [ 105.3879635, 32.8505279 ], [ 105.387735, 32.8496068 ], [ 105.388168, 32.8492462 ], [ 105.3915325, 32.8472904 ], [ 105.3921966, 32.8470405 ], [ 105.3942593, 32.8462642 ], [ 105.3946459, 32.8456181 ], [ 105.3943941, 32.8451094 ], [ 105.3926344, 32.841554 ], [ 105.3907496, 32.8389997 ], [ 105.3888052, 32.8376325 ], [ 105.390672, 32.8347467 ], [ 105.3925603, 32.8327645 ], [ 105.3936503, 32.831877 ], [ 105.3944144, 32.831495 ], [ 105.3953567, 32.8311095 ], [ 105.3960134, 32.8307954 ], [ 105.3965988, 32.8302957 ], [ 105.3970984, 32.8294819 ], [ 105.3979551, 32.8285254 ], [ 105.3985119, 32.8279188 ], [ 105.3985893, 32.8278558 ], [ 105.4001635, 32.8269898 ], [ 105.400897, 32.8265864 ], [ 105.4055675, 32.8194022 ], [ 105.4070122, 32.8170661 ], [ 105.4077562, 32.815863 ], [ 105.4091507, 32.813608 ], [ 105.4101683, 32.8119088 ], [ 105.4106267, 32.8111433 ], [ 105.414686, 32.8043643 ], [ 105.4149872, 32.8038611 ], [ 105.4188629, 32.7945884 ], [ 105.4206223, 32.7882891 ], [ 105.42066, 32.7873461 ], [ 105.4225228, 32.7858215 ], [ 105.4240545, 32.7833524 ], [ 105.4244021, 32.7820116 ], [ 105.4244009, 32.7805254 ], [ 105.424399, 32.7783754 ], [ 105.4253744, 32.7750589 ], [ 105.4286254, 32.7739355 ], [ 105.4318828, 32.7741516 ], [ 105.4351018, 32.7752169 ], [ 105.4368208, 32.776419 ], [ 105.4385753, 32.7761856 ], [ 105.4405723, 32.7734395 ], [ 105.4406264, 32.7725496 ], [ 105.4408904, 32.7682097 ], [ 105.4409521, 32.7671946 ], [ 105.4406026, 32.7656761 ], [ 105.4401131, 32.7635494 ], [ 105.4402788, 32.7627116 ], [ 105.4408147, 32.762291 ], [ 105.4409963, 32.7622046 ], [ 105.441422, 32.7620018 ], [ 105.4422152, 32.7621067 ], [ 105.4448878, 32.7643698 ], [ 105.4454293, 32.7650856 ], [ 105.4462014, 32.7694366 ], [ 105.4467565, 32.7700327 ], [ 105.4474939, 32.7702932 ], [ 105.4481024, 32.7702272 ], [ 105.4486533, 32.7701675 ], [ 105.4493193, 32.7700953 ], [ 105.4496804, 32.7698079 ], [ 105.4505882, 32.7690855 ], [ 105.4510255, 32.7687376 ], [ 105.4527683, 32.7662314 ], [ 105.45397, 32.7631292 ], [ 105.4544217, 32.7598953 ], [ 105.4550764, 32.755207 ], [ 105.454398, 32.7543864 ], [ 105.4532743, 32.7539463 ], [ 105.450644, 32.7516661 ], [ 105.4505526, 32.748613 ], [ 105.4503845, 32.7430046 ], [ 105.4509373, 32.7416237 ], [ 105.4511058, 32.7412026 ], [ 105.450797, 32.7393256 ], [ 105.4505422, 32.7389841 ], [ 105.4493821, 32.7374299 ], [ 105.4470259, 32.7352973 ], [ 105.4463385, 32.7346752 ], [ 105.4437972, 32.7336512 ], [ 105.4412485, 32.7331751 ], [ 105.4404493, 32.733394 ], [ 105.4378928, 32.7340943 ], [ 105.436063, 32.7350707 ], [ 105.4356168, 32.7350947 ], [ 105.4310692, 32.7353394 ], [ 105.4269326, 32.7355617 ], [ 105.4245901, 32.7356002 ], [ 105.4227744, 32.7356299 ], [ 105.4219761, 32.7350722 ], [ 105.4189231, 32.7329392 ], [ 105.4184095, 32.7325489 ], [ 105.416296, 32.7299516 ], [ 105.4157875, 32.7293267 ], [ 105.4092883, 32.7245221 ], [ 105.4038724, 32.722201 ], [ 105.4029129, 32.7222041 ], [ 105.397862, 32.7201924 ], [ 105.3965444, 32.7196676 ], [ 105.3949242, 32.7190222 ], [ 105.3880306, 32.7162759 ], [ 105.3749417, 32.7104758 ], [ 105.3736297, 32.710277 ], [ 105.3722038, 32.7105477 ], [ 105.3701831, 32.7120175 ], [ 105.3673491, 32.7150134 ], [ 105.3645805, 32.7144808 ], [ 105.3633282, 32.7132272 ], [ 105.3526022, 32.7019565 ], [ 105.351061, 32.7003251 ], [ 105.3481998, 32.6942484 ], [ 105.3474821, 32.6927242 ], [ 105.3454175, 32.6879714 ], [ 105.3454002, 32.68762 ], [ 105.3438095, 32.6855155 ], [ 105.3431842, 32.6850306 ], [ 105.3378343, 32.6821657 ], [ 105.336523, 32.681925 ], [ 105.3350031, 32.681646 ], [ 105.3334695, 32.6819205 ], [ 105.3307354, 32.6817385 ], [ 105.324656, 32.6802943 ], [ 105.3223486, 32.6787322 ], [ 105.3213635, 32.6759364 ], [ 105.3204325, 32.6748167 ], [ 105.3197938, 32.67442 ], [ 105.3190198, 32.6739393 ], [ 105.3171033, 32.6735139 ], [ 105.3151863, 32.6738161 ], [ 105.3135024, 32.6740457 ], [ 105.3130005, 32.6741141 ], [ 105.3117515, 32.6742843 ], [ 105.3054937, 32.6737387 ], [ 105.3051164, 32.6737058 ], [ 105.2992139, 32.6665369 ], [ 105.2982698, 32.6648168 ], [ 105.2958801, 32.6604623 ], [ 105.2943659, 32.6592629 ], [ 105.2930087, 32.6587783 ], [ 105.2911616, 32.6581189 ], [ 105.2875348, 32.6568239 ], [ 105.2842053, 32.6569856 ], [ 105.279612, 32.6579279 ], [ 105.2776726, 32.6591967 ], [ 105.2755318, 32.6597916 ], [ 105.2731386, 32.6593331 ], [ 105.2681673, 32.6566845 ], [ 105.2653948, 32.6547283 ], [ 105.2648604, 32.6546622 ], [ 105.2599423, 32.654053 ], [ 105.2588224, 32.654842 ], [ 105.2495996, 32.6613379 ], [ 105.2487891, 32.662065 ], [ 105.2490729, 32.6636842 ], [ 105.2492592, 32.6647468 ], [ 105.2488888, 32.6654826 ], [ 105.2416036, 32.6699463 ], [ 105.2388703, 32.6709952 ], [ 105.2370469, 32.6712254 ], [ 105.2355426, 32.6704114 ], [ 105.234412, 32.668916 ], [ 105.2332833, 32.6681013 ], [ 105.2322741, 32.6678067 ], [ 105.2266653, 32.666169 ], [ 105.22537, 32.6663399 ], [ 105.2248113, 32.6666775 ], [ 105.2242562, 32.667013 ], [ 105.222875, 32.6678476 ], [ 105.221745, 32.6693975 ], [ 105.2209337, 32.6691605 ], [ 105.2174037, 32.6681293 ], [ 105.2168661, 32.6676764 ], [ 105.2149923, 32.6656945 ], [ 105.2142984, 32.6649606 ], [ 105.213988, 32.6636436 ], [ 105.2131125, 32.6599275 ], [ 105.2116645, 32.6537813 ], [ 105.2117923, 32.6495794 ], [ 105.2126472, 32.6423163 ], [ 105.212323, 32.6410975 ], [ 105.2075317, 32.6368588 ], [ 105.1998778, 32.6300865 ], [ 105.1963951, 32.6292127 ], [ 105.1926263, 32.6292301 ], [ 105.1893298, 32.6292453 ], [ 105.1840811, 32.6284835 ], [ 105.1832486, 32.6278253 ], [ 105.1823877, 32.6259801 ], [ 105.1815974, 32.62053 ], [ 105.180589, 32.6178701 ], [ 105.1714275, 32.6159312 ], [ 105.169648, 32.6154155 ], [ 105.1665195, 32.6145089 ], [ 105.1650867, 32.6140936 ], [ 105.1573251, 32.6118438 ], [ 105.1446157, 32.6075692 ], [ 105.1427353, 32.606591 ], [ 105.1414376, 32.6059158 ], [ 105.1357342, 32.6025714 ], [ 105.1166982, 32.5980795 ], [ 105.1089781, 32.5963285 ], [ 105.1076489, 32.5963895 ], [ 105.104313, 32.5990152 ], [ 105.0949124, 32.6078259 ], [ 105.094135, 32.6085543 ], [ 105.0939695, 32.6090797 ], [ 105.093719, 32.6098745 ], [ 105.0936966, 32.6132376 ], [ 105.0934804, 32.6137389 ], [ 105.0919309, 32.6173327 ], [ 105.0901142, 32.6186604 ], [ 105.089946, 32.6187833 ], [ 105.0887737, 32.61964 ], [ 105.0881487, 32.6200967 ], [ 105.0874436, 32.6210532 ], [ 105.0863564, 32.622528 ], [ 105.0792849, 32.6330534 ], [ 105.0789103, 32.6337716 ], [ 105.0789409, 32.6343988 ], [ 105.0790598, 32.6368367 ], [ 105.0786518, 32.6372869 ], [ 105.0775335, 32.6385209 ], [ 105.0773867, 32.6386829 ], [ 105.0773867, 32.6386829 ], [ 105.0773867, 32.6386829 ], [ 105.0767938, 32.6393372 ], [ 105.0763906, 32.639458 ], [ 105.0717628, 32.6408452 ], [ 105.0712016, 32.6410134 ], [ 105.0689151, 32.640597 ], [ 105.067902, 32.6406854 ], [ 105.0650192, 32.6418298 ], [ 105.0632198, 32.6428962 ], [ 105.0607074, 32.644385 ], [ 105.0595966, 32.6457697 ], [ 105.0587018, 32.646885 ], [ 105.0578372, 32.6474377 ], [ 105.0497209, 32.6483866 ], [ 105.0449365, 32.6480547 ], [ 105.0435452, 32.6476459 ], [ 105.0426169, 32.648005 ], [ 105.0373896, 32.6500267 ], [ 105.0371999, 32.6500802 ], [ 105.0340236, 32.6509769 ], [ 105.0339138, 32.6510078 ], [ 105.0276473, 32.6525832 ], [ 105.0260642, 32.6527492 ], [ 105.0242852, 32.6524733 ], [ 105.0236818, 32.652179 ], [ 105.0234364, 32.6520592 ], [ 105.0208408, 32.6494224 ], [ 105.0200733, 32.6474481 ], [ 105.0185879, 32.6455981 ], [ 105.0169761, 32.6444917 ], [ 105.0152094, 32.6432789 ], [ 105.0129593, 32.6422107 ], [ 105.0120106, 32.6417603 ], [ 105.0057931, 32.6401589 ], [ 105.0050098, 32.6401175 ], [ 105.0040307, 32.6403798 ], [ 105.0015417, 32.6418322 ], [ 105.0011888, 32.6418212 ], [ 104.9941204, 32.6416021 ], [ 104.9928115, 32.6415615 ], [ 104.9918897, 32.6412071 ], [ 104.9905167, 32.6406791 ], [ 104.9891221, 32.6401429 ], [ 104.9874962, 32.6395176 ], [ 104.9864156, 32.6387041 ], [ 104.9858492, 32.6382776 ], [ 104.9837477, 32.6359859 ], [ 104.9812924, 32.6347287 ], [ 104.9802011, 32.6346772 ], [ 104.9794275, 32.6348962 ], [ 104.9792637, 32.6349426 ], [ 104.9756737, 32.635959 ], [ 104.9748292, 32.6359779 ], [ 104.969257, 32.6361029 ], [ 104.9686002, 32.6359574 ], [ 104.965641, 32.6334608 ], [ 104.9651357, 32.6321458 ], [ 104.9648126, 32.631305 ], [ 104.9645478, 32.6311438 ], [ 104.9617646, 32.6294497 ], [ 104.9593879, 32.628003 ], [ 104.9509912, 32.6238065 ], [ 104.9473956, 32.6230862 ], [ 104.9470362, 32.6230142 ], [ 104.9443375, 32.6224736 ], [ 104.9431383, 32.6222333 ], [ 104.940699, 32.6230504 ], [ 104.9396264, 32.6234097 ], [ 104.939007, 32.6233586 ], [ 104.9320729, 32.6192613 ], [ 104.9299116, 32.6179465 ], [ 104.9292453, 32.6175411 ], [ 104.9274162, 32.6141113 ], [ 104.9268142, 32.6129824 ], [ 104.925119, 32.6111096 ], [ 104.9242203, 32.6101165 ], [ 104.9232005, 32.6094746 ], [ 104.922039, 32.6092345 ], [ 104.9201497, 32.6094471 ], [ 104.9185041, 32.6105672 ], [ 104.9179256, 32.610961 ], [ 104.9174696, 32.6109404 ], [ 104.9142626, 32.6091107 ], [ 104.9138693, 32.6088863 ], [ 104.9044252, 32.6052978 ], [ 104.9028195, 32.6048861 ], [ 104.9009407, 32.6047735 ], [ 104.8907178, 32.6048591 ], [ 104.8873505, 32.6049305 ], [ 104.8829775, 32.605023 ], [ 104.8825858, 32.6050313 ], [ 104.8807692, 32.6037812 ], [ 104.879406, 32.6034208 ], [ 104.8782333, 32.6043845 ], [ 104.8733988, 32.608357 ], [ 104.8726473, 32.6094952 ], [ 104.8711438, 32.6117721 ], [ 104.8697807, 32.6138364 ], [ 104.8702404, 32.6156648 ], [ 104.8704273, 32.6164084 ], [ 104.8711068, 32.6170468 ], [ 104.872304, 32.6181716 ], [ 104.8723629, 32.6193431 ], [ 104.8717321, 32.6224548 ], [ 104.8715419, 32.6229556 ], [ 104.8704035, 32.6259537 ], [ 104.8700282, 32.6269419 ], [ 104.8699415, 32.6270427 ], [ 104.8694802, 32.6275787 ], [ 104.8676301, 32.6297285 ], [ 104.865081, 32.6326902 ], [ 104.8586361, 32.6354392 ], [ 104.8580411, 32.635693 ], [ 104.8527694, 32.639962 ], [ 104.8523483, 32.6406358 ], [ 104.8509963, 32.6427986 ], [ 104.8506769, 32.6433465 ], [ 104.8494855, 32.6453902 ], [ 104.8479394, 32.6480424 ], [ 104.8477935, 32.6482926 ], [ 104.8428187, 32.6561798 ], [ 104.8426147, 32.656503 ], [ 104.8420229, 32.6568196 ], [ 104.8264768, 32.6651346 ], [ 104.8249906, 32.665295 ], [ 104.8205216, 32.6653081 ], [ 104.8200836, 32.6653094 ], [ 104.8198535, 32.6652612 ], [ 104.8169326, 32.6646488 ], [ 104.8164126, 32.6645398 ], [ 104.8154351, 32.6640185 ], [ 104.8144194, 32.6630263 ], [ 104.8144662, 32.6620421 ], [ 104.8145383, 32.6605255 ], [ 104.8143888, 32.660187 ], [ 104.8121616, 32.6551449 ], [ 104.8110253, 32.6533477 ], [ 104.8108909, 32.6532377 ], [ 104.8108909, 32.6532377 ], [ 104.8101202, 32.6526073 ], [ 104.8089954, 32.6522112 ], [ 104.8053793, 32.6523692 ], [ 104.8039338, 32.6522001 ], [ 104.8028785, 32.6520767 ], [ 104.8021058, 32.6517493 ], [ 104.7960292, 32.649175 ], [ 104.795126, 32.6487923 ], [ 104.7939673, 32.6483013 ], [ 104.7921223, 32.6471632 ], [ 104.7897983, 32.6451936 ], [ 104.7895295, 32.6449658 ], [ 104.788803, 32.6449801 ], [ 104.7771534, 32.645209 ], [ 104.7706531, 32.6440333 ], [ 104.7693231, 32.6439876 ], [ 104.7681987, 32.6446954 ], [ 104.7655366, 32.6463709 ], [ 104.7641317, 32.6466569 ], [ 104.7574828, 32.6478504 ], [ 104.7570763, 32.6479234 ], [ 104.7465524, 32.6428282 ], [ 104.7438531, 32.6389492 ], [ 104.7434813, 32.6384148 ], [ 104.7412021, 32.6376345 ], [ 104.7361483, 32.6381617 ], [ 104.7355719, 32.6393151 ], [ 104.7336185, 32.6411355 ], [ 104.7324137, 32.6419929 ], [ 104.7286588, 32.6446652 ], [ 104.7283096, 32.6449137 ], [ 104.7272429, 32.6449276 ], [ 104.7247935, 32.6449595 ], [ 104.7196363, 32.6483301 ], [ 104.7191647, 32.6487355 ], [ 104.7185889, 32.6492305 ], [ 104.7184435, 32.6493555 ], [ 104.7179725, 32.6498967 ], [ 104.7179724, 32.6498968 ], [ 104.7179724, 32.6498968 ], [ 104.717418, 32.6505338 ], [ 104.716532, 32.6515518 ], [ 104.7135864, 32.6574594 ], [ 104.7071497, 32.6627947 ], [ 104.7038147, 32.6716223 ], [ 104.7035084, 32.6745242 ], [ 104.702909, 32.6763014 ], [ 104.696351, 32.6774315 ], [ 104.6951507, 32.6775486 ], [ 104.6772233, 32.6720914 ], [ 104.6700787, 32.6657908 ], [ 104.6694396, 32.6652272 ], [ 104.6692916, 32.6651841 ], [ 104.6688068, 32.6650428 ], [ 104.6627354, 32.6640403 ], [ 104.6615556, 32.6638789 ], [ 104.6559437, 32.6673778 ], [ 104.6547997, 32.6674972 ], [ 104.6529353, 32.6672466 ], [ 104.6522142, 32.6670222 ], [ 104.6465437, 32.6652571 ], [ 104.6436949, 32.6621218 ], [ 104.6431059, 32.6620204 ], [ 104.641066, 32.6630026 ], [ 104.6382918, 32.6653424 ], [ 104.6358478, 32.6680404 ], [ 104.6353214, 32.6686215 ], [ 104.6339911, 32.6701704 ], [ 104.6319027, 32.6726018 ], [ 104.6306396, 32.6740678 ], [ 104.6252751, 32.6778148 ], [ 104.6221619, 32.6795567 ], [ 104.6188541, 32.680662 ], [ 104.6141074, 32.6867245 ], [ 104.6088494, 32.6911695 ], [ 104.6064039, 32.6922564 ], [ 104.604289, 32.6923924 ], [ 104.6034693, 32.6924452 ], [ 104.5914836, 32.6960133 ], [ 104.590544, 32.6966148 ], [ 104.5895302, 32.6979779 ], [ 104.5873809, 32.7008677 ], [ 104.5831208, 32.7076498 ], [ 104.5819005, 32.7102516 ], [ 104.5812435, 32.7140158 ], [ 104.5806148, 32.7188885 ], [ 104.5805487, 32.7198472 ], [ 104.5807849, 32.721676 ], [ 104.5811199, 32.7242687 ], [ 104.5795057, 32.7252692 ], [ 104.5688899, 32.7314091 ], [ 104.5683193, 32.7316372 ], [ 104.5640321, 32.733351 ], [ 104.5632801, 32.7336516 ], [ 104.5514521, 32.73632 ], [ 104.5501962, 32.7359194 ], [ 104.5483123, 32.7353185 ], [ 104.545435, 32.7336299 ], [ 104.5447877, 32.7330192 ], [ 104.5429066, 32.7312441 ], [ 104.5388105, 32.729207 ], [ 104.5359547, 32.7282062 ], [ 104.5312377, 32.7270316 ], [ 104.5291631, 32.728094 ], [ 104.5258852, 32.7297724 ], [ 104.5241648, 32.7306532 ], [ 104.5197443, 32.7388949 ], [ 104.519506, 32.7393391 ], [ 104.5151656, 32.744767 ], [ 104.5118193, 32.7489511 ], [ 104.5093403, 32.7556437 ], [ 104.5087309, 32.7565482 ], [ 104.5076038, 32.7573776 ], [ 104.5012141, 32.7580284 ], [ 104.493444, 32.7588193 ], [ 104.4932589, 32.7588332 ], [ 104.4889944, 32.7591524 ], [ 104.488736, 32.7591717 ], [ 104.4869292, 32.7577506 ], [ 104.4841267, 32.7555462 ], [ 104.4832844, 32.754548 ], [ 104.4816215, 32.7535616 ], [ 104.4772624, 32.7523624 ], [ 104.4713447, 32.7511166 ], [ 104.4705512, 32.7510186 ], [ 104.4620925, 32.7501197 ], [ 104.4588254, 32.7502235 ], [ 104.4543514, 32.7509544 ], [ 104.4531404, 32.7518068 ], [ 104.4528354, 32.7521971 ], [ 104.4526822, 32.7523932 ], [ 104.4522944, 32.7528893 ], [ 104.4522792, 32.7529769 ], [ 104.4518329, 32.7555479 ], [ 104.4516942, 32.7562154 ], [ 104.4511849, 32.7586675 ], [ 104.451131, 32.7589274 ], [ 104.4511107, 32.759025 ], [ 104.4510231, 32.7590947 ], [ 104.4453658, 32.7635964 ], [ 104.4452552, 32.7636844 ], [ 104.4424244, 32.7647536 ], [ 104.4408831, 32.7652311 ], [ 104.4386895, 32.7659107 ], [ 104.4385898, 32.7659416 ], [ 104.4356304, 32.7659313 ], [ 104.4350534, 32.7659292 ], [ 104.4309835, 32.767661 ], [ 104.4303695, 32.7679222 ], [ 104.4243254, 32.7709019 ], [ 104.4219659, 32.7737479 ], [ 104.4232877, 32.7759948 ], [ 104.4233297, 32.7762966 ], [ 104.423693, 32.778908 ], [ 104.4235925, 32.7790427 ], [ 104.422921, 32.7799422 ], [ 104.4228575, 32.779987 ], [ 104.4212648, 32.7811085 ], [ 104.4174035, 32.7838021 ], [ 104.4171747, 32.7838464 ], [ 104.4099458, 32.7852459 ], [ 104.409406, 32.7852736 ], [ 104.4076728, 32.7853628 ], [ 104.4059202, 32.7854529 ], [ 104.4057499, 32.7854617 ], [ 104.4056018, 32.7855245 ], [ 104.4048698, 32.785835 ], [ 104.4042692, 32.7860897 ], [ 104.3998093, 32.7881688 ], [ 104.3997052, 32.7882679 ], [ 104.3966813, 32.791146 ], [ 104.3961524, 32.7918249 ], [ 104.396497, 32.7927019 ], [ 104.3967929, 32.7934552 ], [ 104.3967104, 32.7937767 ], [ 104.3961705, 32.7958788 ], [ 104.396078, 32.7962388 ], [ 104.3953752, 32.796376 ], [ 104.390943, 32.7972415 ], [ 104.3860563, 32.7986265 ], [ 104.3854741, 32.7987914 ], [ 104.3830515, 32.8018302 ], [ 104.3776404, 32.8053112 ], [ 104.3774552, 32.8054015 ], [ 104.3711337, 32.8084838 ], [ 104.3701822, 32.8090515 ], [ 104.369476, 32.8094729 ], [ 104.3692595, 32.8098587 ], [ 104.3700931, 32.8137422 ], [ 104.3699251, 32.8152682 ], [ 104.36935, 32.8160895 ], [ 104.3649433, 32.8223817 ], [ 104.3645051, 32.8230075 ], [ 104.359874, 32.8251808 ], [ 104.3593757, 32.8254147 ], [ 104.3547758, 32.82617 ], [ 104.3534252, 32.8262065 ], [ 104.3435527, 32.8261065 ], [ 104.3309133, 32.8260662 ], [ 104.3288233, 32.8261612 ], [ 104.3266316, 32.8267219 ], [ 104.3135776, 32.8305101 ], [ 104.3126805, 32.8307703 ], [ 104.2989294, 32.8327631 ], [ 104.297937, 32.8329069 ], [ 104.291239, 32.8385705 ], [ 104.291021, 32.8387548 ], [ 104.2908808, 32.8393955 ], [ 104.2911745, 32.8449348 ], [ 104.2911279, 32.8548876 ], [ 104.2911261, 32.8552616 ], [ 104.2881763, 32.8637078 ], [ 104.289395, 32.8690496 ], [ 104.2892208, 32.86985 ], [ 104.2889566, 32.8710641 ], [ 104.2831102, 32.8818281 ], [ 104.2804788, 32.8855333 ], [ 104.279443, 32.886183 ], [ 104.2768291, 32.8867999 ], [ 104.2751099, 32.8872056 ], [ 104.274529, 32.8880005 ], [ 104.2745366, 32.8886879 ], [ 104.2745679, 32.8915214 ], [ 104.2748225, 32.8933808 ], [ 104.2741377, 32.8986993 ], [ 104.2742648, 32.9011558 ], [ 104.274342, 32.9026488 ], [ 104.2746138, 32.9029723 ], [ 104.2763109, 32.9049919 ], [ 104.2767853, 32.9055565 ], [ 104.2789876, 32.9069519 ], [ 104.2795719, 32.9078247 ], [ 104.2797118, 32.9114175 ], [ 104.2795527, 32.9130448 ], [ 104.2791221, 32.9174506 ], [ 104.2793896, 32.9198967 ], [ 104.2800039, 32.9212544 ], [ 104.2831095, 32.9273729 ], [ 104.2832147, 32.9275801 ], [ 104.2834661, 32.9278381 ], [ 104.2844719, 32.9288702 ], [ 104.2849748, 32.9293862 ], [ 104.2841787, 32.9358956 ], [ 104.2838264, 32.937291 ], [ 104.2831091, 32.9401323 ], [ 104.2830612, 32.9403222 ], [ 104.2832906, 32.9412215 ], [ 104.2846612, 32.9431465 ], [ 104.2865371, 32.9447088 ], [ 104.2876167, 32.9456079 ], [ 104.2942847, 32.9499896 ], [ 104.3015045, 32.9541602 ], [ 104.3022556, 32.9543283 ], [ 104.3029915, 32.9542683 ], [ 104.3052319, 32.9526342 ], [ 104.3067153, 32.9515523 ], [ 104.3104385, 32.9488753 ], [ 104.3116597, 32.9484296 ], [ 104.3139167, 32.9476058 ], [ 104.3146058, 32.9473542 ], [ 104.3154397, 32.9470498 ], [ 104.3174691, 32.9469612 ], [ 104.3207115, 32.9485147 ], [ 104.3210147, 32.9486671 ], [ 104.3211877, 32.948754 ], [ 104.3228542, 32.9495915 ], [ 104.3235071, 32.9499196 ], [ 104.3266054, 32.9504352 ], [ 104.3277015, 32.9502039 ], [ 104.330737, 32.949563 ], [ 104.3368927, 32.9470373 ], [ 104.3396757, 32.9445831 ], [ 104.3413266, 32.9431272 ], [ 104.3417169, 32.942783 ], [ 104.3454294, 32.9426919 ], [ 104.3457832, 32.9426832 ], [ 104.3501843, 32.9430341 ], [ 104.3576743, 32.9440278 ], [ 104.3674599, 32.9472435 ], [ 104.3679622, 32.9474085 ], [ 104.3683724, 32.9481249 ], [ 104.370031, 32.9510204 ], [ 104.3711955, 32.9530534 ], [ 104.3741913, 32.9582836 ], [ 104.3745507, 32.9592804 ], [ 104.3770771, 32.9662873 ], [ 104.3768417, 32.9685026 ], [ 104.3754664, 32.9740975 ], [ 104.37693, 32.9824148 ], [ 104.3772038, 32.9833438 ], [ 104.3800358, 32.9929531 ], [ 104.3800783, 32.9930396 ], [ 104.3816118, 32.9961609 ], [ 104.3826475, 32.99697 ], [ 104.3858769, 32.9994928 ], [ 104.3866057, 33.0000621 ], [ 104.388553, 33.0014799 ], [ 104.3929611, 33.0043748 ], [ 104.3957343, 33.0058517 ], [ 104.3964447, 33.0061229 ], [ 104.3980847, 33.0058538 ], [ 104.4010799, 33.0061221 ], [ 104.4152145, 33.0104271 ], [ 104.4170934, 33.0113269 ], [ 104.4224938, 33.0150244 ], [ 104.4231511, 33.0154844 ], [ 104.4237911, 33.0160806 ], [ 104.4239966, 33.0169125 ], [ 104.4227401, 33.0285172 ], [ 104.4224769, 33.0293033 ], [ 104.4152046, 33.0343311 ], [ 104.4142426, 33.034779 ], [ 104.4093557, 33.0353054 ], [ 104.4014758, 33.0360079 ], [ 104.3969617, 33.0366248 ], [ 104.3945893, 33.036949 ], [ 104.3935502, 33.0375423 ], [ 104.3933491, 33.0377367 ], [ 104.3906865, 33.0403119 ], [ 104.3900357, 33.0409414 ], [ 104.3831081, 33.0392962 ], [ 104.3789769, 33.0377269 ], [ 104.3783508, 33.0372965 ], [ 104.3769894, 33.0348987 ], [ 104.373302, 33.0317365 ], [ 104.3729681, 33.0314501 ], [ 104.3720198, 33.0312198 ], [ 104.3667551, 33.0308416 ], [ 104.3656959, 33.0307654 ], [ 104.3536153, 33.0347474 ], [ 104.3521728, 33.0356448 ], [ 104.3505219, 33.0372981 ], [ 104.34718, 33.0393968 ], [ 104.3464908, 33.0398296 ], [ 104.3445055, 33.0410762 ], [ 104.3434999, 33.0417076 ], [ 104.3394201, 33.0419292 ], [ 104.3355437, 33.0426207 ], [ 104.3346905, 33.0427729 ], [ 104.3318079, 33.0441609 ], [ 104.3306525, 33.0454473 ], [ 104.3316109, 33.0470174 ], [ 104.3379069, 33.0535301 ], [ 104.33887, 33.0541043 ], [ 104.3436457, 33.0569512 ], [ 104.345295, 33.0578001 ], [ 104.3485208, 33.0589664 ], [ 104.3504861, 33.0622959 ], [ 104.3553712, 33.0705708 ], [ 104.3572324, 33.0745012 ], [ 104.3574878, 33.0765784 ], [ 104.3571275, 33.0786262 ], [ 104.3580341, 33.0813915 ], [ 104.3599952, 33.0831743 ], [ 104.3619753, 33.0838746 ], [ 104.3627892, 33.0839342 ], [ 104.3642293, 33.0830852 ], [ 104.3652488, 33.0830719 ], [ 104.3668596, 33.0830508 ], [ 104.3679166, 33.0834922 ], [ 104.3683996, 33.0851631 ], [ 104.3677985, 33.0869373 ], [ 104.3636224, 33.0888275 ], [ 104.3600899, 33.0895203 ], [ 104.3582085, 33.0880945 ], [ 104.3529061, 33.0857582 ], [ 104.3518885, 33.087199 ], [ 104.3516698, 33.0873966 ], [ 104.3509332, 33.0880624 ], [ 104.3508665, 33.088567 ], [ 104.3519219, 33.089711 ], [ 104.3528894, 33.0902777 ], [ 104.3551383, 33.091595 ], [ 104.3554748, 33.0920745 ], [ 104.3556466, 33.092682 ], [ 104.3558683, 33.0934663 ], [ 104.3563008, 33.0949964 ], [ 104.3563291, 33.0968711 ], [ 104.3563452, 33.0979419 ], [ 104.3572588, 33.101275 ], [ 104.3662799, 33.1043641 ], [ 104.3760902, 33.1071999 ], [ 104.3799477, 33.1085523 ], [ 104.3804065, 33.1092262 ], [ 104.3805095, 33.11018 ], [ 104.3779665, 33.1115504 ], [ 104.3760162, 33.1130381 ], [ 104.3756399, 33.1133251 ], [ 104.374582, 33.1141321 ], [ 104.3728527, 33.1158464 ], [ 104.3713943, 33.1172921 ], [ 104.3708422, 33.1182137 ], [ 104.3697564, 33.120026 ], [ 104.3696928, 33.120265 ], [ 104.3688178, 33.1235504 ], [ 104.3682562, 33.12767 ], [ 104.3681593, 33.1285536 ], [ 104.3656852, 33.1332265 ], [ 104.3655752, 33.1333891 ], [ 104.3647003, 33.134682 ], [ 104.3637164, 33.1361359 ], [ 104.3611086, 33.1399893 ], [ 104.3561464, 33.1455552 ], [ 104.3556147, 33.1461515 ], [ 104.3559994, 33.1472251 ], [ 104.3568759, 33.1496711 ], [ 104.3556112, 33.1548857 ], [ 104.3548827, 33.1571415 ], [ 104.3521742, 33.1603036 ], [ 104.3495777, 33.1678881 ], [ 104.3494095, 33.1692225 ], [ 104.3491766, 33.1710706 ], [ 104.3492954, 33.1747938 ], [ 104.3493472, 33.1764184 ], [ 104.3454971, 33.1889258 ], [ 104.3453093, 33.1894551 ], [ 104.3425946, 33.1940585 ], [ 104.3412277, 33.195863 ], [ 104.339493, 33.1974147 ], [ 104.3382079, 33.198564 ], [ 104.3369548, 33.1996848 ], [ 104.3354347, 33.2026152 ], [ 104.333663, 33.2075107 ], [ 104.3326551, 33.2104439 ], [ 104.3325019, 33.2133153 ], [ 104.3310985, 33.2146776 ], [ 104.3296307, 33.2152827 ], [ 104.3286336, 33.2153628 ], [ 104.3255985, 33.2146339 ], [ 104.3254084, 33.2150731 ], [ 104.3246955, 33.2167199 ], [ 104.3242435, 33.2183369 ], [ 104.3227417, 33.2237088 ], [ 104.3216394, 33.227651 ], [ 104.3237158, 33.231319 ], [ 104.3263362, 33.237754 ], [ 104.3265289, 33.2391755 ], [ 104.326818, 33.2413075 ], [ 104.326982, 33.2425164 ], [ 104.3261759, 33.2465316 ], [ 104.3261755, 33.2465332 ], [ 104.3257907, 33.2484497 ], [ 104.3242478, 33.2561337 ], [ 104.3231846, 33.2576082 ], [ 104.321622, 33.2607371 ], [ 104.3209604, 33.262965 ], [ 104.320573, 33.2648323 ], [ 104.3201272, 33.2669816 ], [ 104.320225, 33.2679322 ], [ 104.3209223, 33.269593 ], [ 104.3181365, 33.276994 ], [ 104.3163162, 33.28183 ], [ 104.3134863, 33.28546 ], [ 104.3073427, 33.2939321 ], [ 104.3005506, 33.3039425 ], [ 104.3000248, 33.3047551 ], [ 104.3005158, 33.3052913 ], [ 104.3027971, 33.306366 ], [ 104.3032815, 33.3064844 ], [ 104.3059145, 33.3071277 ], [ 104.3066903, 33.3070716 ], [ 104.3077743, 33.3069932 ], [ 104.308844, 33.3074336 ], [ 104.3089128, 33.3074758 ], [ 104.309048, 33.3075586 ], [ 104.3125297, 33.309691 ], [ 104.3168369, 33.3123289 ], [ 104.319753, 33.3141149 ], [ 104.3209445, 33.3152821 ], [ 104.321753, 33.3160741 ], [ 104.3229513, 33.3164567 ], [ 104.3274988, 33.3172323 ], [ 104.3285412, 33.3172185 ], [ 104.3317775, 33.3155836 ], [ 104.3360356, 33.3129762 ], [ 104.3368118, 33.3124087 ], [ 104.3400919, 33.3085295 ], [ 104.3410392, 33.3074092 ], [ 104.3427504, 33.3053853 ], [ 104.3440873, 33.3042853 ], [ 104.3458152, 33.3028635 ], [ 104.346824, 33.3026152 ], [ 104.3517747, 33.3027064 ], [ 104.3551572, 33.3027686 ], [ 104.355419, 33.3027735 ], [ 104.3665976, 33.302737 ], [ 104.3670111, 33.3027357 ], [ 104.3822707, 33.3011704 ], [ 104.3828517, 33.3011108 ], [ 104.3828814, 33.3011077 ], [ 104.3833249, 33.3010622 ], [ 104.3895415, 33.2983748 ], [ 104.3938808, 33.2964989 ], [ 104.3941322, 33.2962604 ], [ 104.394822, 33.295751 ], [ 104.395172, 33.295274 ], [ 104.395378, 33.294882 ], [ 104.395626, 33.294337 ], [ 104.395976, 33.293689 ], [ 104.3962471, 33.293257 ], [ 104.396532, 33.292803 ], [ 104.397087, 33.291985 ], [ 104.397437, 33.291491 ], [ 104.399177, 33.290046 ], [ 104.400938, 33.288397 ], [ 104.402657, 33.287157 ], [ 104.403415, 33.286443 ], [ 104.4039882, 33.2859669 ], [ 104.404602, 33.285457 ], [ 104.405911, 33.284455 ], [ 104.406933, 33.283861 ], [ 104.407748, 33.283763 ], [ 104.408439, 33.283783 ], [ 104.409232, 33.283941 ], [ 104.409658, 33.28408 ], [ 104.410084, 33.284355 ], [ 104.4101105, 33.2843788 ], [ 104.410428, 33.284664 ], [ 104.41061, 33.284887 ], [ 104.410811, 33.285213 ], [ 104.410891, 33.285487 ], [ 104.410909, 33.285795 ], [ 104.410865, 33.286239 ], [ 104.41074, 33.286666 ], [ 104.4102117, 33.2877333 ], [ 104.409997, 33.288167 ], [ 104.409627, 33.288814 ], [ 104.408435, 33.290398 ], [ 104.408066, 33.29079 ], [ 104.407308, 33.291555 ], [ 104.406449, 33.292235 ], [ 104.406156, 33.2924348 ], [ 104.4060881, 33.2924811 ], [ 104.4054285, 33.2924816 ], [ 104.4043639, 33.2925262 ], [ 104.3998005, 33.2927171 ], [ 104.3987014, 33.2936134 ], [ 104.3944526, 33.2970784 ], [ 104.3941879, 33.2980763 ], [ 104.3947409, 33.3012666 ], [ 104.3952752, 33.3043485 ], [ 104.3953389, 33.3063072 ], [ 104.3930441, 33.3089087 ], [ 104.3915806, 33.3118332 ], [ 104.3909196, 33.3133291 ], [ 104.3910635, 33.3135544 ], [ 104.3916361, 33.3144514 ], [ 104.3927638, 33.3149993 ], [ 104.3930055, 33.3151167 ], [ 104.3941569, 33.3145312 ], [ 104.3946821, 33.3142641 ], [ 104.3950879, 33.3143385 ], [ 104.3956968, 33.31445 ], [ 104.396035, 33.314512 ], [ 104.400195, 33.3160785 ], [ 104.4004628, 33.3161793 ], [ 104.4021871, 33.3168286 ], [ 104.4034677, 33.3173108 ], [ 104.4041762, 33.3175776 ], [ 104.4063107, 33.3188974 ], [ 104.4073686, 33.3195515 ], [ 104.4075129, 33.3196407 ], [ 104.4079401, 33.3199049 ], [ 104.4091749, 33.3206684 ], [ 104.4098365, 33.3210775 ], [ 104.4194703, 33.3236287 ], [ 104.4262237, 33.3246344 ], [ 104.4283417, 33.3245758 ], [ 104.4336639, 33.3233866 ], [ 104.4340707, 33.3234568 ], [ 104.4341088, 33.3238605 ], [ 104.4338197, 33.3244006 ], [ 104.4315002, 33.3268619 ], [ 104.429598, 33.3281537 ], [ 104.4273909, 33.3288447 ], [ 104.4236468, 33.3294877 ], [ 104.4194917, 33.3289842 ], [ 104.4140149, 33.3288037 ], [ 104.411767, 33.3287347 ], [ 104.4100467, 33.3309605 ], [ 104.4090342, 33.3329131 ], [ 104.4036768, 33.3387015 ], [ 104.4025651, 33.3388738 ], [ 104.3975996, 33.3380508 ], [ 104.3943979, 33.3383681 ], [ 104.3914947, 33.3413723 ], [ 104.3892104, 33.3428259 ], [ 104.3724211, 33.3498443 ], [ 104.371149, 33.3502151 ], [ 104.3681899, 33.3498228 ], [ 104.3554354, 33.3472938 ], [ 104.3428816, 33.3392826 ], [ 104.3415183, 33.3363656 ], [ 104.3402581, 33.335367 ], [ 104.3302661, 33.3309264 ], [ 104.3278269, 33.3299497 ], [ 104.3267145, 33.3299436 ], [ 104.3251883, 33.330586 ], [ 104.3199761, 33.3334918 ], [ 104.3157436, 33.338399 ], [ 104.3140824, 33.3397261 ], [ 104.3128626, 33.3401632 ], [ 104.3118052, 33.340113 ], [ 104.3099859, 33.3394593 ], [ 104.3044325, 33.3362102 ], [ 104.3005646, 33.3338359 ], [ 104.2962149, 33.3319993 ], [ 104.2953331, 33.33193 ], [ 104.2935313, 33.3324727 ], [ 104.2911114, 33.3387981 ], [ 104.2912338, 33.3432598 ], [ 104.2909882, 33.3441905 ], [ 104.2886254, 33.3485714 ], [ 104.2868593, 33.3511135 ], [ 104.2852068, 33.3526798 ], [ 104.2836131, 33.356732 ], [ 104.2829021, 33.3595687 ], [ 104.2835219, 33.3646103 ], [ 104.283095, 33.3682698 ], [ 104.2748385, 33.3782534 ], [ 104.2727116, 33.3795281 ], [ 104.270771, 33.3802433 ], [ 104.2691341, 33.3897162 ], [ 104.2640941, 33.3964256 ], [ 104.2640483, 33.396468 ], [ 104.2635361, 33.3964882 ], [ 104.2603447, 33.3968363 ], [ 104.2576285, 33.3993481 ], [ 104.2567596, 33.4029576 ], [ 104.2528701, 33.4068237 ], [ 104.250969, 33.4087132 ], [ 104.249684, 33.4095026 ], [ 104.248888, 33.4096204 ], [ 104.2466335, 33.409954 ], [ 104.2430387, 33.4099224 ], [ 104.2342666, 33.4066234 ], [ 104.2324252, 33.4053889 ], [ 104.2322475, 33.4052697 ], [ 104.2320057, 33.4049225 ], [ 104.231556, 33.4042767 ], [ 104.2313248, 33.4041656 ], [ 104.2310165, 33.4038228 ], [ 104.2300422, 33.4032842 ], [ 104.2286645, 33.4034753 ], [ 104.2209511, 33.4049363 ], [ 104.2198348, 33.4054841 ], [ 104.2190172, 33.40812 ], [ 104.21575, 33.4212157 ], [ 104.2159979, 33.426011 ], [ 104.2169354, 33.4277258 ], [ 104.2170695, 33.4334082 ], [ 104.2151766, 33.4436939 ], [ 104.2116465, 33.4505292 ], [ 104.210815, 33.4517002 ], [ 104.2101549, 33.4521241 ], [ 104.2081399, 33.4516019 ], [ 104.2077047, 33.4514892 ], [ 104.2061136, 33.4516327 ], [ 104.2052717, 33.4519856 ], [ 104.1932438, 33.4570254 ], [ 104.1916317, 33.4583219 ], [ 104.1902509, 33.4599573 ], [ 104.1896819, 33.4608591 ], [ 104.1895295, 33.4619046 ], [ 104.1851673, 33.4640885 ], [ 104.184505, 33.4640756 ], [ 104.1843675, 33.4640375 ], [ 104.1821911, 33.4660956 ], [ 104.1790347, 33.4694481 ], [ 104.1778249, 33.4769635 ], [ 104.1781211, 33.4816547 ], [ 104.1794927, 33.4854301 ], [ 104.179502, 33.48725 ], [ 104.1780621, 33.4910577 ], [ 104.1763646, 33.4940869 ], [ 104.174313, 33.4953382 ], [ 104.1715023, 33.4984043 ], [ 104.170692, 33.5000411 ], [ 104.1706722, 33.5006458 ], [ 104.171936, 33.5027393 ], [ 104.1726778, 33.5047495 ], [ 104.173972, 33.5115905 ], [ 104.1737609, 33.5143539 ], [ 104.1719382, 33.5159743 ], [ 104.1655796, 33.5165184 ], [ 104.1649397, 33.5169357 ], [ 104.1579244, 33.526601 ], [ 104.1580961, 33.5327111 ], [ 104.1583637, 33.5368596 ], [ 104.1564472, 33.5395895 ], [ 104.1541067, 33.5419369 ], [ 104.1532068, 33.5438859 ], [ 104.1533063, 33.5485919 ], [ 104.1549543, 33.5518661 ], [ 104.1586836, 33.5568072 ], [ 104.1616421, 33.5578084 ], [ 104.1643069, 33.5591227 ], [ 104.1653461, 33.5631403 ], [ 104.165248, 33.5671072 ], [ 104.1645533, 33.5708481 ], [ 104.1649569, 33.5724622 ], [ 104.1669719, 33.5755697 ], [ 104.167423, 33.5758162 ], [ 104.170918, 33.576053 ], [ 104.1778919, 33.5787626 ], [ 104.1786802, 33.5795224 ], [ 104.1789381, 33.5802787 ], [ 104.1787885, 33.5817934 ], [ 104.1775644, 33.5836473 ], [ 104.173667, 33.5858701 ], [ 104.1720996, 33.5887172 ], [ 104.1717904, 33.5901512 ], [ 104.1729128, 33.5920229 ], [ 104.1747499, 33.5940324 ], [ 104.1754191, 33.5961674 ], [ 104.1740278, 33.6002193 ], [ 104.1729652, 33.6029246 ], [ 104.1674421, 33.6121261 ], [ 104.1658764, 33.6147224 ], [ 104.1643513, 33.6157577 ], [ 104.1583597, 33.6183669 ], [ 104.1493239, 33.6230212 ], [ 104.1487062, 33.6237937 ], [ 104.1484718, 33.6260335 ], [ 104.1481083, 33.6266297 ], [ 104.1416081, 33.6312717 ], [ 104.1392022, 33.6324495 ], [ 104.1359638, 33.6340827 ], [ 104.13486, 33.6348771 ], [ 104.1329063, 33.6367469 ], [ 104.1316208, 33.6419874 ], [ 104.129486, 33.643111 ], [ 104.118276, 33.6525415 ], [ 104.113839, 33.6584761 ], [ 104.1087343, 33.664235 ], [ 104.1046803, 33.6661364 ], [ 104.1013502, 33.6661831 ], [ 104.0982493, 33.6668396 ], [ 104.0964191, 33.6675766 ], [ 104.0926829, 33.6699098 ], [ 104.0828392, 33.673487 ], [ 104.0733775, 33.6765523 ], [ 104.0681174, 33.6764256 ], [ 104.0603528, 33.6814408 ], [ 104.0583109, 33.6823617 ], [ 104.047349, 33.6866548 ], [ 104.0459893, 33.6871233 ], [ 104.0449369, 33.687308 ], [ 104.0361229, 33.6888543 ], [ 104.0286357, 33.6874891 ], [ 104.0275651, 33.6871304 ], [ 104.0214471, 33.6850805 ], [ 104.0119125, 33.6828488 ], [ 104.0103264, 33.6825966 ], [ 104.0083709, 33.6829456 ], [ 104.005889, 33.6833885 ], [ 103.9977643, 33.6828475 ], [ 103.9871219, 33.6798413 ], [ 103.9835756, 33.6788393 ], [ 103.9788958, 33.6778509 ], [ 103.9699248, 33.6759557 ], [ 103.9648455, 33.6754982 ], [ 103.9532614, 33.6765542 ], [ 103.9455668, 33.6779643 ], [ 103.944595, 33.6781424 ], [ 103.9423303, 33.6791112 ], [ 103.9369028, 33.681433 ], [ 103.9316161, 33.6839646 ], [ 103.9308871, 33.6843284 ], [ 103.9273957, 33.6845562 ], [ 103.9205769, 33.6837403 ], [ 103.9142132, 33.6829785 ], [ 103.8978535, 33.6821986 ], [ 103.8957872, 33.6822026 ], [ 103.883993, 33.6831797 ], [ 103.8839929, 33.6831797 ], [ 103.8828392, 33.6832752 ], [ 103.8822117, 33.6834413 ], [ 103.8764035, 33.6849779 ], [ 103.8743747, 33.6862712 ], [ 103.8728992, 33.6872118 ], [ 103.8676019, 33.6885167 ], [ 103.8663577, 33.6888231 ], [ 103.8656641, 33.6887712 ], [ 103.8627711, 33.6885547 ], [ 103.8541437, 33.6873702 ], [ 103.8540117, 33.6873521 ], [ 103.8532982, 33.6861005 ], [ 103.8527656, 33.6851661 ], [ 103.8514498, 33.683638 ], [ 103.8477464, 33.6798664 ], [ 103.8475902, 33.6797846 ], [ 103.8468121, 33.6793773 ], [ 103.8454898, 33.6794474 ], [ 103.8419686, 33.6796342 ], [ 103.8419686, 33.6796342 ], [ 103.8419685, 33.6796342 ], [ 103.8412403, 33.6796729 ], [ 103.8341671, 33.6808465 ], [ 103.8333922, 33.680975 ], [ 103.8329234, 33.6810528 ], [ 103.8213213, 33.6812904 ], [ 103.8184374, 33.6812348 ], [ 103.8122505, 33.6789209 ], [ 103.8084681, 33.6772056 ], [ 103.807424, 33.676732 ], [ 103.8070611, 33.6762837 ], [ 103.8028514, 33.671082 ], [ 103.8025751, 33.6707406 ], [ 103.8025007, 33.6704743 ], [ 103.8015484, 33.6670647 ], [ 103.800635, 33.6664787 ], [ 103.7999859, 33.6660623 ], [ 103.7970443, 33.6650531 ], [ 103.7894012, 33.665553 ], [ 103.7826436, 33.6665292 ], [ 103.7818707, 33.6662861 ], [ 103.7818707, 33.6662861 ], [ 103.7808708, 33.6659717 ], [ 103.7789851, 33.6653787 ], [ 103.7762196, 33.6645089 ], [ 103.7714801, 33.6622771 ], [ 103.7682315, 33.6606679 ], [ 103.7674074, 33.6595103 ], [ 103.7660802, 33.6585852 ], [ 103.7639153, 33.6574617 ], [ 103.7633704, 33.6574372 ], [ 103.7618644, 33.6578971 ], [ 103.7578524, 33.6608557 ], [ 103.7558025, 33.6623673 ], [ 103.755407, 33.6631552 ], [ 103.7543959, 33.6651699 ], [ 103.7536735, 33.6666093 ], [ 103.75182, 33.6703022 ], [ 103.75076, 33.6715951 ], [ 103.7502856, 33.6721738 ], [ 103.7483065, 33.6726801 ], [ 103.743347, 33.6733505 ], [ 103.7408457, 33.6729922 ], [ 103.7406579, 33.6729653 ], [ 103.739437, 33.6730863 ], [ 103.7325168, 33.6757227 ], [ 103.7322984, 33.6758059 ], [ 103.7303255, 33.6771897 ], [ 103.7302625, 33.6772976 ], [ 103.7289938, 33.6794711 ], [ 103.7287893, 33.6795513 ], [ 103.724231, 33.6813371 ], [ 103.7230213, 33.681463 ], [ 103.720694, 33.6817051 ], [ 103.7202541, 33.6817508 ], [ 103.7198197, 33.6815736 ], [ 103.7191101, 33.6812841 ], [ 103.7163903, 33.6807418 ], [ 103.7158593, 33.680863 ], [ 103.7136228, 33.6818969 ], [ 103.7102193, 33.6846291 ], [ 103.7092387, 33.6861075 ], [ 103.7090304, 33.6864216 ], [ 103.7088884, 33.6865138 ], [ 103.706019, 33.6883768 ], [ 103.7055378, 33.6885722 ], [ 103.6956985, 33.6925666 ], [ 103.6948786, 33.6928683 ], [ 103.6948785, 33.6928683 ], [ 103.6948785, 33.6928683 ], [ 103.688342, 33.6952736 ], [ 103.6872926, 33.6953403 ], [ 103.6870396, 33.6951234 ], [ 103.6869361, 33.6936704 ], [ 103.6866941, 33.6902706 ], [ 103.686289, 33.6893315 ], [ 103.6847606, 33.6881156 ], [ 103.6822856, 33.6878711 ], [ 103.6802231, 33.6886904 ], [ 103.6779046, 33.6919088 ], [ 103.6766812, 33.6936069 ], [ 103.6756254, 33.6943901 ], [ 103.6742786, 33.6947028 ], [ 103.6728671, 33.6943761 ], [ 103.6720991, 33.6934175 ], [ 103.6716679, 33.692369 ], [ 103.6716279, 33.6919471 ], [ 103.6714595, 33.6901701 ], [ 103.6704519, 33.6895117 ], [ 103.6694572, 33.6888616 ], [ 103.6677508, 33.6877465 ], [ 103.6661705, 33.6874957 ], [ 103.6652705, 33.6878443 ], [ 103.6650871, 33.688114 ], [ 103.6628568, 33.6913922 ], [ 103.661914, 33.6927779 ], [ 103.6620708, 33.6934807 ], [ 103.6627948, 33.6938592 ], [ 103.6640491, 33.6945148 ], [ 103.6647067, 33.6953788 ], [ 103.6648338, 33.7004123 ], [ 103.6642823, 33.701123 ], [ 103.6629552, 33.701358 ], [ 103.6540513, 33.7012051 ], [ 103.6530787, 33.7011884 ], [ 103.6510867, 33.6998424 ], [ 103.6493509, 33.6976111 ], [ 103.6485929, 33.6972134 ], [ 103.647845, 33.697361 ], [ 103.6474268, 33.6978861 ], [ 103.6473376, 33.6988199 ], [ 103.6474856, 33.700135 ], [ 103.6476975, 33.7020176 ], [ 103.648173, 33.7025993 ], [ 103.6560765, 33.7084346 ], [ 103.6570186, 33.70913 ], [ 103.6577026, 33.7093319 ], [ 103.6601664, 33.710059 ], [ 103.6601664, 33.710059 ], [ 103.6629381, 33.7108768 ], [ 103.665216, 33.7118518 ], [ 103.6666155, 33.7129731 ], [ 103.6667494, 33.713956 ], [ 103.6651608, 33.7190334 ], [ 103.6641196, 33.72125 ], [ 103.6635033, 33.7213212 ], [ 103.6574901, 33.7171586 ], [ 103.6562108, 33.7167085 ], [ 103.6547769, 33.7165994 ], [ 103.6531039, 33.7174847 ], [ 103.6510571, 33.7212843 ], [ 103.6501085, 33.7230451 ], [ 103.6496027, 33.7231953 ], [ 103.6488797, 33.7226557 ], [ 103.6470291, 33.7212743 ], [ 103.645917, 33.7204442 ], [ 103.6460828, 33.7181793 ], [ 103.6463443, 33.7146066 ], [ 103.6455066, 33.7121514 ], [ 103.6444986, 33.7110498 ], [ 103.6432812, 33.7102263 ], [ 103.6421568, 33.7102259 ], [ 103.6330284, 33.7102224 ], [ 103.6273785, 33.7126524 ], [ 103.6266758, 33.7134703 ], [ 103.6264176, 33.7144645 ], [ 103.6267017, 33.7165242 ], [ 103.6274787, 33.7180752 ], [ 103.6293537, 33.7208314 ], [ 103.6311952, 33.723538 ], [ 103.6314729, 33.7248342 ], [ 103.6310489, 33.7257019 ], [ 103.6243635, 33.7286994 ], [ 103.623725, 33.7289857 ], [ 103.6231095, 33.7289944 ], [ 103.6189939, 33.7275152 ], [ 103.6169481, 33.7260278 ], [ 103.6166603, 33.7253702 ], [ 103.6176192, 33.7203153 ], [ 103.6181878, 33.7173172 ], [ 103.6166743, 33.7163655 ], [ 103.6100031, 33.7150287 ], [ 103.6090696, 33.7153335 ], [ 103.5980081, 33.7189438 ], [ 103.596861, 33.7195539 ], [ 103.5970386, 33.7216232 ], [ 103.5972371, 33.723936 ], [ 103.5973808, 33.7244599 ], [ 103.5980643, 33.7269522 ], [ 103.5980652, 33.7288351 ], [ 103.5980658, 33.7303018 ], [ 103.5973842, 33.7309328 ], [ 103.5950463, 33.7313736 ], [ 103.5912675, 33.7309878 ], [ 103.5895046, 33.7304691 ], [ 103.5885697, 33.7297265 ], [ 103.5885892, 33.7286058 ], [ 103.5892128, 33.7272232 ], [ 103.5893771, 33.7268587 ], [ 103.5896548, 33.7253871 ], [ 103.5900181, 33.7234619 ], [ 103.5900359, 33.7231714 ], [ 103.5903064, 33.7187551 ], [ 103.5903809, 33.7175394 ], [ 103.5889519, 33.7173086 ], [ 103.5889518, 33.7173086 ], [ 103.5873492, 33.7170498 ], [ 103.5840316, 33.715964 ], [ 103.5833411, 33.7155543 ], [ 103.5820209, 33.7147709 ], [ 103.5813155, 33.7143523 ], [ 103.5802371, 33.7129759 ], [ 103.5801307, 33.7128401 ], [ 103.5800594, 33.7124373 ], [ 103.5800594, 33.7124372 ], [ 103.579708, 33.7104492 ], [ 103.5796018, 33.7098485 ], [ 103.5795782, 33.7097152 ], [ 103.5788011, 33.7078598 ], [ 103.5787631, 33.7077765 ], [ 103.5783516, 33.7068754 ], [ 103.577997, 33.7060986 ], [ 103.5755745, 33.7048429 ], [ 103.5743601, 33.7042134 ], [ 103.5738263, 33.7042415 ], [ 103.5704589, 33.7044186 ], [ 103.568248, 33.7046181 ], [ 103.5673927, 33.7046953 ], [ 103.5665324, 33.7047729 ], [ 103.5661979, 33.7046165 ], [ 103.565371, 33.7042299 ], [ 103.5648382, 33.7039807 ], [ 103.5648379, 33.7039806 ], [ 103.5647217, 33.7039262 ], [ 103.5616604, 33.7023433 ], [ 103.5614876, 33.7021768 ], [ 103.5595382, 33.7002992 ], [ 103.5594768, 33.7001632 ], [ 103.556881, 33.6944176 ], [ 103.5537597, 33.6861659 ], [ 103.5530413, 33.6840661 ], [ 103.5521752, 33.6815344 ], [ 103.5521519, 33.6814205 ], [ 103.551506, 33.6782606 ], [ 103.5514034, 33.6777585 ], [ 103.5504837, 33.6760624 ], [ 103.5499309, 33.6750429 ], [ 103.5482603, 33.6736738 ], [ 103.5470819, 33.6732124 ], [ 103.5445903, 33.673269 ], [ 103.544345, 33.6733414 ], [ 103.539671, 33.674721 ], [ 103.539671, 33.674721 ], [ 103.5388721, 33.6749568 ], [ 103.5385502, 33.6754118 ], [ 103.5375919, 33.6767663 ], [ 103.5375918, 33.6767663 ], [ 103.5375204, 33.6768673 ], [ 103.5363779, 33.678482 ], [ 103.5342232, 33.6803777 ], [ 103.5342232, 33.6803777 ], [ 103.5342232, 33.6803777 ], [ 103.5333579, 33.681139 ], [ 103.5327373, 33.6813905 ], [ 103.5288887, 33.6829505 ], [ 103.5288227, 33.6829554 ], [ 103.5279017, 33.6830241 ], [ 103.5252805, 33.6832195 ], [ 103.5210391, 33.6818209 ], [ 103.5209457, 33.6817901 ], [ 103.5194058, 33.6809892 ], [ 103.5192947, 33.6808313 ], [ 103.5187255, 33.6800225 ], [ 103.5181262, 33.6824465 ], [ 103.5180434, 33.6827816 ], [ 103.517558, 33.6847448 ], [ 103.5175475, 33.684787 ], [ 103.5191444, 33.6854927 ], [ 103.5222942, 33.6868845 ], [ 103.5249908, 33.6899942 ], [ 103.5249026, 33.69119 ], [ 103.5248259, 33.6922281 ], [ 103.524712, 33.6937715 ], [ 103.524727, 33.6938253 ], [ 103.5262845, 33.6993903 ], [ 103.5275024, 33.7014849 ], [ 103.5279674, 33.7019671 ], [ 103.5296045, 33.7036648 ], [ 103.5297131, 33.7037774 ], [ 103.5311829, 33.7053015 ], [ 103.5376092, 33.7132049 ], [ 103.5409713, 33.7182936 ], [ 103.5431693, 33.7216203 ], [ 103.5432891, 33.7218014 ], [ 103.5437819, 33.7243049 ], [ 103.5454341, 33.732696 ], [ 103.54555, 33.7335507 ], [ 103.5456606, 33.7343657 ], [ 103.5463107, 33.7391552 ], [ 103.5467295, 33.7405218 ], [ 103.5472569, 33.7422428 ], [ 103.5472579, 33.7422458 ], [ 103.5398796, 33.7455804 ], [ 103.539005, 33.7457574 ], [ 103.5357557, 33.7465133 ], [ 103.5333838, 33.7479537 ], [ 103.5313273, 33.7492026 ], [ 103.5289806, 33.7511999 ], [ 103.5287117, 33.7539294 ], [ 103.5297286, 33.7541515 ], [ 103.5298031, 33.7541678 ], [ 103.5300461, 33.7541049 ], [ 103.5324927, 33.7534713 ], [ 103.5340773, 33.7541927 ], [ 103.5343662, 33.7547381 ], [ 103.5343391, 33.7563075 ], [ 103.5336217, 33.7594771 ], [ 103.533121, 33.761689 ], [ 103.5332922, 33.7674223 ], [ 103.5335024, 33.7677296 ], [ 103.5350255, 33.7676764 ], [ 103.535526, 33.7676589 ], [ 103.5357464, 33.7676512 ], [ 103.5369772, 33.7679849 ], [ 103.5378518, 33.7682221 ], [ 103.5370325, 33.7702016 ], [ 103.5344878, 33.7763489 ], [ 103.5344398, 33.7764649 ], [ 103.5341222, 33.7768383 ], [ 103.5338586, 33.7771481 ], [ 103.532413, 33.7778945 ], [ 103.5320331, 33.7780906 ], [ 103.5307288, 33.7793455 ], [ 103.5297029, 33.7803325 ], [ 103.5287314, 33.7850395 ], [ 103.5287191, 33.7850987 ], [ 103.5287218, 33.7851498 ], [ 103.5289918, 33.7902813 ], [ 103.5300384, 33.7942088 ], [ 103.5300535, 33.7950246 ], [ 103.5301474, 33.8000905 ], [ 103.5296879, 33.8021743 ], [ 103.5294783, 33.8023933 ], [ 103.5234333, 33.8087124 ], [ 103.5233796, 33.8087685 ], [ 103.5232561, 33.808841 ], [ 103.5194921, 33.8110483 ], [ 103.5182421, 33.8117813 ], [ 103.5180666, 33.811809 ], [ 103.5081184, 33.813376 ], [ 103.5078469, 33.8134187 ], [ 103.5030412, 33.8136909 ], [ 103.5026888, 33.8137108 ], [ 103.5020768, 33.8131034 ], [ 103.5009303, 33.8119654 ], [ 103.4988502, 33.810931 ], [ 103.497721, 33.8103694 ], [ 103.4940944, 33.8088685 ], [ 103.4938432, 33.8087646 ], [ 103.4904722, 33.8073693 ], [ 103.4896209, 33.8074934 ], [ 103.4868378, 33.8090448 ], [ 103.479959, 33.8116335 ], [ 103.4786688, 33.8121022 ], [ 103.4775351, 33.812514 ], [ 103.4758196, 33.812126 ], [ 103.4744828, 33.8118236 ], [ 103.4739918, 33.8117125 ], [ 103.4738385, 33.8114924 ], [ 103.4672766, 33.8020687 ], [ 103.4638214, 33.7928026 ], [ 103.4633372, 33.7921369 ], [ 103.4633371, 33.7921368 ], [ 103.4633322, 33.79213 ], [ 103.4606064, 33.7889021 ], [ 103.4603688, 33.7886208 ], [ 103.4590987, 33.7877735 ], [ 103.4590987, 33.7877735 ], [ 103.4566708, 33.7861537 ], [ 103.4566706, 33.7861536 ], [ 103.4563274, 33.7859246 ], [ 103.4563273, 33.7859246 ], [ 103.4549937, 33.7850349 ], [ 103.4499303, 33.7854405 ], [ 103.4493648, 33.7854858 ], [ 103.446653, 33.784914 ], [ 103.4462435, 33.7845552 ], [ 103.4462435, 33.7845552 ], [ 103.4449986, 33.7834645 ], [ 103.4445446, 33.7830666 ], [ 103.4445445, 33.7830666 ], [ 103.4438652, 33.7824714 ], [ 103.4434401, 33.7818592 ], [ 103.4433567, 33.7817391 ], [ 103.4412944, 33.7787697 ], [ 103.4412067, 33.7785312 ], [ 103.440549, 33.776743 ], [ 103.4402695, 33.775983 ], [ 103.4395937, 33.7729621 ], [ 103.4394888, 33.7724931 ], [ 103.4391537, 33.7709953 ], [ 103.4388959, 33.7698428 ], [ 103.4390325, 33.7653802 ], [ 103.4409139, 33.7629548 ], [ 103.4414648, 33.7612257 ], [ 103.4409795, 33.7583054 ], [ 103.4392393, 33.752951 ], [ 103.4388767, 33.7524814 ], [ 103.4324101, 33.7467604 ], [ 103.4308776, 33.7454045 ], [ 103.4299344, 33.7452375 ], [ 103.428346, 33.746154 ], [ 103.4212111, 33.7487323 ], [ 103.4206558, 33.7489329 ], [ 103.4170508, 33.7496711 ], [ 103.4163703, 33.7498104 ], [ 103.410692, 33.749285 ], [ 103.4078986, 33.7489652 ], [ 103.4074885, 33.7489182 ], [ 103.4068292, 33.7490103 ], [ 103.3927537, 33.7509748 ], [ 103.3899982, 33.752458 ], [ 103.388432, 33.7538481 ], [ 103.3877052, 33.7540092 ], [ 103.3785389, 33.7529745 ], [ 103.3767563, 33.7525796 ], [ 103.3741356, 33.7519989 ], [ 103.3716471, 33.7507227 ], [ 103.3709737, 33.7497127 ], [ 103.3699495, 33.7489242 ], [ 103.3674191, 33.7480206 ], [ 103.3618659, 33.7470698 ], [ 103.3536798, 33.7456677 ], [ 103.3536796, 33.7456677 ], [ 103.3479895, 33.7446927 ], [ 103.339664, 33.7432657 ], [ 103.3377946, 33.7430236 ], [ 103.3334942, 33.7431956 ], [ 103.3306733, 33.7437955 ], [ 103.3298431, 33.7441534 ], [ 103.3242649, 33.7465578 ], [ 103.3227648, 33.7472043 ], [ 103.3112868, 33.7521502 ], [ 103.3095613, 33.7534037 ], [ 103.3095612, 33.7534037 ], [ 103.3094926, 33.7534536 ], [ 103.3079359, 33.7545844 ], [ 103.3029183, 33.7586147 ], [ 103.3004934, 33.760634 ], [ 103.2993055, 33.762061 ], [ 103.2966598, 33.7652394 ], [ 103.2959036, 33.7656728 ], [ 103.2854666, 33.7716539 ], [ 103.2805519, 33.7740608 ], [ 103.2789063, 33.774325 ], [ 103.2777973, 33.7745031 ], [ 103.277124, 33.7748786 ], [ 103.2769158, 33.7751601 ], [ 103.2767699, 33.7753574 ], [ 103.2764509, 33.7757888 ], [ 103.2762924, 33.7767262 ], [ 103.2759348, 33.7788419 ], [ 103.2757744, 33.7797906 ], [ 103.276027, 33.7805154 ], [ 103.276027, 33.7805155 ], [ 103.2764758, 33.7818036 ], [ 103.2765424, 33.7819948 ], [ 103.2782178, 33.7860944 ], [ 103.2796069, 33.7864368 ], [ 103.2802315, 33.7865907 ], [ 103.2804354, 33.7867257 ], [ 103.2804354, 33.7867257 ], [ 103.2837393, 33.7889129 ], [ 103.284184, 33.7892073 ], [ 103.2845458, 33.7897806 ], [ 103.2845844, 33.7968264 ], [ 103.284021, 33.7999341 ], [ 103.2823431, 33.8032902 ], [ 103.281432, 33.8041681 ], [ 103.281432, 33.8041682 ], [ 103.2793284, 33.8061952 ], [ 103.2767693, 33.8081242 ], [ 103.2691166, 33.8115227 ], [ 103.2676008, 33.8119229 ], [ 103.2645318, 33.8127331 ], [ 103.2588278, 33.8140783 ], [ 103.2584788, 33.8141606 ], [ 103.2484448, 33.8158306 ], [ 103.2482857, 33.8157821 ], [ 103.2443471, 33.8145824 ], [ 103.2430959, 33.8139922 ], [ 103.2386244, 33.8107428 ], [ 103.2263431, 33.8012433 ], [ 103.2263023, 33.8008574 ], [ 103.2261496, 33.7994116 ], [ 103.2260563, 33.798528 ], [ 103.2256345, 33.7971096 ], [ 103.2251791, 33.7955783 ], [ 103.2248994, 33.7955216 ], [ 103.2186667, 33.7942569 ], [ 103.2164525, 33.7939502 ], [ 103.2157525, 33.7938533 ], [ 103.2028626, 33.7945877 ], [ 103.2019533, 33.7946394 ], [ 103.196231, 33.7978168 ], [ 103.194467, 33.7993424 ], [ 103.1917943, 33.8011784 ], [ 103.1901312, 33.8021933 ], [ 103.1898702, 33.8022597 ], [ 103.1834105, 33.8039019 ], [ 103.1822815, 33.8039681 ], [ 103.1784005, 33.8036322 ], [ 103.1772076, 33.8034193 ], [ 103.1753179, 33.8030821 ], [ 103.1751484, 33.8031592 ], [ 103.1715649, 33.8047887 ], [ 103.171324, 33.8049711 ], [ 103.1711518, 33.8051014 ], [ 103.1711518, 33.8051014 ], [ 103.1703575, 33.8057026 ], [ 103.1691351, 33.8066279 ], [ 103.169135, 33.8066279 ], [ 103.1631707, 33.8084718 ], [ 103.1628599, 33.8085679 ], [ 103.1598162, 33.8075343 ], [ 103.1598161, 33.8075343 ], [ 103.1583369, 33.8070319 ], [ 103.1582425, 33.8071399 ], [ 103.1499108, 33.8166734 ], [ 103.1500247, 33.8183 ], [ 103.1502813, 33.8219614 ], [ 103.1503317, 33.8226818 ], [ 103.1535064, 33.8303055 ], [ 103.1538856, 33.831132 ], [ 103.1600724, 33.8450148 ], [ 103.1635135, 33.8527345 ], [ 103.1643877, 33.8550349 ], [ 103.1645052, 33.8569628 ], [ 103.1629625, 33.86043 ], [ 103.1629625, 33.8604301 ], [ 103.162398, 33.8616986 ], [ 103.162026, 33.8642452 ], [ 103.1620012, 33.8654005 ], [ 103.1622866, 33.8665926 ], [ 103.1626137, 33.867959 ], [ 103.1630263, 33.8696823 ], [ 103.1631668, 33.8702694 ], [ 103.1633812, 33.870505 ], [ 103.1671807, 33.8746811 ], [ 103.167755, 33.8753122 ], [ 103.1677636, 33.8753218 ], [ 103.1721899, 33.8842688 ], [ 103.1722185, 33.884319 ], [ 103.1728618, 33.8854482 ], [ 103.1759203, 33.8908159 ], [ 103.1772912, 33.8928707 ], [ 103.1806814, 33.8956896 ], [ 103.1823948, 33.897942 ], [ 103.1832815, 33.8997007 ], [ 103.1837375, 33.9040653 ], [ 103.1827739, 33.905979 ], [ 103.1805207, 33.9104536 ], [ 103.1798468, 33.9117917 ], [ 103.1798468, 33.9117918 ], [ 103.1793208, 33.9128363 ], [ 103.1759566, 33.9175085 ], [ 103.1757551, 33.9177884 ], [ 103.1725486, 33.921116 ], [ 103.1693701, 33.9244141 ], [ 103.1669648, 33.930855 ], [ 103.1662865, 33.9321811 ], [ 103.1657614, 33.9322246 ], [ 103.1657614, 33.9322246 ], [ 103.1566653, 33.9329764 ], [ 103.153143, 33.9328996 ], [ 103.1512557, 33.9320165 ], [ 103.1512288, 33.9315296 ], [ 103.1511, 33.9291972 ], [ 103.1508038, 33.9288357 ], [ 103.1493409, 33.9270505 ], [ 103.1491724, 33.9268449 ], [ 103.1433476, 33.9274371 ], [ 103.1425726, 33.9275159 ], [ 103.1412725, 33.9284325 ], [ 103.1386273, 33.9302973 ], [ 103.1338667, 33.932043 ], [ 103.1325676, 33.9320113 ], [ 103.1258896, 33.9302967 ], [ 103.125752, 33.9304738 ], [ 103.1220255, 33.9352698 ], [ 103.1220446, 33.9376897 ], [ 103.123238, 33.9399109 ], [ 103.1228045, 33.9407542 ], [ 103.1200693, 33.9460743 ], [ 103.1197361, 33.9467066 ], [ 103.1169036, 33.9520811 ], [ 103.116455, 33.9567089 ], [ 103.1166233, 33.9575903 ], [ 103.1181228, 33.9636824 ], [ 103.1210577, 33.9694434 ], [ 103.123152, 33.9714496 ], [ 103.1281486, 33.9735482 ], [ 103.1314598, 33.9737449 ], [ 103.1327454, 33.9733568 ], [ 103.1327454, 33.9733568 ], [ 103.1334022, 33.9731585 ], [ 103.1345822, 33.9741332 ], [ 103.1371859, 33.9778867 ], [ 103.1386869, 33.980618 ], [ 103.1384805, 33.9827761 ], [ 103.13835, 33.9841401 ], [ 103.1390199, 33.9871174 ], [ 103.1391273, 33.9875948 ], [ 103.1393998, 33.9878624 ], [ 103.1442883, 33.9926625 ], [ 103.1455229, 33.9937104 ], [ 103.1468553, 33.9940783 ], [ 103.1472373, 33.9941838 ], [ 103.1497497, 33.9948775 ], [ 103.1501703, 33.9949936 ], [ 103.1523233, 33.9960258 ], [ 103.1528361, 33.997041 ], [ 103.1566714, 34.004633 ], [ 103.157119, 34.0058386 ], [ 103.1567306, 34.0083209 ], [ 103.1565479, 34.0094887 ], [ 103.1562145, 34.0104069 ], [ 103.1558664, 34.0113659 ], [ 103.1533563, 34.014075 ], [ 103.1527617, 34.0147167 ], [ 103.1517166, 34.0150089 ], [ 103.1504575, 34.015361 ], [ 103.1493528, 34.0159885 ], [ 103.1476454, 34.0169585 ], [ 103.1476217, 34.017927 ], [ 103.1475852, 34.0194182 ], [ 103.1475527, 34.0207482 ], [ 103.1479911, 34.0235332 ], [ 103.1483499, 34.0258126 ], [ 103.1480532, 34.0272876 ], [ 103.1457877, 34.0358315 ], [ 103.1453871, 34.0368643 ], [ 103.1442745, 34.037477 ], [ 103.1367441, 34.0391847 ], [ 103.1329026, 34.0394875 ], [ 103.1297165, 34.0390773 ], [ 103.1249333, 34.0369233 ], [ 103.1183317, 34.0362037 ], [ 103.1165189, 34.0363742 ], [ 103.1197458, 34.0418267 ], [ 103.1209512, 34.0438634 ], [ 103.1241189, 34.0530695 ], [ 103.1249114, 34.0561974 ], [ 103.1253941, 34.0581022 ], [ 103.1266071, 34.0636324 ], [ 103.1269701, 34.0673552 ], [ 103.1276841, 34.0679324 ], [ 103.1280225, 34.068206 ], [ 103.1288523, 34.0683131 ], [ 103.1302446, 34.0677833 ], [ 103.1332873, 34.0661612 ], [ 103.1389931, 34.0639164 ], [ 103.1427465, 34.0624395 ], [ 103.1460294, 34.0633058 ], [ 103.1470356, 34.0636147 ], [ 103.1513474, 34.0662295 ], [ 103.1566558, 34.0686635 ], [ 103.1582314, 34.0689541 ], [ 103.159025, 34.0688592 ], [ 103.1600497, 34.0687367 ], [ 103.1616397, 34.0678003 ], [ 103.1634175, 34.0672339 ], [ 103.1658865, 34.0664472 ], [ 103.1681787, 34.0666315 ], [ 103.1687013, 34.0666735 ], [ 103.1690865, 34.0667044 ], [ 103.1704427, 34.067354 ], [ 103.1721301, 34.0689328 ], [ 103.1721678, 34.0698618 ], [ 103.1719976, 34.0700743 ], [ 103.1700001, 34.0725686 ], [ 103.1694273, 34.0732837 ], [ 103.1675469, 34.0736492 ], [ 103.1658176, 34.0735291 ], [ 103.1654731, 34.0751241 ], [ 103.1659634, 34.0774463 ], [ 103.1685184, 34.0812343 ], [ 103.1691245, 34.0811961 ], [ 103.1704518, 34.0804817 ], [ 103.1723396, 34.0794654 ], [ 103.1765909, 34.0796859 ], [ 103.1767501, 34.0798589 ], [ 103.177164, 34.0803083 ], [ 103.1770397, 34.0808101 ], [ 103.176263, 34.081743 ], [ 103.1699545, 34.0865757 ], [ 103.1652565, 34.0892694 ], [ 103.1652065, 34.089298 ], [ 103.1628719, 34.0906366 ], [ 103.1616604, 34.0913311 ], [ 103.153625, 34.098073 ], [ 103.1497686, 34.101399 ], [ 103.1484392, 34.1033621 ], [ 103.1470316, 34.1045686 ], [ 103.1458875, 34.1049763 ], [ 103.1386258, 34.1047878 ], [ 103.1373517, 34.1042176 ], [ 103.1347183, 34.1017853 ], [ 103.1340608, 34.1015707 ], [ 103.1329215, 34.1017581 ], [ 103.131617, 34.1025724 ], [ 103.127222, 34.1062744 ], [ 103.1266431, 34.106762 ], [ 103.1212237, 34.1119794 ], [ 103.120785, 34.1124017 ], [ 103.1198286, 34.1154247 ], [ 103.1197642, 34.1186253 ], [ 103.1196938, 34.1221225 ], [ 103.1198474, 34.1223535 ], [ 103.120395, 34.1231771 ], [ 103.1234115, 34.1255964 ], [ 103.1261969, 34.1278301 ], [ 103.1281118, 34.1330836 ], [ 103.1273846, 34.1337617 ], [ 103.1248872, 34.1360905 ], [ 103.1236363, 34.138375 ], [ 103.1229689, 34.140991 ], [ 103.1212542, 34.1491963 ], [ 103.1209185, 34.1526773 ], [ 103.1212121, 34.1547282 ], [ 103.1217709, 34.1586322 ], [ 103.122276, 34.1621603 ], [ 103.1220867, 34.1647229 ], [ 103.1215316, 34.1658476 ], [ 103.1180131, 34.170989 ], [ 103.1176569, 34.1714753 ], [ 103.1147771, 34.1754065 ], [ 103.114256, 34.1760144 ], [ 103.1136157, 34.1767613 ], [ 103.1128588, 34.1771436 ], [ 103.1118808, 34.1768072 ], [ 103.1099785, 34.176872 ], [ 103.1070624, 34.1769714 ], [ 103.0991952, 34.1774908 ], [ 103.0947915, 34.1796089 ], [ 103.0930743, 34.1804348 ], [ 103.0894159, 34.1823375 ], [ 103.0797709, 34.1862923 ], [ 103.0668565, 34.1886463 ], [ 103.0610363, 34.1919301 ], [ 103.0600083, 34.19251 ], [ 103.056971, 34.1939554 ], [ 103.0525073, 34.1959469 ], [ 103.0500735, 34.196444 ], [ 103.0482642, 34.1968136 ], [ 103.0477915, 34.1967746 ], [ 103.047612, 34.1964546 ], [ 103.0477066, 34.1962828 ], [ 103.047913, 34.1959075 ], [ 103.0483428, 34.1951265 ], [ 103.048092, 34.1933931 ], [ 103.0409583, 34.1878856 ], [ 103.0377439, 34.1862595 ], [ 103.0372856, 34.1862456 ], [ 103.0343601, 34.1861564 ], [ 103.0314764, 34.187143 ], [ 103.0262925, 34.1889163 ], [ 103.0215919, 34.1898773 ], [ 103.0160617, 34.1894977 ], [ 103.0143715, 34.1886928 ], [ 103.0128465, 34.1872271 ], [ 103.0110387, 34.1866947 ], [ 103.0090158, 34.186099 ], [ 103.006765, 34.185436 ], [ 103.0062522, 34.1855934 ], [ 103.0015229, 34.187044 ], [ 102.9994952, 34.187666 ], [ 102.9989659, 34.1878283 ], [ 102.9954121, 34.1889182 ], [ 102.9883261, 34.1918377 ], [ 102.9857391, 34.1929035 ], [ 102.9777783, 34.1982701 ], [ 102.9706271, 34.1983809 ], [ 102.9699002, 34.1996352 ], [ 102.9699107, 34.2017414 ], [ 102.9702276, 34.2025332 ], [ 102.9720799, 34.2068013 ], [ 102.9729215, 34.2150111 ], [ 102.9735868, 34.2242075 ], [ 102.9735122, 34.2349649 ], [ 102.97251, 34.2399894 ], [ 102.9717061, 34.244019 ], [ 102.968333, 34.2524486 ], [ 102.9682222, 34.2527257 ], [ 102.9657102, 34.2548858 ], [ 102.9641711, 34.2562093 ], [ 102.9607069, 34.2591878 ], [ 102.9586197, 34.2605228 ], [ 102.9578043, 34.2615972 ], [ 102.9589149, 34.2628439 ], [ 102.9596289, 34.2636454 ], [ 102.9596104, 34.2640738 ], [ 102.9595283, 34.2659749 ], [ 102.9594134, 34.2686339 ], [ 102.9593336, 34.2704817 ], [ 102.9584042, 34.2799598 ] ] ] ] } }
]
}
